/bin/bash: /home/yl3836/.conda/envs/mevent/lib/libtinfo.so.6: no version information available (required by /bin/bash)
/bin/bash: /home/yl3836/.conda/envs/mevent/lib/libtinfo.so.6: no version information available (required by /bin/bash)
/home/yl3836/.conda/envs/mevent/lib/python3.9/site-packages/torchvision/models/_utils.py:208: UserWarning: The parameter 'pretrained' is deprecated since 0.13 and will be removed in 0.15, please use 'weights' instead.
  warnings.warn(
/home/yl3836/.conda/envs/mevent/lib/python3.9/site-packages/torchvision/models/_utils.py:223: UserWarning: Arguments other than a weight enum or `None` for 'weights' are deprecated since 0.13 and will be removed in 0.15. The current behavior is equivalent to passing `weights=VGG16_Weights.IMAGENET1K_V1`. You can also use `weights=VGG16_Weights.DEFAULT` to get the most up-to-date weights.
  warnings.warn(msg)
/home/yl3836/.conda/envs/mevent/lib/python3.9/site-packages/torchvision/models/_utils.py:208: UserWarning: The parameter 'pretrained' is deprecated since 0.13 and will be removed in 0.15, please use 'weights' instead.
  warnings.warn(
/home/yl3836/.conda/envs/mevent/lib/python3.9/site-packages/torchvision/models/_utils.py:223: UserWarning: Arguments other than a weight enum or `None` for 'weights' are deprecated since 0.13 and will be removed in 0.15. The current behavior is equivalent to passing `weights=VGG16_Weights.IMAGENET1K_V1`. You can also use `weights=VGG16_Weights.DEFAULT` to get the most up-to-date weights.
  warnings.warn(msg)
/home/yl3836/mono_event/rpg_e2depth/e2depth/model/unet.py:59: UserWarning: To copy construct from a tensor, it is recommended to use sourceTensor.clone().detach() or sourceTensor.clone().detach().requires_grad_(True), rather than torch.tensor(sourceTensor).
  th = torch.tensor(theta_deg, device=device, dtype=dtype) * torch.pi / 180
/home/yl3836/mono_event/rpg_e2depth/e2depth/model/unet.py:408: UserWarning: To copy construct from a tensor, it is recommended to use sourceTensor.clone().detach() or sourceTensor.clone().detach().requires_grad_(True), rather than torch.tensor(sourceTensor).
  psf_list.append(torch.tensor(conv,dtype = torch.float32))
Trainable parameters: 10710401
E2VIDRecurrentPSF(
  (unetrecurrentpsf): UNetRecurrentPSF(
    (unet_recurrent): UNetRecurrent(
      (head): ConvLayer(
        (conv2d): Conv2d(5, 32, kernel_size=(5, 5), stride=(1, 1), padding=(2, 2))
      )
      (encoders): ModuleList(
        (0): RecurrentConvLayer(
          (conv): ConvLayer(
            (conv2d): Conv2d(32, 64, kernel_size=(5, 5), stride=(2, 2), padding=(2, 2))
          )
          (recurrent_block): ConvLSTM(
            (Gates): Conv2d(128, 256, kernel_size=(3, 3), stride=(1, 1), padding=(1, 1))
          )
        )
        (1): RecurrentConvLayer(
          (conv): ConvLayer(
            (conv2d): Conv2d(64, 128, kernel_size=(5, 5), stride=(2, 2), padding=(2, 2))
          )
          (recurrent_block): ConvLSTM(
            (Gates): Conv2d(256, 512, kernel_size=(3, 3), stride=(1, 1), padding=(1, 1))
          )
        )
        (2): RecurrentConvLayer(
          (conv): ConvLayer(
            (conv2d): Conv2d(128, 256, kernel_size=(5, 5), stride=(2, 2), padding=(2, 2))
          )
          (recurrent_block): ConvLSTM(
            (Gates): Conv2d(512, 1024, kernel_size=(3, 3), stride=(1, 1), padding=(1, 1))
          )
        )
      )
      (resblocks): ModuleList(
        (0): ResidualBlock(
          (conv1): Conv2d(256, 256, kernel_size=(3, 3), stride=(1, 1), padding=(1, 1))
          (relu): ReLU(inplace=True)
          (conv2): Conv2d(256, 256, kernel_size=(3, 3), stride=(1, 1), padding=(1, 1))
        )
        (1): ResidualBlock(
          (conv1): Conv2d(256, 256, kernel_size=(3, 3), stride=(1, 1), padding=(1, 1))
          (relu): ReLU(inplace=True)
          (conv2): Conv2d(256, 256, kernel_size=(3, 3), stride=(1, 1), padding=(1, 1))
        )
      )
      (decoders): ModuleList(
        (0): UpsampleConvLayer(
          (conv2d): Conv2d(256, 128, kernel_size=(5, 5), stride=(1, 1), padding=(2, 2))
        )
        (1): UpsampleConvLayer(
          (conv2d): Conv2d(128, 64, kernel_size=(5, 5), stride=(1, 1), padding=(2, 2))
        )
        (2): UpsampleConvLayer(
          (conv2d): Conv2d(64, 32, kernel_size=(5, 5), stride=(1, 1), padding=(2, 2))
        )
      )
      (pred): ConvLayer(
        (conv2d): Conv2d(32, 1, kernel_size=(1, 1), stride=(1, 1))
      )
    )
    (psf_layer): DepthDependentPSFLayer()
  )
  (psf_layer): DepthDependentPSFLayer()
)
/home/yl3836/.conda/envs/mevent/lib/python3.9/site-packages/tensorflow/python/autograph/impl/api.py:22: DeprecationWarning: the imp module is deprecated in favour of importlib; see the module's documentation for alternative uses
  import imp
/home/yl3836/.conda/envs/mevent/lib/python3.9/site-packages/torchvision/models/_utils.py:208: UserWarning: The parameter 'pretrained' is deprecated since 0.13 and will be removed in 0.15, please use 'weights' instead.
  warnings.warn(
/home/yl3836/.conda/envs/mevent/lib/python3.9/site-packages/torchvision/models/_utils.py:223: UserWarning: Arguments other than a weight enum or `None` for 'weights' are deprecated since 0.13 and will be removed in 0.15. The current behavior is equivalent to passing `weights=VGG16_Weights.IMAGENET1K_V1`. You can also use `weights=VGG16_Weights.DEFAULT` to get the most up-to-date weights.
  warnings.warn(msg)
/home/yl3836/.conda/envs/mevent/lib/python3.9/site-packages/torchvision/models/_utils.py:208: UserWarning: The parameter 'pretrained' is deprecated since 0.13 and will be removed in 0.15, please use 'weights' instead.
  warnings.warn(
/home/yl3836/.conda/envs/mevent/lib/python3.9/site-packages/torchvision/models/_utils.py:223: UserWarning: Arguments other than a weight enum or `None` for 'weights' are deprecated since 0.13 and will be removed in 0.15. The current behavior is equivalent to passing `weights=VGG16_Weights.IMAGENET1K_V1`. You can also use `weights=VGG16_Weights.DEFAULT` to get the most up-to-date weights.
  warnings.warn(msg)
/home/yl3836/.conda/envs/mevent/lib/python3.9/site-packages/torchvision/models/_utils.py:208: UserWarning: The parameter 'pretrained' is deprecated since 0.13 and will be removed in 0.15, please use 'weights' instead.
  warnings.warn(
/home/yl3836/.conda/envs/mevent/lib/python3.9/site-packages/torchvision/models/_utils.py:223: UserWarning: Arguments other than a weight enum or `None` for 'weights' are deprecated since 0.13 and will be removed in 0.15. The current behavior is equivalent to passing `weights=VGG16_Weights.IMAGENET1K_V1`. You can also use `weights=VGG16_Weights.DEFAULT` to get the most up-to-date weights.
  warnings.warn(msg)
/home/yl3836/.conda/envs/mevent/lib/python3.9/site-packages/torchvision/models/_utils.py:208: UserWarning: The parameter 'pretrained' is deprecated since 0.13 and will be removed in 0.15, please use 'weights' instead.
  warnings.warn(
/home/yl3836/.conda/envs/mevent/lib/python3.9/site-packages/torchvision/models/_utils.py:223: UserWarning: Arguments other than a weight enum or `None` for 'weights' are deprecated since 0.13 and will be removed in 0.15. The current behavior is equivalent to passing `weights=VGG16_Weights.IMAGENET1K_V1`. You can also use `weights=VGG16_Weights.DEFAULT` to get the most up-to-date weights.
  warnings.warn(msg)
/home/yl3836/.conda/envs/mevent/lib/python3.9/site-packages/torchvision/models/_utils.py:208: UserWarning: The parameter 'pretrained' is deprecated since 0.13 and will be removed in 0.15, please use 'weights' instead.
  warnings.warn(
/home/yl3836/.conda/envs/mevent/lib/python3.9/site-packages/torchvision/models/_utils.py:223: UserWarning: Arguments other than a weight enum or `None` for 'weights' are deprecated since 0.13 and will be removed in 0.15. The current behavior is equivalent to passing `weights=VGG16_Weights.IMAGENET1K_V1`. You can also use `weights=VGG16_Weights.DEFAULT` to get the most up-to-date weights.
  warnings.warn(msg)
/home/yl3836/.conda/envs/mevent/lib/python3.9/site-packages/torchvision/models/_utils.py:208: UserWarning: The parameter 'pretrained' is deprecated since 0.13 and will be removed in 0.15, please use 'weights' instead.
  warnings.warn(
/home/yl3836/.conda/envs/mevent/lib/python3.9/site-packages/torchvision/models/_utils.py:223: UserWarning: Arguments other than a weight enum or `None` for 'weights' are deprecated since 0.13 and will be removed in 0.15. The current behavior is equivalent to passing `weights=VGG16_Weights.IMAGENET1K_V1`. You can also use `weights=VGG16_Weights.DEFAULT` to get the most up-to-date weights.
  warnings.warn(msg)
/home/yl3836/.conda/envs/mevent/lib/python3.9/site-packages/torchvision/models/_utils.py:208: UserWarning: The parameter 'pretrained' is deprecated since 0.13 and will be removed in 0.15, please use 'weights' instead.
  warnings.warn(
/home/yl3836/.conda/envs/mevent/lib/python3.9/site-packages/torchvision/models/_utils.py:223: UserWarning: Arguments other than a weight enum or `None` for 'weights' are deprecated since 0.13 and will be removed in 0.15. The current behavior is equivalent to passing `weights=VGG16_Weights.IMAGENET1K_V1`. You can also use `weights=VGG16_Weights.DEFAULT` to get the most up-to-date weights.
  warnings.warn(msg)
/home/yl3836/.conda/envs/mevent/lib/python3.9/site-packages/torchvision/models/_utils.py:208: UserWarning: The parameter 'pretrained' is deprecated since 0.13 and will be removed in 0.15, please use 'weights' instead.
  warnings.warn(
/home/yl3836/.conda/envs/mevent/lib/python3.9/site-packages/torchvision/models/_utils.py:223: UserWarning: Arguments other than a weight enum or `None` for 'weights' are deprecated since 0.13 and will be removed in 0.15. The current behavior is equivalent to passing `weights=VGG16_Weights.IMAGENET1K_V1`. You can also use `weights=VGG16_Weights.DEFAULT` to get the most up-to-date weights.
  warnings.warn(msg)
/home/yl3836/.conda/envs/mevent/lib/python3.9/site-packages/torchvision/models/_utils.py:208: UserWarning: The parameter 'pretrained' is deprecated since 0.13 and will be removed in 0.15, please use 'weights' instead.
  warnings.warn(
/home/yl3836/.conda/envs/mevent/lib/python3.9/site-packages/torchvision/models/_utils.py:223: UserWarning: Arguments other than a weight enum or `None` for 'weights' are deprecated since 0.13 and will be removed in 0.15. The current behavior is equivalent to passing `weights=VGG16_Weights.IMAGENET1K_V1`. You can also use `weights=VGG16_Weights.DEFAULT` to get the most up-to-date weights.
  warnings.warn(msg)
/home/yl3836/.conda/envs/mevent/lib/python3.9/site-packages/torchvision/models/_utils.py:208: UserWarning: The parameter 'pretrained' is deprecated since 0.13 and will be removed in 0.15, please use 'weights' instead.
  warnings.warn(
/home/yl3836/.conda/envs/mevent/lib/python3.9/site-packages/torchvision/models/_utils.py:223: UserWarning: Arguments other than a weight enum or `None` for 'weights' are deprecated since 0.13 and will be removed in 0.15. The current behavior is equivalent to passing `weights=VGG16_Weights.IMAGENET1K_V1`. You can also use `weights=VGG16_Weights.DEFAULT` to get the most up-to-date weights.
  warnings.warn(msg)
/home/yl3836/.conda/envs/mevent/lib/python3.9/site-packages/torchvision/models/_utils.py:208: UserWarning: The parameter 'pretrained' is deprecated since 0.13 and will be removed in 0.15, please use 'weights' instead.
  warnings.warn(
/home/yl3836/.conda/envs/mevent/lib/python3.9/site-packages/torchvision/models/_utils.py:223: UserWarning: Arguments other than a weight enum or `None` for 'weights' are deprecated since 0.13 and will be removed in 0.15. The current behavior is equivalent to passing `weights=VGG16_Weights.IMAGENET1K_V1`. You can also use `weights=VGG16_Weights.DEFAULT` to get the most up-to-date weights.
  warnings.warn(msg)
/home/yl3836/.conda/envs/mevent/lib/python3.9/site-packages/torchvision/models/_utils.py:208: UserWarning: The parameter 'pretrained' is deprecated since 0.13 and will be removed in 0.15, please use 'weights' instead.
  warnings.warn(
/home/yl3836/.conda/envs/mevent/lib/python3.9/site-packages/torchvision/models/_utils.py:223: UserWarning: Arguments other than a weight enum or `None` for 'weights' are deprecated since 0.13 and will be removed in 0.15. The current behavior is equivalent to passing `weights=VGG16_Weights.IMAGENET1K_V1`. You can also use `weights=VGG16_Weights.DEFAULT` to get the most up-to-date weights.
  warnings.warn(msg)
/home/yl3836/.conda/envs/mevent/lib/python3.9/site-packages/torchvision/models/_utils.py:208: UserWarning: The parameter 'pretrained' is deprecated since 0.13 and will be removed in 0.15, please use 'weights' instead.
  warnings.warn(
/home/yl3836/.conda/envs/mevent/lib/python3.9/site-packages/torchvision/models/_utils.py:223: UserWarning: Arguments other than a weight enum or `None` for 'weights' are deprecated since 0.13 and will be removed in 0.15. The current behavior is equivalent to passing `weights=VGG16_Weights.IMAGENET1K_V1`. You can also use `weights=VGG16_Weights.DEFAULT` to get the most up-to-date weights.
  warnings.warn(msg)
/home/yl3836/.conda/envs/mevent/lib/python3.9/site-packages/torchvision/models/_utils.py:208: UserWarning: The parameter 'pretrained' is deprecated since 0.13 and will be removed in 0.15, please use 'weights' instead.
  warnings.warn(
/home/yl3836/.conda/envs/mevent/lib/python3.9/site-packages/torchvision/models/_utils.py:223: UserWarning: Arguments other than a weight enum or `None` for 'weights' are deprecated since 0.13 and will be removed in 0.15. The current behavior is equivalent to passing `weights=VGG16_Weights.IMAGENET1K_V1`. You can also use `weights=VGG16_Weights.DEFAULT` to get the most up-to-date weights.
  warnings.warn(msg)
Train Epoch: 1 [0/2648 (0%)] loss: 0.0244 L_si: 0.0244 L_grad: 0.0000 
Train Epoch: 1 [16/2648 (1%)] loss: 0.0248 L_si: 0.0248 L_grad: 0.0000 
[W CudaIPCTypes.cpp:92] Producer process tried to deallocate over 1000 memory blocks referred by consumer processes. Deallocation might be significantly slowed down. We assume it will never going to be the case, but if it is, please file but to https://github.com/pytorch/pytorch
[W CudaIPCTypes.cpp:92] Producer process tried to deallocate over 1000 memory blocks referred by consumer processes. Deallocation might be significantly slowed down. We assume it will never going to be the case, but if it is, please file but to https://github.com/pytorch/pytorch
[W CudaIPCTypes.cpp:92] Producer process tried to deallocate over 1000 memory blocks referred by consumer processes. Deallocation might be significantly slowed down. We assume it will never going to be the case, but if it is, please file but to https://github.com/pytorch/pytorch
[W CudaIPCTypes.cpp:92] Producer process tried to deallocate over 1000 memory blocks referred by consumer processes. Deallocation might be significantly slowed down. We assume it will never going to be the case, but if it is, please file but to https://github.com/pytorch/pytorch
Train Epoch: 1 [32/2648 (1%)] loss: 0.0229 L_si: 0.0229 L_grad: 0.0000 
Train Epoch: 1 [48/2648 (2%)] loss: 0.0241 L_si: 0.0241 L_grad: 0.0000 
Train Epoch: 1 [64/2648 (2%)] loss: 0.0250 L_si: 0.0250 L_grad: 0.0000 
Train Epoch: 1 [80/2648 (3%)] loss: 0.0247 L_si: 0.0247 L_grad: 0.0000 
Train Epoch: 1 [96/2648 (4%)] loss: 0.0227 L_si: 0.0227 L_grad: 0.0000 
Train Epoch: 1 [112/2648 (4%)] loss: 0.0191 L_si: 0.0191 L_grad: 0.0000 
Train Epoch: 1 [128/2648 (5%)] loss: 0.0171 L_si: 0.0171 L_grad: 0.0000 
Train Epoch: 1 [144/2648 (5%)] loss: 0.0192 L_si: 0.0192 L_grad: 0.0000 
Train Epoch: 1 [160/2648 (6%)] loss: 0.0169 L_si: 0.0169 L_grad: 0.0000 
Train Epoch: 1 [176/2648 (7%)] loss: 0.0222 L_si: 0.0222 L_grad: 0.0000 
Train Epoch: 1 [192/2648 (7%)] loss: 0.0185 L_si: 0.0185 L_grad: 0.0000 
Train Epoch: 1 [208/2648 (8%)] loss: 0.0196 L_si: 0.0196 L_grad: 0.0000 
Train Epoch: 1 [224/2648 (8%)] loss: 0.0147 L_si: 0.0147 L_grad: 0.0000 
Train Epoch: 1 [240/2648 (9%)] loss: 0.0202 L_si: 0.0202 L_grad: 0.0000 
Train Epoch: 1 [256/2648 (10%)] loss: 0.0187 L_si: 0.0187 L_grad: 0.0000 
Train Epoch: 1 [272/2648 (10%)] loss: 0.0196 L_si: 0.0196 L_grad: 0.0000 
Train Epoch: 1 [288/2648 (11%)] loss: 0.0178 L_si: 0.0178 L_grad: 0.0000 
Train Epoch: 1 [304/2648 (11%)] loss: 0.0168 L_si: 0.0168 L_grad: 0.0000 
Train Epoch: 1 [320/2648 (12%)] loss: 0.0195 L_si: 0.0195 L_grad: 0.0000 
Train Epoch: 1 [336/2648 (13%)] loss: 0.0182 L_si: 0.0182 L_grad: 0.0000 
Train Epoch: 1 [352/2648 (13%)] loss: 0.0206 L_si: 0.0206 L_grad: 0.0000 
Train Epoch: 1 [368/2648 (14%)] loss: 0.0175 L_si: 0.0175 L_grad: 0.0000 
Train Epoch: 1 [384/2648 (15%)] loss: 0.0184 L_si: 0.0184 L_grad: 0.0000 
Train Epoch: 1 [400/2648 (15%)] loss: 0.0162 L_si: 0.0162 L_grad: 0.0000 
Train Epoch: 1 [416/2648 (16%)] loss: 0.0163 L_si: 0.0163 L_grad: 0.0000 
Train Epoch: 1 [432/2648 (16%)] loss: 0.0166 L_si: 0.0166 L_grad: 0.0000 
Train Epoch: 1 [448/2648 (17%)] loss: 0.0191 L_si: 0.0191 L_grad: 0.0000 
Train Epoch: 1 [464/2648 (18%)] loss: 0.0169 L_si: 0.0169 L_grad: 0.0000 
Train Epoch: 1 [480/2648 (18%)] loss: 0.0172 L_si: 0.0172 L_grad: 0.0000 
Train Epoch: 1 [496/2648 (19%)] loss: 0.0158 L_si: 0.0158 L_grad: 0.0000 
Train Epoch: 1 [512/2648 (19%)] loss: 0.0168 L_si: 0.0168 L_grad: 0.0000 
Train Epoch: 1 [528/2648 (20%)] loss: 0.0136 L_si: 0.0136 L_grad: 0.0000 
Train Epoch: 1 [544/2648 (21%)] loss: 0.0156 L_si: 0.0156 L_grad: 0.0000 
Train Epoch: 1 [560/2648 (21%)] loss: 0.0156 L_si: 0.0156 L_grad: 0.0000 
Train Epoch: 1 [576/2648 (22%)] loss: 0.0148 L_si: 0.0148 L_grad: 0.0000 
Train Epoch: 1 [592/2648 (22%)] loss: 0.0138 L_si: 0.0138 L_grad: 0.0000 
Train Epoch: 1 [608/2648 (23%)] loss: 0.0128 L_si: 0.0128 L_grad: 0.0000 
Train Epoch: 1 [624/2648 (24%)] loss: 0.0168 L_si: 0.0168 L_grad: 0.0000 
Train Epoch: 1 [640/2648 (24%)] loss: 0.0158 L_si: 0.0158 L_grad: 0.0000 
Train Epoch: 1 [656/2648 (25%)] loss: 0.0153 L_si: 0.0153 L_grad: 0.0000 
Train Epoch: 1 [672/2648 (25%)] loss: 0.0159 L_si: 0.0159 L_grad: 0.0000 
Train Epoch: 1 [688/2648 (26%)] loss: 0.0149 L_si: 0.0149 L_grad: 0.0000 
Train Epoch: 1 [704/2648 (27%)] loss: 0.0154 L_si: 0.0154 L_grad: 0.0000 
Train Epoch: 1 [720/2648 (27%)] loss: 0.0138 L_si: 0.0138 L_grad: 0.0000 
Train Epoch: 1 [736/2648 (28%)] loss: 0.0140 L_si: 0.0140 L_grad: 0.0000 
Train Epoch: 1 [752/2648 (28%)] loss: 0.0146 L_si: 0.0146 L_grad: 0.0000 
Train Epoch: 1 [768/2648 (29%)] loss: 0.0144 L_si: 0.0144 L_grad: 0.0000 
Train Epoch: 1 [784/2648 (30%)] loss: 0.0115 L_si: 0.0115 L_grad: 0.0000 
Train Epoch: 1 [800/2648 (30%)] loss: 0.0139 L_si: 0.0139 L_grad: 0.0000 
Train Epoch: 1 [816/2648 (31%)] loss: 0.0128 L_si: 0.0128 L_grad: 0.0000 
Train Epoch: 1 [832/2648 (31%)] loss: 0.0129 L_si: 0.0129 L_grad: 0.0000 
Train Epoch: 1 [848/2648 (32%)] loss: 0.0143 L_si: 0.0143 L_grad: 0.0000 
Train Epoch: 1 [864/2648 (33%)] loss: 0.0146 L_si: 0.0146 L_grad: 0.0000 
Train Epoch: 1 [880/2648 (33%)] loss: 0.0148 L_si: 0.0148 L_grad: 0.0000 
Train Epoch: 1 [896/2648 (34%)] loss: 0.0152 L_si: 0.0152 L_grad: 0.0000 
Train Epoch: 1 [912/2648 (34%)] loss: 0.0139 L_si: 0.0139 L_grad: 0.0000 
Train Epoch: 1 [928/2648 (35%)] loss: 0.0145 L_si: 0.0145 L_grad: 0.0000 
Train Epoch: 1 [944/2648 (36%)] loss: 0.0136 L_si: 0.0136 L_grad: 0.0000 
Train Epoch: 1 [960/2648 (36%)] loss: 0.0138 L_si: 0.0138 L_grad: 0.0000 
Train Epoch: 1 [976/2648 (37%)] loss: 0.0144 L_si: 0.0144 L_grad: 0.0000 
Train Epoch: 1 [992/2648 (37%)] loss: 0.0139 L_si: 0.0139 L_grad: 0.0000 
Train Epoch: 1 [1008/2648 (38%)] loss: 0.0138 L_si: 0.0138 L_grad: 0.0000 
Train Epoch: 1 [1024/2648 (39%)] loss: 0.0142 L_si: 0.0142 L_grad: 0.0000 
Train Epoch: 1 [1040/2648 (39%)] loss: 0.0118 L_si: 0.0118 L_grad: 0.0000 
Train Epoch: 1 [1056/2648 (40%)] loss: 0.0135 L_si: 0.0135 L_grad: 0.0000 
Train Epoch: 1 [1072/2648 (40%)] loss: 0.0139 L_si: 0.0139 L_grad: 0.0000 
Train Epoch: 1 [1088/2648 (41%)] loss: 0.0148 L_si: 0.0148 L_grad: 0.0000 
Train Epoch: 1 [1104/2648 (42%)] loss: 0.0143 L_si: 0.0143 L_grad: 0.0000 
Train Epoch: 1 [1120/2648 (42%)] loss: 0.0112 L_si: 0.0112 L_grad: 0.0000 
Train Epoch: 1 [1136/2648 (43%)] loss: 0.0129 L_si: 0.0129 L_grad: 0.0000 
Train Epoch: 1 [1152/2648 (44%)] loss: 0.0137 L_si: 0.0137 L_grad: 0.0000 
Train Epoch: 1 [1168/2648 (44%)] loss: 0.0111 L_si: 0.0111 L_grad: 0.0000 
Train Epoch: 1 [1184/2648 (45%)] loss: 0.0134 L_si: 0.0134 L_grad: 0.0000 
Train Epoch: 1 [1200/2648 (45%)] loss: 0.0112 L_si: 0.0112 L_grad: 0.0000 
Train Epoch: 1 [1216/2648 (46%)] loss: 0.0134 L_si: 0.0134 L_grad: 0.0000 
Train Epoch: 1 [1232/2648 (47%)] loss: 0.0118 L_si: 0.0118 L_grad: 0.0000 
Train Epoch: 1 [1248/2648 (47%)] loss: 0.0112 L_si: 0.0112 L_grad: 0.0000 
Train Epoch: 1 [1264/2648 (48%)] loss: 0.0124 L_si: 0.0124 L_grad: 0.0000 
Train Epoch: 1 [1280/2648 (48%)] loss: 0.0134 L_si: 0.0134 L_grad: 0.0000 
Train Epoch: 1 [1296/2648 (49%)] loss: 0.0123 L_si: 0.0123 L_grad: 0.0000 
Train Epoch: 1 [1312/2648 (50%)] loss: 0.0123 L_si: 0.0123 L_grad: 0.0000 
Train Epoch: 1 [1328/2648 (50%)] loss: 0.0108 L_si: 0.0108 L_grad: 0.0000 
Train Epoch: 1 [1344/2648 (51%)] loss: 0.0105 L_si: 0.0105 L_grad: 0.0000 
Train Epoch: 1 [1360/2648 (51%)] loss: 0.0127 L_si: 0.0127 L_grad: 0.0000 
Train Epoch: 1 [1376/2648 (52%)] loss: 0.0110 L_si: 0.0110 L_grad: 0.0000 
Train Epoch: 1 [1392/2648 (53%)] loss: 0.0124 L_si: 0.0124 L_grad: 0.0000 
Train Epoch: 1 [1408/2648 (53%)] loss: 0.0131 L_si: 0.0131 L_grad: 0.0000 
Train Epoch: 1 [1424/2648 (54%)] loss: 0.0116 L_si: 0.0116 L_grad: 0.0000 
Train Epoch: 1 [1440/2648 (54%)] loss: 0.0114 L_si: 0.0114 L_grad: 0.0000 
Train Epoch: 1 [1456/2648 (55%)] loss: 0.0115 L_si: 0.0115 L_grad: 0.0000 
Train Epoch: 1 [1472/2648 (56%)] loss: 0.0099 L_si: 0.0099 L_grad: 0.0000 
Train Epoch: 1 [1488/2648 (56%)] loss: 0.0127 L_si: 0.0127 L_grad: 0.0000 
Train Epoch: 1 [1504/2648 (57%)] loss: 0.0125 L_si: 0.0125 L_grad: 0.0000 
Train Epoch: 1 [1520/2648 (57%)] loss: 0.0128 L_si: 0.0128 L_grad: 0.0000 
[W CudaIPCTypes.cpp:92] Producer process tried to deallocate over 1000 memory blocks referred by consumer processes. Deallocation might be significantly slowed down. We assume it will never going to be the case, but if it is, please file but to https://github.com/pytorch/pytorch
Train Epoch: 1 [1536/2648 (58%)] loss: 0.0125 L_si: 0.0125 L_grad: 0.0000 
Train Epoch: 1 [1552/2648 (59%)] loss: 0.0130 L_si: 0.0130 L_grad: 0.0000 
Train Epoch: 1 [1568/2648 (59%)] loss: 0.0132 L_si: 0.0132 L_grad: 0.0000 
Train Epoch: 1 [1584/2648 (60%)] loss: 0.0133 L_si: 0.0133 L_grad: 0.0000 
Train Epoch: 1 [1600/2648 (60%)] loss: 0.0119 L_si: 0.0119 L_grad: 0.0000 
Train Epoch: 1 [1616/2648 (61%)] loss: 0.0116 L_si: 0.0116 L_grad: 0.0000 
Train Epoch: 1 [1632/2648 (62%)] loss: 0.0116 L_si: 0.0116 L_grad: 0.0000 
Train Epoch: 1 [1648/2648 (62%)] loss: 0.0124 L_si: 0.0124 L_grad: 0.0000 
Train Epoch: 1 [1664/2648 (63%)] loss: 0.0096 L_si: 0.0096 L_grad: 0.0000 
Train Epoch: 1 [1680/2648 (63%)] loss: 0.0087 L_si: 0.0087 L_grad: 0.0000 
Train Epoch: 1 [1696/2648 (64%)] loss: 0.0113 L_si: 0.0113 L_grad: 0.0000 
Train Epoch: 1 [1712/2648 (65%)] loss: 0.0095 L_si: 0.0095 L_grad: 0.0000 
Train Epoch: 1 [1728/2648 (65%)] loss: 0.0091 L_si: 0.0091 L_grad: 0.0000 
Train Epoch: 1 [1744/2648 (66%)] loss: 0.0112 L_si: 0.0112 L_grad: 0.0000 
Train Epoch: 1 [1760/2648 (66%)] loss: 0.0107 L_si: 0.0107 L_grad: 0.0000 
Train Epoch: 1 [1776/2648 (67%)] loss: 0.0112 L_si: 0.0112 L_grad: 0.0000 
Train Epoch: 1 [1792/2648 (68%)] loss: 0.0119 L_si: 0.0119 L_grad: 0.0000 
Train Epoch: 1 [1808/2648 (68%)] loss: 0.0095 L_si: 0.0095 L_grad: 0.0000 
Train Epoch: 1 [1824/2648 (69%)] loss: 0.0101 L_si: 0.0101 L_grad: 0.0000 
Train Epoch: 1 [1840/2648 (69%)] loss: 0.0115 L_si: 0.0115 L_grad: 0.0000 
Train Epoch: 1 [1856/2648 (70%)] loss: 0.0100 L_si: 0.0100 L_grad: 0.0000 
Train Epoch: 1 [1872/2648 (71%)] loss: 0.0115 L_si: 0.0115 L_grad: 0.0000 
Train Epoch: 1 [1888/2648 (71%)] loss: 0.0110 L_si: 0.0110 L_grad: 0.0000 
Train Epoch: 1 [1904/2648 (72%)] loss: 0.0097 L_si: 0.0097 L_grad: 0.0000 
Train Epoch: 1 [1920/2648 (73%)] loss: 0.0100 L_si: 0.0100 L_grad: 0.0000 
Train Epoch: 1 [1936/2648 (73%)] loss: 0.0109 L_si: 0.0109 L_grad: 0.0000 
Train Epoch: 1 [1952/2648 (74%)] loss: 0.0110 L_si: 0.0110 L_grad: 0.0000 
Train Epoch: 1 [1968/2648 (74%)] loss: 0.0110 L_si: 0.0110 L_grad: 0.0000 
Train Epoch: 1 [1984/2648 (75%)] loss: 0.0102 L_si: 0.0102 L_grad: 0.0000 
Train Epoch: 1 [2000/2648 (76%)] loss: 0.0086 L_si: 0.0086 L_grad: 0.0000 
Train Epoch: 1 [2016/2648 (76%)] loss: 0.0095 L_si: 0.0095 L_grad: 0.0000 
Train Epoch: 1 [2032/2648 (77%)] loss: 0.0091 L_si: 0.0091 L_grad: 0.0000 
Train Epoch: 1 [2048/2648 (77%)] loss: 0.0115 L_si: 0.0115 L_grad: 0.0000 
Train Epoch: 1 [2064/2648 (78%)] loss: 0.0106 L_si: 0.0106 L_grad: 0.0000 
Train Epoch: 1 [2080/2648 (79%)] loss: 0.0106 L_si: 0.0106 L_grad: 0.0000 
Train Epoch: 1 [2096/2648 (79%)] loss: 0.0102 L_si: 0.0102 L_grad: 0.0000 
Train Epoch: 1 [2112/2648 (80%)] loss: 0.0084 L_si: 0.0084 L_grad: 0.0000 
Train Epoch: 1 [2128/2648 (80%)] loss: 0.0115 L_si: 0.0115 L_grad: 0.0000 
Train Epoch: 1 [2144/2648 (81%)] loss: 0.0083 L_si: 0.0083 L_grad: 0.0000 
Train Epoch: 1 [2160/2648 (82%)] loss: 0.0105 L_si: 0.0105 L_grad: 0.0000 
Train Epoch: 1 [2176/2648 (82%)] loss: 0.0093 L_si: 0.0093 L_grad: 0.0000 
Train Epoch: 1 [2192/2648 (83%)] loss: 0.0095 L_si: 0.0095 L_grad: 0.0000 
Train Epoch: 1 [2208/2648 (83%)] loss: 0.0095 L_si: 0.0095 L_grad: 0.0000 
Train Epoch: 1 [2224/2648 (84%)] loss: 0.0093 L_si: 0.0093 L_grad: 0.0000 
Train Epoch: 1 [2240/2648 (85%)] loss: 0.0108 L_si: 0.0108 L_grad: 0.0000 
Train Epoch: 1 [2256/2648 (85%)] loss: 0.0084 L_si: 0.0084 L_grad: 0.0000 
Train Epoch: 1 [2272/2648 (86%)] loss: 0.0091 L_si: 0.0091 L_grad: 0.0000 
Train Epoch: 1 [2288/2648 (86%)] loss: 0.0090 L_si: 0.0090 L_grad: 0.0000 
Train Epoch: 1 [2304/2648 (87%)] loss: 0.0086 L_si: 0.0086 L_grad: 0.0000 
Train Epoch: 1 [2320/2648 (88%)] loss: 0.0097 L_si: 0.0097 L_grad: 0.0000 
Train Epoch: 1 [2336/2648 (88%)] loss: 0.0096 L_si: 0.0096 L_grad: 0.0000 
Train Epoch: 1 [2352/2648 (89%)] loss: 0.0107 L_si: 0.0107 L_grad: 0.0000 
Train Epoch: 1 [2368/2648 (89%)] loss: 0.0099 L_si: 0.0099 L_grad: 0.0000 
Train Epoch: 1 [2384/2648 (90%)] loss: 0.0096 L_si: 0.0096 L_grad: 0.0000 
Train Epoch: 1 [2400/2648 (91%)] loss: 0.0086 L_si: 0.0086 L_grad: 0.0000 
Train Epoch: 1 [2416/2648 (91%)] loss: 0.0090 L_si: 0.0090 L_grad: 0.0000 
Train Epoch: 1 [2432/2648 (92%)] loss: 0.0094 L_si: 0.0094 L_grad: 0.0000 
Train Epoch: 1 [2448/2648 (92%)] loss: 0.0088 L_si: 0.0088 L_grad: 0.0000 
Train Epoch: 1 [2464/2648 (93%)] loss: 0.0105 L_si: 0.0105 L_grad: 0.0000 
Train Epoch: 1 [2480/2648 (94%)] loss: 0.0099 L_si: 0.0099 L_grad: 0.0000 
Train Epoch: 1 [2496/2648 (94%)] loss: 0.0100 L_si: 0.0100 L_grad: 0.0000 
Train Epoch: 1 [2512/2648 (95%)] loss: 0.0093 L_si: 0.0093 L_grad: 0.0000 
Train Epoch: 1 [2528/2648 (95%)] loss: 0.0102 L_si: 0.0102 L_grad: 0.0000 
Train Epoch: 1 [2544/2648 (96%)] loss: 0.0081 L_si: 0.0081 L_grad: 0.0000 
Train Epoch: 1 [2560/2648 (97%)] loss: 0.0100 L_si: 0.0100 L_grad: 0.0000 
Train Epoch: 1 [2576/2648 (97%)] loss: 0.0090 L_si: 0.0090 L_grad: 0.0000 
Train Epoch: 1 [2592/2648 (98%)] loss: 0.0077 L_si: 0.0077 L_grad: 0.0000 
Train Epoch: 1 [2608/2648 (98%)] loss: 0.0089 L_si: 0.0089 L_grad: 0.0000 
Train Epoch: 1 [2624/2648 (99%)] loss: 0.0095 L_si: 0.0095 L_grad: 0.0000 
Train Epoch: 1 [2640/2648 (100%)] loss: 0.0098 L_si: 0.0098 L_grad: 0.0000 
[W CudaIPCTypes.cpp:15] Producer process has been terminated before all shared CUDA tensors released. See Note [Sharing CUDA tensors]
/home/yl3836/.conda/envs/mevent/lib/python3.9/site-packages/torchvision/models/_utils.py:208: UserWarning: The parameter 'pretrained' is deprecated since 0.13 and will be removed in 0.15, please use 'weights' instead.
  warnings.warn(
/home/yl3836/.conda/envs/mevent/lib/python3.9/site-packages/torchvision/models/_utils.py:223: UserWarning: Arguments other than a weight enum or `None` for 'weights' are deprecated since 0.13 and will be removed in 0.15. The current behavior is equivalent to passing `weights=VGG16_Weights.IMAGENET1K_V1`. You can also use `weights=VGG16_Weights.DEFAULT` to get the most up-to-date weights.
  warnings.warn(msg)
/home/yl3836/.conda/envs/mevent/lib/python3.9/site-packages/torchvision/models/_utils.py:208: UserWarning: The parameter 'pretrained' is deprecated since 0.13 and will be removed in 0.15, please use 'weights' instead.
  warnings.warn(
/home/yl3836/.conda/envs/mevent/lib/python3.9/site-packages/torchvision/models/_utils.py:223: UserWarning: Arguments other than a weight enum or `None` for 'weights' are deprecated since 0.13 and will be removed in 0.15. The current behavior is equivalent to passing `weights=VGG16_Weights.IMAGENET1K_V1`. You can also use `weights=VGG16_Weights.DEFAULT` to get the most up-to-date weights.
  warnings.warn(msg)
/home/yl3836/.conda/envs/mevent/lib/python3.9/site-packages/torchvision/models/_utils.py:208: UserWarning: The parameter 'pretrained' is deprecated since 0.13 and will be removed in 0.15, please use 'weights' instead.
  warnings.warn(
/home/yl3836/.conda/envs/mevent/lib/python3.9/site-packages/torchvision/models/_utils.py:223: UserWarning: Arguments other than a weight enum or `None` for 'weights' are deprecated since 0.13 and will be removed in 0.15. The current behavior is equivalent to passing `weights=VGG16_Weights.IMAGENET1K_V1`. You can also use `weights=VGG16_Weights.DEFAULT` to get the most up-to-date weights.
  warnings.warn(msg)
/home/yl3836/.conda/envs/mevent/lib/python3.9/site-packages/torchvision/models/_utils.py:208: UserWarning: The parameter 'pretrained' is deprecated since 0.13 and will be removed in 0.15, please use 'weights' instead.
  warnings.warn(
/home/yl3836/.conda/envs/mevent/lib/python3.9/site-packages/torchvision/models/_utils.py:223: UserWarning: Arguments other than a weight enum or `None` for 'weights' are deprecated since 0.13 and will be removed in 0.15. The current behavior is equivalent to passing `weights=VGG16_Weights.IMAGENET1K_V1`. You can also use `weights=VGG16_Weights.DEFAULT` to get the most up-to-date weights.
  warnings.warn(msg)
/home/yl3836/.conda/envs/mevent/lib/python3.9/site-packages/torchvision/models/_utils.py:208: UserWarning: The parameter 'pretrained' is deprecated since 0.13 and will be removed in 0.15, please use 'weights' instead.
  warnings.warn(
/home/yl3836/.conda/envs/mevent/lib/python3.9/site-packages/torchvision/models/_utils.py:223: UserWarning: Arguments other than a weight enum or `None` for 'weights' are deprecated since 0.13 and will be removed in 0.15. The current behavior is equivalent to passing `weights=VGG16_Weights.IMAGENET1K_V1`. You can also use `weights=VGG16_Weights.DEFAULT` to get the most up-to-date weights.
  warnings.warn(msg)
/home/yl3836/.conda/envs/mevent/lib/python3.9/site-packages/torchvision/models/_utils.py:208: UserWarning: The parameter 'pretrained' is deprecated since 0.13 and will be removed in 0.15, please use 'weights' instead.
  warnings.warn(
/home/yl3836/.conda/envs/mevent/lib/python3.9/site-packages/torchvision/models/_utils.py:223: UserWarning: Arguments other than a weight enum or `None` for 'weights' are deprecated since 0.13 and will be removed in 0.15. The current behavior is equivalent to passing `weights=VGG16_Weights.IMAGENET1K_V1`. You can also use `weights=VGG16_Weights.DEFAULT` to get the most up-to-date weights.
  warnings.warn(msg)
/home/yl3836/.conda/envs/mevent/lib/python3.9/site-packages/torchvision/models/_utils.py:208: UserWarning: The parameter 'pretrained' is deprecated since 0.13 and will be removed in 0.15, please use 'weights' instead.
  warnings.warn(
/home/yl3836/.conda/envs/mevent/lib/python3.9/site-packages/torchvision/models/_utils.py:223: UserWarning: Arguments other than a weight enum or `None` for 'weights' are deprecated since 0.13 and will be removed in 0.15. The current behavior is equivalent to passing `weights=VGG16_Weights.IMAGENET1K_V1`. You can also use `weights=VGG16_Weights.DEFAULT` to get the most up-to-date weights.
  warnings.warn(msg)
/home/yl3836/.conda/envs/mevent/lib/python3.9/site-packages/torchvision/models/_utils.py:208: UserWarning: The parameter 'pretrained' is deprecated since 0.13 and will be removed in 0.15, please use 'weights' instead.
  warnings.warn(
/home/yl3836/.conda/envs/mevent/lib/python3.9/site-packages/torchvision/models/_utils.py:223: UserWarning: Arguments other than a weight enum or `None` for 'weights' are deprecated since 0.13 and will be removed in 0.15. The current behavior is equivalent to passing `weights=VGG16_Weights.IMAGENET1K_V1`. You can also use `weights=VGG16_Weights.DEFAULT` to get the most up-to-date weights.
  warnings.warn(msg)
/home/yl3836/.conda/envs/mevent/lib/python3.9/site-packages/torchvision/models/_utils.py:208: UserWarning: The parameter 'pretrained' is deprecated since 0.13 and will be removed in 0.15, please use 'weights' instead.
  warnings.warn(
/home/yl3836/.conda/envs/mevent/lib/python3.9/site-packages/torchvision/models/_utils.py:223: UserWarning: Arguments other than a weight enum or `None` for 'weights' are deprecated since 0.13 and will be removed in 0.15. The current behavior is equivalent to passing `weights=VGG16_Weights.IMAGENET1K_V1`. You can also use `weights=VGG16_Weights.DEFAULT` to get the most up-to-date weights.
  warnings.warn(msg)
/home/yl3836/.conda/envs/mevent/lib/python3.9/site-packages/torchvision/models/_utils.py:208: UserWarning: The parameter 'pretrained' is deprecated since 0.13 and will be removed in 0.15, please use 'weights' instead.
  warnings.warn(
/home/yl3836/.conda/envs/mevent/lib/python3.9/site-packages/torchvision/models/_utils.py:223: UserWarning: Arguments other than a weight enum or `None` for 'weights' are deprecated since 0.13 and will be removed in 0.15. The current behavior is equivalent to passing `weights=VGG16_Weights.IMAGENET1K_V1`. You can also use `weights=VGG16_Weights.DEFAULT` to get the most up-to-date weights.
  warnings.warn(msg)
/home/yl3836/.conda/envs/mevent/lib/python3.9/site-packages/torchvision/models/_utils.py:208: UserWarning: The parameter 'pretrained' is deprecated since 0.13 and will be removed in 0.15, please use 'weights' instead.
  warnings.warn(
/home/yl3836/.conda/envs/mevent/lib/python3.9/site-packages/torchvision/models/_utils.py:223: UserWarning: Arguments other than a weight enum or `None` for 'weights' are deprecated since 0.13 and will be removed in 0.15. The current behavior is equivalent to passing `weights=VGG16_Weights.IMAGENET1K_V1`. You can also use `weights=VGG16_Weights.DEFAULT` to get the most up-to-date weights.
  warnings.warn(msg)
/home/yl3836/.conda/envs/mevent/lib/python3.9/site-packages/torchvision/models/_utils.py:208: UserWarning: The parameter 'pretrained' is deprecated since 0.13 and will be removed in 0.15, please use 'weights' instead.
  warnings.warn(
/home/yl3836/.conda/envs/mevent/lib/python3.9/site-packages/torchvision/models/_utils.py:223: UserWarning: Arguments other than a weight enum or `None` for 'weights' are deprecated since 0.13 and will be removed in 0.15. The current behavior is equivalent to passing `weights=VGG16_Weights.IMAGENET1K_V1`. You can also use `weights=VGG16_Weights.DEFAULT` to get the most up-to-date weights.
  warnings.warn(msg)
/home/yl3836/.conda/envs/mevent/lib/python3.9/site-packages/torchvision/models/_utils.py:208: UserWarning: The parameter 'pretrained' is deprecated since 0.13 and will be removed in 0.15, please use 'weights' instead.
  warnings.warn(
/home/yl3836/.conda/envs/mevent/lib/python3.9/site-packages/torchvision/models/_utils.py:223: UserWarning: Arguments other than a weight enum or `None` for 'weights' are deprecated since 0.13 and will be removed in 0.15. The current behavior is equivalent to passing `weights=VGG16_Weights.IMAGENET1K_V1`. You can also use `weights=VGG16_Weights.DEFAULT` to get the most up-to-date weights.
  warnings.warn(msg)
/home/yl3836/.conda/envs/mevent/lib/python3.9/site-packages/torchvision/models/_utils.py:208: UserWarning: The parameter 'pretrained' is deprecated since 0.13 and will be removed in 0.15, please use 'weights' instead.
  warnings.warn(
/home/yl3836/.conda/envs/mevent/lib/python3.9/site-packages/torchvision/models/_utils.py:223: UserWarning: Arguments other than a weight enum or `None` for 'weights' are deprecated since 0.13 and will be removed in 0.15. The current behavior is equivalent to passing `weights=VGG16_Weights.IMAGENET1K_V1`. You can also use `weights=VGG16_Weights.DEFAULT` to get the most up-to-date weights.
  warnings.warn(msg)
Validation: [0/888 (0%)]
Validation: [16/888 (2%)]
Validation: [32/888 (4%)]
Validation: [48/888 (5%)]
[W CudaIPCTypes.cpp:92] Producer process tried to deallocate over 1000 memory blocks referred by consumer processes. Deallocation might be significantly slowed down. We assume it will never going to be the case, but if it is, please file but to https://github.com/pytorch/pytorch
Validation: [64/888 (7%)]
Validation: [80/888 (9%)]
Validation: [96/888 (11%)]
Validation: [112/888 (13%)]
Validation: [128/888 (14%)]
Validation: [144/888 (16%)]
Validation: [160/888 (18%)]
Validation: [176/888 (20%)]
Validation: [192/888 (22%)]
Validation: [208/888 (23%)]
Validation: [224/888 (25%)]
Validation: [240/888 (27%)]
Validation: [256/888 (29%)]
Validation: [272/888 (31%)]
Validation: [288/888 (32%)]
Validation: [304/888 (34%)]
Validation: [320/888 (36%)]
Validation: [336/888 (38%)]
Validation: [352/888 (40%)]
Validation: [368/888 (41%)]
Validation: [384/888 (43%)]
Validation: [400/888 (45%)]
Validation: [416/888 (47%)]
Validation: [432/888 (49%)]
Validation: [448/888 (50%)]
Validation: [464/888 (52%)]
Validation: [480/888 (54%)]
Validation: [496/888 (56%)]
Validation: [512/888 (58%)]
Validation: [528/888 (59%)]
Validation: [544/888 (61%)]
Validation: [560/888 (63%)]
Validation: [576/888 (65%)]
Validation: [592/888 (67%)]
Validation: [608/888 (68%)]
Validation: [624/888 (70%)]
Validation: [640/888 (72%)]
Validation: [656/888 (74%)]
Validation: [672/888 (76%)]
Validation: [688/888 (77%)]
Validation: [704/888 (79%)]
Validation: [720/888 (81%)]
Validation: [736/888 (83%)]
Validation: [752/888 (85%)]
Validation: [768/888 (86%)]
Validation: [784/888 (88%)]
Validation: [800/888 (90%)]
Validation: [816/888 (92%)]
Validation: [832/888 (94%)]
Validation: [848/888 (95%)]
Validation: [864/888 (97%)]
Validation: [880/888 (99%)]
[W CudaIPCTypes.cpp:15] Producer process has been terminated before all shared CUDA tensors released. See Note [Sharing CUDA tensors]
Saving current best: model_best.pth.tar ...
/home/yl3836/.conda/envs/mevent/lib/python3.9/site-packages/torchvision/models/_utils.py:208: UserWarning: The parameter 'pretrained' is deprecated since 0.13 and will be removed in 0.15, please use 'weights' instead.
  warnings.warn(
/home/yl3836/.conda/envs/mevent/lib/python3.9/site-packages/torchvision/models/_utils.py:223: UserWarning: Arguments other than a weight enum or `None` for 'weights' are deprecated since 0.13 and will be removed in 0.15. The current behavior is equivalent to passing `weights=VGG16_Weights.IMAGENET1K_V1`. You can also use `weights=VGG16_Weights.DEFAULT` to get the most up-to-date weights.
  warnings.warn(msg)
/home/yl3836/.conda/envs/mevent/lib/python3.9/site-packages/torchvision/models/_utils.py:208: UserWarning: The parameter 'pretrained' is deprecated since 0.13 and will be removed in 0.15, please use 'weights' instead.
  warnings.warn(
/home/yl3836/.conda/envs/mevent/lib/python3.9/site-packages/torchvision/models/_utils.py:223: UserWarning: Arguments other than a weight enum or `None` for 'weights' are deprecated since 0.13 and will be removed in 0.15. The current behavior is equivalent to passing `weights=VGG16_Weights.IMAGENET1K_V1`. You can also use `weights=VGG16_Weights.DEFAULT` to get the most up-to-date weights.
  warnings.warn(msg)
/home/yl3836/.conda/envs/mevent/lib/python3.9/site-packages/torchvision/models/_utils.py:208: UserWarning: The parameter 'pretrained' is deprecated since 0.13 and will be removed in 0.15, please use 'weights' instead.
  warnings.warn(
/home/yl3836/.conda/envs/mevent/lib/python3.9/site-packages/torchvision/models/_utils.py:223: UserWarning: Arguments other than a weight enum or `None` for 'weights' are deprecated since 0.13 and will be removed in 0.15. The current behavior is equivalent to passing `weights=VGG16_Weights.IMAGENET1K_V1`. You can also use `weights=VGG16_Weights.DEFAULT` to get the most up-to-date weights.
  warnings.warn(msg)
/home/yl3836/.conda/envs/mevent/lib/python3.9/site-packages/torchvision/models/_utils.py:208: UserWarning: The parameter 'pretrained' is deprecated since 0.13 and will be removed in 0.15, please use 'weights' instead.
  warnings.warn(
/home/yl3836/.conda/envs/mevent/lib/python3.9/site-packages/torchvision/models/_utils.py:223: UserWarning: Arguments other than a weight enum or `None` for 'weights' are deprecated since 0.13 and will be removed in 0.15. The current behavior is equivalent to passing `weights=VGG16_Weights.IMAGENET1K_V1`. You can also use `weights=VGG16_Weights.DEFAULT` to get the most up-to-date weights.
  warnings.warn(msg)
/home/yl3836/.conda/envs/mevent/lib/python3.9/site-packages/torchvision/models/_utils.py:208: UserWarning: The parameter 'pretrained' is deprecated since 0.13 and will be removed in 0.15, please use 'weights' instead.
  warnings.warn(
/home/yl3836/.conda/envs/mevent/lib/python3.9/site-packages/torchvision/models/_utils.py:223: UserWarning: Arguments other than a weight enum or `None` for 'weights' are deprecated since 0.13 and will be removed in 0.15. The current behavior is equivalent to passing `weights=VGG16_Weights.IMAGENET1K_V1`. You can also use `weights=VGG16_Weights.DEFAULT` to get the most up-to-date weights.
  warnings.warn(msg)
/home/yl3836/.conda/envs/mevent/lib/python3.9/site-packages/torchvision/models/_utils.py:208: UserWarning: The parameter 'pretrained' is deprecated since 0.13 and will be removed in 0.15, please use 'weights' instead.
  warnings.warn(
/home/yl3836/.conda/envs/mevent/lib/python3.9/site-packages/torchvision/models/_utils.py:223: UserWarning: Arguments other than a weight enum or `None` for 'weights' are deprecated since 0.13 and will be removed in 0.15. The current behavior is equivalent to passing `weights=VGG16_Weights.IMAGENET1K_V1`. You can also use `weights=VGG16_Weights.DEFAULT` to get the most up-to-date weights.
  warnings.warn(msg)
/home/yl3836/.conda/envs/mevent/lib/python3.9/site-packages/torchvision/models/_utils.py:208: UserWarning: The parameter 'pretrained' is deprecated since 0.13 and will be removed in 0.15, please use 'weights' instead.
  warnings.warn(
/home/yl3836/.conda/envs/mevent/lib/python3.9/site-packages/torchvision/models/_utils.py:223: UserWarning: Arguments other than a weight enum or `None` for 'weights' are deprecated since 0.13 and will be removed in 0.15. The current behavior is equivalent to passing `weights=VGG16_Weights.IMAGENET1K_V1`. You can also use `weights=VGG16_Weights.DEFAULT` to get the most up-to-date weights.
  warnings.warn(msg)
/home/yl3836/.conda/envs/mevent/lib/python3.9/site-packages/torchvision/models/_utils.py:208: UserWarning: The parameter 'pretrained' is deprecated since 0.13 and will be removed in 0.15, please use 'weights' instead.
  warnings.warn(
/home/yl3836/.conda/envs/mevent/lib/python3.9/site-packages/torchvision/models/_utils.py:223: UserWarning: Arguments other than a weight enum or `None` for 'weights' are deprecated since 0.13 and will be removed in 0.15. The current behavior is equivalent to passing `weights=VGG16_Weights.IMAGENET1K_V1`. You can also use `weights=VGG16_Weights.DEFAULT` to get the most up-to-date weights.
  warnings.warn(msg)
/home/yl3836/.conda/envs/mevent/lib/python3.9/site-packages/torchvision/models/_utils.py:208: UserWarning: The parameter 'pretrained' is deprecated since 0.13 and will be removed in 0.15, please use 'weights' instead.
  warnings.warn(
/home/yl3836/.conda/envs/mevent/lib/python3.9/site-packages/torchvision/models/_utils.py:223: UserWarning: Arguments other than a weight enum or `None` for 'weights' are deprecated since 0.13 and will be removed in 0.15. The current behavior is equivalent to passing `weights=VGG16_Weights.IMAGENET1K_V1`. You can also use `weights=VGG16_Weights.DEFAULT` to get the most up-to-date weights.
  warnings.warn(msg)
/home/yl3836/.conda/envs/mevent/lib/python3.9/site-packages/torchvision/models/_utils.py:208: UserWarning: The parameter 'pretrained' is deprecated since 0.13 and will be removed in 0.15, please use 'weights' instead.
  warnings.warn(
/home/yl3836/.conda/envs/mevent/lib/python3.9/site-packages/torchvision/models/_utils.py:223: UserWarning: Arguments other than a weight enum or `None` for 'weights' are deprecated since 0.13 and will be removed in 0.15. The current behavior is equivalent to passing `weights=VGG16_Weights.IMAGENET1K_V1`. You can also use `weights=VGG16_Weights.DEFAULT` to get the most up-to-date weights.
  warnings.warn(msg)
/home/yl3836/.conda/envs/mevent/lib/python3.9/site-packages/torchvision/models/_utils.py:208: UserWarning: The parameter 'pretrained' is deprecated since 0.13 and will be removed in 0.15, please use 'weights' instead.
  warnings.warn(
/home/yl3836/.conda/envs/mevent/lib/python3.9/site-packages/torchvision/models/_utils.py:223: UserWarning: Arguments other than a weight enum or `None` for 'weights' are deprecated since 0.13 and will be removed in 0.15. The current behavior is equivalent to passing `weights=VGG16_Weights.IMAGENET1K_V1`. You can also use `weights=VGG16_Weights.DEFAULT` to get the most up-to-date weights.
  warnings.warn(msg)
/home/yl3836/.conda/envs/mevent/lib/python3.9/site-packages/torchvision/models/_utils.py:208: UserWarning: The parameter 'pretrained' is deprecated since 0.13 and will be removed in 0.15, please use 'weights' instead.
  warnings.warn(
/home/yl3836/.conda/envs/mevent/lib/python3.9/site-packages/torchvision/models/_utils.py:223: UserWarning: Arguments other than a weight enum or `None` for 'weights' are deprecated since 0.13 and will be removed in 0.15. The current behavior is equivalent to passing `weights=VGG16_Weights.IMAGENET1K_V1`. You can also use `weights=VGG16_Weights.DEFAULT` to get the most up-to-date weights.
  warnings.warn(msg)
/home/yl3836/.conda/envs/mevent/lib/python3.9/site-packages/torchvision/models/_utils.py:208: UserWarning: The parameter 'pretrained' is deprecated since 0.13 and will be removed in 0.15, please use 'weights' instead.
  warnings.warn(
/home/yl3836/.conda/envs/mevent/lib/python3.9/site-packages/torchvision/models/_utils.py:223: UserWarning: Arguments other than a weight enum or `None` for 'weights' are deprecated since 0.13 and will be removed in 0.15. The current behavior is equivalent to passing `weights=VGG16_Weights.IMAGENET1K_V1`. You can also use `weights=VGG16_Weights.DEFAULT` to get the most up-to-date weights.
  warnings.warn(msg)
/home/yl3836/.conda/envs/mevent/lib/python3.9/site-packages/torchvision/models/_utils.py:208: UserWarning: The parameter 'pretrained' is deprecated since 0.13 and will be removed in 0.15, please use 'weights' instead.
  warnings.warn(
/home/yl3836/.conda/envs/mevent/lib/python3.9/site-packages/torchvision/models/_utils.py:223: UserWarning: Arguments other than a weight enum or `None` for 'weights' are deprecated since 0.13 and will be removed in 0.15. The current behavior is equivalent to passing `weights=VGG16_Weights.IMAGENET1K_V1`. You can also use `weights=VGG16_Weights.DEFAULT` to get the most up-to-date weights.
  warnings.warn(msg)
Train Epoch: 2 [0/2648 (0%)] loss: 0.0107 L_si: 0.0107 L_grad: 0.0000 
Train Epoch: 2 [16/2648 (1%)] loss: 0.0089 L_si: 0.0089 L_grad: 0.0000 
Train Epoch: 2 [32/2648 (1%)] loss: 0.0095 L_si: 0.0095 L_grad: 0.0000 
Train Epoch: 2 [48/2648 (2%)] loss: 0.0093 L_si: 0.0093 L_grad: 0.0000 
Train Epoch: 2 [64/2648 (2%)] loss: 0.0076 L_si: 0.0076 L_grad: 0.0000 
Train Epoch: 2 [80/2648 (3%)] loss: 0.0104 L_si: 0.0104 L_grad: 0.0000 
Train Epoch: 2 [96/2648 (4%)] loss: 0.0093 L_si: 0.0093 L_grad: 0.0000 
Train Epoch: 2 [112/2648 (4%)] loss: 0.0100 L_si: 0.0100 L_grad: 0.0000 
Train Epoch: 2 [128/2648 (5%)] loss: 0.0097 L_si: 0.0097 L_grad: 0.0000 
Train Epoch: 2 [144/2648 (5%)] loss: 0.0107 L_si: 0.0107 L_grad: 0.0000 
Train Epoch: 2 [160/2648 (6%)] loss: 0.0093 L_si: 0.0093 L_grad: 0.0000 
[W CudaIPCTypes.cpp:92] Producer process tried to deallocate over 1000 memory blocks referred by consumer processes. Deallocation might be significantly slowed down. We assume it will never going to be the case, but if it is, please file but to https://github.com/pytorch/pytorch
Train Epoch: 2 [176/2648 (7%)] loss: 0.0092 L_si: 0.0092 L_grad: 0.0000 
Train Epoch: 2 [192/2648 (7%)] loss: 0.0095 L_si: 0.0095 L_grad: 0.0000 
Train Epoch: 2 [208/2648 (8%)] loss: 0.0091 L_si: 0.0091 L_grad: 0.0000 
Train Epoch: 2 [224/2648 (8%)] loss: 0.0089 L_si: 0.0089 L_grad: 0.0000 
Train Epoch: 2 [240/2648 (9%)] loss: 0.0107 L_si: 0.0107 L_grad: 0.0000 
Train Epoch: 2 [256/2648 (10%)] loss: 0.0095 L_si: 0.0095 L_grad: 0.0000 
Train Epoch: 2 [272/2648 (10%)] loss: 0.0089 L_si: 0.0089 L_grad: 0.0000 
Train Epoch: 2 [288/2648 (11%)] loss: 0.0084 L_si: 0.0084 L_grad: 0.0000 
Train Epoch: 2 [304/2648 (11%)] loss: 0.0081 L_si: 0.0081 L_grad: 0.0000 
Train Epoch: 2 [320/2648 (12%)] loss: 0.0094 L_si: 0.0094 L_grad: 0.0000 
Train Epoch: 2 [336/2648 (13%)] loss: 0.0091 L_si: 0.0091 L_grad: 0.0000 
Train Epoch: 2 [352/2648 (13%)] loss: 0.0096 L_si: 0.0096 L_grad: 0.0000 
Train Epoch: 2 [368/2648 (14%)] loss: 0.0076 L_si: 0.0076 L_grad: 0.0000 
Train Epoch: 2 [384/2648 (15%)] loss: 0.0090 L_si: 0.0090 L_grad: 0.0000 
Train Epoch: 2 [400/2648 (15%)] loss: 0.0095 L_si: 0.0095 L_grad: 0.0000 
Train Epoch: 2 [416/2648 (16%)] loss: 0.0098 L_si: 0.0098 L_grad: 0.0000 
Train Epoch: 2 [432/2648 (16%)] loss: 0.0090 L_si: 0.0090 L_grad: 0.0000 
Train Epoch: 2 [448/2648 (17%)] loss: 0.0096 L_si: 0.0096 L_grad: 0.0000 
Train Epoch: 2 [464/2648 (18%)] loss: 0.0097 L_si: 0.0097 L_grad: 0.0000 
Train Epoch: 2 [480/2648 (18%)] loss: 0.0096 L_si: 0.0096 L_grad: 0.0000 
Train Epoch: 2 [496/2648 (19%)] loss: 0.0100 L_si: 0.0100 L_grad: 0.0000 
Train Epoch: 2 [512/2648 (19%)] loss: 0.0094 L_si: 0.0094 L_grad: 0.0000 
Train Epoch: 2 [528/2648 (20%)] loss: 0.0075 L_si: 0.0075 L_grad: 0.0000 
Train Epoch: 2 [544/2648 (21%)] loss: 0.0104 L_si: 0.0104 L_grad: 0.0000 
Train Epoch: 2 [560/2648 (21%)] loss: 0.0097 L_si: 0.0097 L_grad: 0.0000 
Train Epoch: 2 [576/2648 (22%)] loss: 0.0094 L_si: 0.0094 L_grad: 0.0000 
Train Epoch: 2 [592/2648 (22%)] loss: 0.0102 L_si: 0.0102 L_grad: 0.0000 
Train Epoch: 2 [608/2648 (23%)] loss: 0.0095 L_si: 0.0095 L_grad: 0.0000 
Train Epoch: 2 [624/2648 (24%)] loss: 0.0081 L_si: 0.0081 L_grad: 0.0000 
Train Epoch: 2 [640/2648 (24%)] loss: 0.0100 L_si: 0.0100 L_grad: 0.0000 
[W CudaIPCTypes.cpp:92] Producer process tried to deallocate over 1000 memory blocks referred by consumer processes. Deallocation might be significantly slowed down. We assume it will never going to be the case, but if it is, please file but to https://github.com/pytorch/pytorch
Train Epoch: 2 [656/2648 (25%)] loss: 0.0097 L_si: 0.0097 L_grad: 0.0000 
Train Epoch: 2 [672/2648 (25%)] loss: 0.0093 L_si: 0.0093 L_grad: 0.0000 
Train Epoch: 2 [688/2648 (26%)] loss: 0.0092 L_si: 0.0092 L_grad: 0.0000 
Train Epoch: 2 [704/2648 (27%)] loss: 0.0101 L_si: 0.0101 L_grad: 0.0000 
Train Epoch: 2 [720/2648 (27%)] loss: 0.0085 L_si: 0.0085 L_grad: 0.0000 
Train Epoch: 2 [736/2648 (28%)] loss: 0.0097 L_si: 0.0097 L_grad: 0.0000 
Train Epoch: 2 [752/2648 (28%)] loss: 0.0087 L_si: 0.0087 L_grad: 0.0000 
Train Epoch: 2 [768/2648 (29%)] loss: 0.0089 L_si: 0.0089 L_grad: 0.0000 
Train Epoch: 2 [784/2648 (30%)] loss: 0.0093 L_si: 0.0093 L_grad: 0.0000 
Train Epoch: 2 [800/2648 (30%)] loss: 0.0084 L_si: 0.0084 L_grad: 0.0000 
Train Epoch: 2 [816/2648 (31%)] loss: 0.0097 L_si: 0.0097 L_grad: 0.0000 
Train Epoch: 2 [832/2648 (31%)] loss: 0.0077 L_si: 0.0077 L_grad: 0.0000 
Train Epoch: 2 [848/2648 (32%)] loss: 0.0075 L_si: 0.0075 L_grad: 0.0000 
Train Epoch: 2 [864/2648 (33%)] loss: 0.0090 L_si: 0.0090 L_grad: 0.0000 
Train Epoch: 2 [880/2648 (33%)] loss: 0.0094 L_si: 0.0094 L_grad: 0.0000 
Train Epoch: 2 [896/2648 (34%)] loss: 0.0090 L_si: 0.0090 L_grad: 0.0000 
Train Epoch: 2 [912/2648 (34%)] loss: 0.0086 L_si: 0.0086 L_grad: 0.0000 
Train Epoch: 2 [928/2648 (35%)] loss: 0.0087 L_si: 0.0087 L_grad: 0.0000 
Train Epoch: 2 [944/2648 (36%)] loss: 0.0099 L_si: 0.0099 L_grad: 0.0000 
Train Epoch: 2 [960/2648 (36%)] loss: 0.0092 L_si: 0.0092 L_grad: 0.0000 
Train Epoch: 2 [976/2648 (37%)] loss: 0.0096 L_si: 0.0096 L_grad: 0.0000 
[W CudaIPCTypes.cpp:92] Producer process tried to deallocate over 1000 memory blocks referred by consumer processes. Deallocation might be significantly slowed down. We assume it will never going to be the case, but if it is, please file but to https://github.com/pytorch/pytorch
Train Epoch: 2 [992/2648 (37%)] loss: 0.0098 L_si: 0.0098 L_grad: 0.0000 
Train Epoch: 2 [1008/2648 (38%)] loss: 0.0086 L_si: 0.0086 L_grad: 0.0000 
Train Epoch: 2 [1024/2648 (39%)] loss: 0.0091 L_si: 0.0091 L_grad: 0.0000 
Train Epoch: 2 [1040/2648 (39%)] loss: 0.0096 L_si: 0.0096 L_grad: 0.0000 
Train Epoch: 2 [1056/2648 (40%)] loss: 0.0092 L_si: 0.0092 L_grad: 0.0000 
Train Epoch: 2 [1072/2648 (40%)] loss: 0.0078 L_si: 0.0078 L_grad: 0.0000 
Train Epoch: 2 [1088/2648 (41%)] loss: 0.0092 L_si: 0.0092 L_grad: 0.0000 
Train Epoch: 2 [1104/2648 (42%)] loss: 0.0097 L_si: 0.0097 L_grad: 0.0000 
Train Epoch: 2 [1120/2648 (42%)] loss: 0.0083 L_si: 0.0083 L_grad: 0.0000 
Train Epoch: 2 [1136/2648 (43%)] loss: 0.0103 L_si: 0.0103 L_grad: 0.0000 
Train Epoch: 2 [1152/2648 (44%)] loss: 0.0081 L_si: 0.0081 L_grad: 0.0000 
Train Epoch: 2 [1168/2648 (44%)] loss: 0.0081 L_si: 0.0081 L_grad: 0.0000 
Train Epoch: 2 [1184/2648 (45%)] loss: 0.0088 L_si: 0.0088 L_grad: 0.0000 
Train Epoch: 2 [1200/2648 (45%)] loss: 0.0090 L_si: 0.0090 L_grad: 0.0000 
Train Epoch: 2 [1216/2648 (46%)] loss: 0.0089 L_si: 0.0089 L_grad: 0.0000 
Train Epoch: 2 [1232/2648 (47%)] loss: 0.0095 L_si: 0.0095 L_grad: 0.0000 
Train Epoch: 2 [1248/2648 (47%)] loss: 0.0103 L_si: 0.0103 L_grad: 0.0000 
Train Epoch: 2 [1264/2648 (48%)] loss: 0.0081 L_si: 0.0081 L_grad: 0.0000 
Train Epoch: 2 [1280/2648 (48%)] loss: 0.0097 L_si: 0.0097 L_grad: 0.0000 
Train Epoch: 2 [1296/2648 (49%)] loss: 0.0091 L_si: 0.0091 L_grad: 0.0000 
Train Epoch: 2 [1312/2648 (50%)] loss: 0.0090 L_si: 0.0090 L_grad: 0.0000 
Train Epoch: 2 [1328/2648 (50%)] loss: 0.0076 L_si: 0.0076 L_grad: 0.0000 
Train Epoch: 2 [1344/2648 (51%)] loss: 0.0094 L_si: 0.0094 L_grad: 0.0000 
Train Epoch: 2 [1360/2648 (51%)] loss: 0.0090 L_si: 0.0090 L_grad: 0.0000 
Train Epoch: 2 [1376/2648 (52%)] loss: 0.0095 L_si: 0.0095 L_grad: 0.0000 
Train Epoch: 2 [1392/2648 (53%)] loss: 0.0101 L_si: 0.0101 L_grad: 0.0000 
Train Epoch: 2 [1408/2648 (53%)] loss: 0.0066 L_si: 0.0066 L_grad: 0.0000 
Train Epoch: 2 [1424/2648 (54%)] loss: 0.0084 L_si: 0.0084 L_grad: 0.0000 
Train Epoch: 2 [1440/2648 (54%)] loss: 0.0091 L_si: 0.0091 L_grad: 0.0000 
Train Epoch: 2 [1456/2648 (55%)] loss: 0.0069 L_si: 0.0069 L_grad: 0.0000 
Train Epoch: 2 [1472/2648 (56%)] loss: 0.0098 L_si: 0.0098 L_grad: 0.0000 
[W CudaIPCTypes.cpp:92] Producer process tried to deallocate over 1000 memory blocks referred by consumer processes. Deallocation might be significantly slowed down. We assume it will never going to be the case, but if it is, please file but to https://github.com/pytorch/pytorch
Train Epoch: 2 [1488/2648 (56%)] loss: 0.0099 L_si: 0.0099 L_grad: 0.0000 
Train Epoch: 2 [1504/2648 (57%)] loss: 0.0087 L_si: 0.0087 L_grad: 0.0000 
Train Epoch: 2 [1520/2648 (57%)] loss: 0.0075 L_si: 0.0075 L_grad: 0.0000 
[W CudaIPCTypes.cpp:92] Producer process tried to deallocate over 1000 memory blocks referred by consumer processes. Deallocation might be significantly slowed down. We assume it will never going to be the case, but if it is, please file but to https://github.com/pytorch/pytorch
Train Epoch: 2 [1536/2648 (58%)] loss: 0.0085 L_si: 0.0085 L_grad: 0.0000 
Train Epoch: 2 [1552/2648 (59%)] loss: 0.0090 L_si: 0.0090 L_grad: 0.0000 
Train Epoch: 2 [1568/2648 (59%)] loss: 0.0091 L_si: 0.0091 L_grad: 0.0000 
Train Epoch: 2 [1584/2648 (60%)] loss: 0.0067 L_si: 0.0067 L_grad: 0.0000 
Train Epoch: 2 [1600/2648 (60%)] loss: 0.0074 L_si: 0.0074 L_grad: 0.0000 
Train Epoch: 2 [1616/2648 (61%)] loss: 0.0076 L_si: 0.0076 L_grad: 0.0000 
Train Epoch: 2 [1632/2648 (62%)] loss: 0.0094 L_si: 0.0094 L_grad: 0.0000 
Train Epoch: 2 [1648/2648 (62%)] loss: 0.0101 L_si: 0.0101 L_grad: 0.0000 
Train Epoch: 2 [1664/2648 (63%)] loss: 0.0079 L_si: 0.0079 L_grad: 0.0000 
Train Epoch: 2 [1680/2648 (63%)] loss: 0.0092 L_si: 0.0092 L_grad: 0.0000 
Train Epoch: 2 [1696/2648 (64%)] loss: 0.0088 L_si: 0.0088 L_grad: 0.0000 
Train Epoch: 2 [1712/2648 (65%)] loss: 0.0080 L_si: 0.0080 L_grad: 0.0000 
Train Epoch: 2 [1728/2648 (65%)] loss: 0.0082 L_si: 0.0082 L_grad: 0.0000 
Train Epoch: 2 [1744/2648 (66%)] loss: 0.0084 L_si: 0.0084 L_grad: 0.0000 
Train Epoch: 2 [1760/2648 (66%)] loss: 0.0089 L_si: 0.0089 L_grad: 0.0000 
Train Epoch: 2 [1776/2648 (67%)] loss: 0.0087 L_si: 0.0087 L_grad: 0.0000 
Train Epoch: 2 [1792/2648 (68%)] loss: 0.0091 L_si: 0.0091 L_grad: 0.0000 
Train Epoch: 2 [1808/2648 (68%)] loss: 0.0086 L_si: 0.0086 L_grad: 0.0000 
Train Epoch: 2 [1824/2648 (69%)] loss: 0.0089 L_si: 0.0089 L_grad: 0.0000 
Train Epoch: 2 [1840/2648 (69%)] loss: 0.0086 L_si: 0.0086 L_grad: 0.0000 
Train Epoch: 2 [1856/2648 (70%)] loss: 0.0082 L_si: 0.0082 L_grad: 0.0000 
Train Epoch: 2 [1872/2648 (71%)] loss: 0.0077 L_si: 0.0077 L_grad: 0.0000 
Train Epoch: 2 [1888/2648 (71%)] loss: 0.0094 L_si: 0.0094 L_grad: 0.0000 
Train Epoch: 2 [1904/2648 (72%)] loss: 0.0066 L_si: 0.0066 L_grad: 0.0000 
Train Epoch: 2 [1920/2648 (73%)] loss: 0.0076 L_si: 0.0076 L_grad: 0.0000 
Train Epoch: 2 [1936/2648 (73%)] loss: 0.0077 L_si: 0.0077 L_grad: 0.0000 
Train Epoch: 2 [1952/2648 (74%)] loss: 0.0097 L_si: 0.0097 L_grad: 0.0000 
Train Epoch: 2 [1968/2648 (74%)] loss: 0.0085 L_si: 0.0085 L_grad: 0.0000 
Train Epoch: 2 [1984/2648 (75%)] loss: 0.0084 L_si: 0.0084 L_grad: 0.0000 
Train Epoch: 2 [2000/2648 (76%)] loss: 0.0080 L_si: 0.0080 L_grad: 0.0000 
Train Epoch: 2 [2016/2648 (76%)] loss: 0.0092 L_si: 0.0092 L_grad: 0.0000 
Train Epoch: 2 [2032/2648 (77%)] loss: 0.0082 L_si: 0.0082 L_grad: 0.0000 
Train Epoch: 2 [2048/2648 (77%)] loss: 0.0084 L_si: 0.0084 L_grad: 0.0000 
Train Epoch: 2 [2064/2648 (78%)] loss: 0.0085 L_si: 0.0085 L_grad: 0.0000 
Train Epoch: 2 [2080/2648 (79%)] loss: 0.0090 L_si: 0.0090 L_grad: 0.0000 
Train Epoch: 2 [2096/2648 (79%)] loss: 0.0077 L_si: 0.0077 L_grad: 0.0000 
Train Epoch: 2 [2112/2648 (80%)] loss: 0.0097 L_si: 0.0097 L_grad: 0.0000 
Train Epoch: 2 [2128/2648 (80%)] loss: 0.0088 L_si: 0.0088 L_grad: 0.0000 
Train Epoch: 2 [2144/2648 (81%)] loss: 0.0094 L_si: 0.0094 L_grad: 0.0000 
Train Epoch: 2 [2160/2648 (82%)] loss: 0.0071 L_si: 0.0071 L_grad: 0.0000 
Train Epoch: 2 [2176/2648 (82%)] loss: 0.0070 L_si: 0.0070 L_grad: 0.0000 
Train Epoch: 2 [2192/2648 (83%)] loss: 0.0086 L_si: 0.0086 L_grad: 0.0000 
Train Epoch: 2 [2208/2648 (83%)] loss: 0.0081 L_si: 0.0081 L_grad: 0.0000 
Train Epoch: 2 [2224/2648 (84%)] loss: 0.0085 L_si: 0.0085 L_grad: 0.0000 
Train Epoch: 2 [2240/2648 (85%)] loss: 0.0080 L_si: 0.0080 L_grad: 0.0000 
Train Epoch: 2 [2256/2648 (85%)] loss: 0.0082 L_si: 0.0082 L_grad: 0.0000 
Train Epoch: 2 [2272/2648 (86%)] loss: 0.0073 L_si: 0.0073 L_grad: 0.0000 
Train Epoch: 2 [2288/2648 (86%)] loss: 0.0080 L_si: 0.0080 L_grad: 0.0000 
Train Epoch: 2 [2304/2648 (87%)] loss: 0.0086 L_si: 0.0086 L_grad: 0.0000 
Train Epoch: 2 [2320/2648 (88%)] loss: 0.0081 L_si: 0.0081 L_grad: 0.0000 
Train Epoch: 2 [2336/2648 (88%)] loss: 0.0080 L_si: 0.0080 L_grad: 0.0000 
Train Epoch: 2 [2352/2648 (89%)] loss: 0.0067 L_si: 0.0067 L_grad: 0.0000 
Train Epoch: 2 [2368/2648 (89%)] loss: 0.0080 L_si: 0.0080 L_grad: 0.0000 
Train Epoch: 2 [2384/2648 (90%)] loss: 0.0094 L_si: 0.0094 L_grad: 0.0000 
Train Epoch: 2 [2400/2648 (91%)] loss: 0.0096 L_si: 0.0096 L_grad: 0.0000 
Train Epoch: 2 [2416/2648 (91%)] loss: 0.0070 L_si: 0.0070 L_grad: 0.0000 
Train Epoch: 2 [2432/2648 (92%)] loss: 0.0076 L_si: 0.0076 L_grad: 0.0000 
Train Epoch: 2 [2448/2648 (92%)] loss: 0.0085 L_si: 0.0085 L_grad: 0.0000 
Train Epoch: 2 [2464/2648 (93%)] loss: 0.0074 L_si: 0.0074 L_grad: 0.0000 
Train Epoch: 2 [2480/2648 (94%)] loss: 0.0089 L_si: 0.0089 L_grad: 0.0000 
Train Epoch: 2 [2496/2648 (94%)] loss: 0.0084 L_si: 0.0084 L_grad: 0.0000 
Train Epoch: 2 [2512/2648 (95%)] loss: 0.0086 L_si: 0.0086 L_grad: 0.0000 
Train Epoch: 2 [2528/2648 (95%)] loss: 0.0095 L_si: 0.0095 L_grad: 0.0000 
Train Epoch: 2 [2544/2648 (96%)] loss: 0.0081 L_si: 0.0081 L_grad: 0.0000 
Train Epoch: 2 [2560/2648 (97%)] loss: 0.0100 L_si: 0.0100 L_grad: 0.0000 
Train Epoch: 2 [2576/2648 (97%)] loss: 0.0086 L_si: 0.0086 L_grad: 0.0000 
Train Epoch: 2 [2592/2648 (98%)] loss: 0.0071 L_si: 0.0071 L_grad: 0.0000 
Train Epoch: 2 [2608/2648 (98%)] loss: 0.0085 L_si: 0.0085 L_grad: 0.0000 
Train Epoch: 2 [2624/2648 (99%)] loss: 0.0082 L_si: 0.0082 L_grad: 0.0000 
Train Epoch: 2 [2640/2648 (100%)] loss: 0.0068 L_si: 0.0068 L_grad: 0.0000 
[W CudaIPCTypes.cpp:15] Producer process has been terminated before all shared CUDA tensors released. See Note [Sharing CUDA tensors]
/home/yl3836/.conda/envs/mevent/lib/python3.9/site-packages/torchvision/models/_utils.py:208: UserWarning: The parameter 'pretrained' is deprecated since 0.13 and will be removed in 0.15, please use 'weights' instead.
  warnings.warn(
/home/yl3836/.conda/envs/mevent/lib/python3.9/site-packages/torchvision/models/_utils.py:223: UserWarning: Arguments other than a weight enum or `None` for 'weights' are deprecated since 0.13 and will be removed in 0.15. The current behavior is equivalent to passing `weights=VGG16_Weights.IMAGENET1K_V1`. You can also use `weights=VGG16_Weights.DEFAULT` to get the most up-to-date weights.
  warnings.warn(msg)
/home/yl3836/.conda/envs/mevent/lib/python3.9/site-packages/torchvision/models/_utils.py:208: UserWarning: The parameter 'pretrained' is deprecated since 0.13 and will be removed in 0.15, please use 'weights' instead.
  warnings.warn(
/home/yl3836/.conda/envs/mevent/lib/python3.9/site-packages/torchvision/models/_utils.py:223: UserWarning: Arguments other than a weight enum or `None` for 'weights' are deprecated since 0.13 and will be removed in 0.15. The current behavior is equivalent to passing `weights=VGG16_Weights.IMAGENET1K_V1`. You can also use `weights=VGG16_Weights.DEFAULT` to get the most up-to-date weights.
  warnings.warn(msg)
/home/yl3836/.conda/envs/mevent/lib/python3.9/site-packages/torchvision/models/_utils.py:208: UserWarning: The parameter 'pretrained' is deprecated since 0.13 and will be removed in 0.15, please use 'weights' instead.
  warnings.warn(
/home/yl3836/.conda/envs/mevent/lib/python3.9/site-packages/torchvision/models/_utils.py:223: UserWarning: Arguments other than a weight enum or `None` for 'weights' are deprecated since 0.13 and will be removed in 0.15. The current behavior is equivalent to passing `weights=VGG16_Weights.IMAGENET1K_V1`. You can also use `weights=VGG16_Weights.DEFAULT` to get the most up-to-date weights.
  warnings.warn(msg)
/home/yl3836/.conda/envs/mevent/lib/python3.9/site-packages/torchvision/models/_utils.py:208: UserWarning: The parameter 'pretrained' is deprecated since 0.13 and will be removed in 0.15, please use 'weights' instead.
  warnings.warn(
/home/yl3836/.conda/envs/mevent/lib/python3.9/site-packages/torchvision/models/_utils.py:223: UserWarning: Arguments other than a weight enum or `None` for 'weights' are deprecated since 0.13 and will be removed in 0.15. The current behavior is equivalent to passing `weights=VGG16_Weights.IMAGENET1K_V1`. You can also use `weights=VGG16_Weights.DEFAULT` to get the most up-to-date weights.
  warnings.warn(msg)
/home/yl3836/.conda/envs/mevent/lib/python3.9/site-packages/torchvision/models/_utils.py:208: UserWarning: The parameter 'pretrained' is deprecated since 0.13 and will be removed in 0.15, please use 'weights' instead.
  warnings.warn(
/home/yl3836/.conda/envs/mevent/lib/python3.9/site-packages/torchvision/models/_utils.py:223: UserWarning: Arguments other than a weight enum or `None` for 'weights' are deprecated since 0.13 and will be removed in 0.15. The current behavior is equivalent to passing `weights=VGG16_Weights.IMAGENET1K_V1`. You can also use `weights=VGG16_Weights.DEFAULT` to get the most up-to-date weights.
  warnings.warn(msg)
/home/yl3836/.conda/envs/mevent/lib/python3.9/site-packages/torchvision/models/_utils.py:208: UserWarning: The parameter 'pretrained' is deprecated since 0.13 and will be removed in 0.15, please use 'weights' instead.
  warnings.warn(
/home/yl3836/.conda/envs/mevent/lib/python3.9/site-packages/torchvision/models/_utils.py:223: UserWarning: Arguments other than a weight enum or `None` for 'weights' are deprecated since 0.13 and will be removed in 0.15. The current behavior is equivalent to passing `weights=VGG16_Weights.IMAGENET1K_V1`. You can also use `weights=VGG16_Weights.DEFAULT` to get the most up-to-date weights.
  warnings.warn(msg)
/home/yl3836/.conda/envs/mevent/lib/python3.9/site-packages/torchvision/models/_utils.py:208: UserWarning: The parameter 'pretrained' is deprecated since 0.13 and will be removed in 0.15, please use 'weights' instead.
  warnings.warn(
/home/yl3836/.conda/envs/mevent/lib/python3.9/site-packages/torchvision/models/_utils.py:223: UserWarning: Arguments other than a weight enum or `None` for 'weights' are deprecated since 0.13 and will be removed in 0.15. The current behavior is equivalent to passing `weights=VGG16_Weights.IMAGENET1K_V1`. You can also use `weights=VGG16_Weights.DEFAULT` to get the most up-to-date weights.
  warnings.warn(msg)
/home/yl3836/.conda/envs/mevent/lib/python3.9/site-packages/torchvision/models/_utils.py:208: UserWarning: The parameter 'pretrained' is deprecated since 0.13 and will be removed in 0.15, please use 'weights' instead.
  warnings.warn(
/home/yl3836/.conda/envs/mevent/lib/python3.9/site-packages/torchvision/models/_utils.py:223: UserWarning: Arguments other than a weight enum or `None` for 'weights' are deprecated since 0.13 and will be removed in 0.15. The current behavior is equivalent to passing `weights=VGG16_Weights.IMAGENET1K_V1`. You can also use `weights=VGG16_Weights.DEFAULT` to get the most up-to-date weights.
  warnings.warn(msg)
/home/yl3836/.conda/envs/mevent/lib/python3.9/site-packages/torchvision/models/_utils.py:208: UserWarning: The parameter 'pretrained' is deprecated since 0.13 and will be removed in 0.15, please use 'weights' instead.
  warnings.warn(
/home/yl3836/.conda/envs/mevent/lib/python3.9/site-packages/torchvision/models/_utils.py:223: UserWarning: Arguments other than a weight enum or `None` for 'weights' are deprecated since 0.13 and will be removed in 0.15. The current behavior is equivalent to passing `weights=VGG16_Weights.IMAGENET1K_V1`. You can also use `weights=VGG16_Weights.DEFAULT` to get the most up-to-date weights.
  warnings.warn(msg)
/home/yl3836/.conda/envs/mevent/lib/python3.9/site-packages/torchvision/models/_utils.py:208: UserWarning: The parameter 'pretrained' is deprecated since 0.13 and will be removed in 0.15, please use 'weights' instead.
  warnings.warn(
/home/yl3836/.conda/envs/mevent/lib/python3.9/site-packages/torchvision/models/_utils.py:223: UserWarning: Arguments other than a weight enum or `None` for 'weights' are deprecated since 0.13 and will be removed in 0.15. The current behavior is equivalent to passing `weights=VGG16_Weights.IMAGENET1K_V1`. You can also use `weights=VGG16_Weights.DEFAULT` to get the most up-to-date weights.
  warnings.warn(msg)
/home/yl3836/.conda/envs/mevent/lib/python3.9/site-packages/torchvision/models/_utils.py:208: UserWarning: The parameter 'pretrained' is deprecated since 0.13 and will be removed in 0.15, please use 'weights' instead.
  warnings.warn(
/home/yl3836/.conda/envs/mevent/lib/python3.9/site-packages/torchvision/models/_utils.py:223: UserWarning: Arguments other than a weight enum or `None` for 'weights' are deprecated since 0.13 and will be removed in 0.15. The current behavior is equivalent to passing `weights=VGG16_Weights.IMAGENET1K_V1`. You can also use `weights=VGG16_Weights.DEFAULT` to get the most up-to-date weights.
  warnings.warn(msg)
/home/yl3836/.conda/envs/mevent/lib/python3.9/site-packages/torchvision/models/_utils.py:208: UserWarning: The parameter 'pretrained' is deprecated since 0.13 and will be removed in 0.15, please use 'weights' instead.
  warnings.warn(
/home/yl3836/.conda/envs/mevent/lib/python3.9/site-packages/torchvision/models/_utils.py:223: UserWarning: Arguments other than a weight enum or `None` for 'weights' are deprecated since 0.13 and will be removed in 0.15. The current behavior is equivalent to passing `weights=VGG16_Weights.IMAGENET1K_V1`. You can also use `weights=VGG16_Weights.DEFAULT` to get the most up-to-date weights.
  warnings.warn(msg)
/home/yl3836/.conda/envs/mevent/lib/python3.9/site-packages/torchvision/models/_utils.py:208: UserWarning: The parameter 'pretrained' is deprecated since 0.13 and will be removed in 0.15, please use 'weights' instead.
  warnings.warn(
/home/yl3836/.conda/envs/mevent/lib/python3.9/site-packages/torchvision/models/_utils.py:223: UserWarning: Arguments other than a weight enum or `None` for 'weights' are deprecated since 0.13 and will be removed in 0.15. The current behavior is equivalent to passing `weights=VGG16_Weights.IMAGENET1K_V1`. You can also use `weights=VGG16_Weights.DEFAULT` to get the most up-to-date weights.
  warnings.warn(msg)
/home/yl3836/.conda/envs/mevent/lib/python3.9/site-packages/torchvision/models/_utils.py:208: UserWarning: The parameter 'pretrained' is deprecated since 0.13 and will be removed in 0.15, please use 'weights' instead.
  warnings.warn(
/home/yl3836/.conda/envs/mevent/lib/python3.9/site-packages/torchvision/models/_utils.py:223: UserWarning: Arguments other than a weight enum or `None` for 'weights' are deprecated since 0.13 and will be removed in 0.15. The current behavior is equivalent to passing `weights=VGG16_Weights.IMAGENET1K_V1`. You can also use `weights=VGG16_Weights.DEFAULT` to get the most up-to-date weights.
  warnings.warn(msg)
Validation: [0/888 (0%)]
Validation: [16/888 (2%)]
Validation: [32/888 (4%)]
Validation: [48/888 (5%)]
[W CudaIPCTypes.cpp:92] Producer process tried to deallocate over 1000 memory blocks referred by consumer processes. Deallocation might be significantly slowed down. We assume it will never going to be the case, but if it is, please file but to https://github.com/pytorch/pytorch
Validation: [64/888 (7%)]
Validation: [80/888 (9%)]
Validation: [96/888 (11%)]
Validation: [112/888 (13%)]
Validation: [128/888 (14%)]
Validation: [144/888 (16%)]
Validation: [160/888 (18%)]
Validation: [176/888 (20%)]
Validation: [192/888 (22%)]
Validation: [208/888 (23%)]
Validation: [224/888 (25%)]
Validation: [240/888 (27%)]
Validation: [256/888 (29%)]
Validation: [272/888 (31%)]
Validation: [288/888 (32%)]
Validation: [304/888 (34%)]
Validation: [320/888 (36%)]
Validation: [336/888 (38%)]
Validation: [352/888 (40%)]
Validation: [368/888 (41%)]
Validation: [384/888 (43%)]
Validation: [400/888 (45%)]
Validation: [416/888 (47%)]
Validation: [432/888 (49%)]
Validation: [448/888 (50%)]
Validation: [464/888 (52%)]
Validation: [480/888 (54%)]
Validation: [496/888 (56%)]
Validation: [512/888 (58%)]
Validation: [528/888 (59%)]
Validation: [544/888 (61%)]
Validation: [560/888 (63%)]
Validation: [576/888 (65%)]
Validation: [592/888 (67%)]
Validation: [608/888 (68%)]
Validation: [624/888 (70%)]
Validation: [640/888 (72%)]
Validation: [656/888 (74%)]
Validation: [672/888 (76%)]
Validation: [688/888 (77%)]
Validation: [704/888 (79%)]
Validation: [720/888 (81%)]
Validation: [736/888 (83%)]
Validation: [752/888 (85%)]
Validation: [768/888 (86%)]
Validation: [784/888 (88%)]
Validation: [800/888 (90%)]
Validation: [816/888 (92%)]
Validation: [832/888 (94%)]
Validation: [848/888 (95%)]
Validation: [864/888 (97%)]
Validation: [880/888 (99%)]
[W CudaIPCTypes.cpp:15] Producer process has been terminated before all shared CUDA tensors released. See Note [Sharing CUDA tensors]
Saving current best: model_best.pth.tar ...
/home/yl3836/.conda/envs/mevent/lib/python3.9/site-packages/torchvision/models/_utils.py:208: UserWarning: The parameter 'pretrained' is deprecated since 0.13 and will be removed in 0.15, please use 'weights' instead.
  warnings.warn(
/home/yl3836/.conda/envs/mevent/lib/python3.9/site-packages/torchvision/models/_utils.py:223: UserWarning: Arguments other than a weight enum or `None` for 'weights' are deprecated since 0.13 and will be removed in 0.15. The current behavior is equivalent to passing `weights=VGG16_Weights.IMAGENET1K_V1`. You can also use `weights=VGG16_Weights.DEFAULT` to get the most up-to-date weights.
  warnings.warn(msg)
/home/yl3836/.conda/envs/mevent/lib/python3.9/site-packages/torchvision/models/_utils.py:208: UserWarning: The parameter 'pretrained' is deprecated since 0.13 and will be removed in 0.15, please use 'weights' instead.
  warnings.warn(
/home/yl3836/.conda/envs/mevent/lib/python3.9/site-packages/torchvision/models/_utils.py:223: UserWarning: Arguments other than a weight enum or `None` for 'weights' are deprecated since 0.13 and will be removed in 0.15. The current behavior is equivalent to passing `weights=VGG16_Weights.IMAGENET1K_V1`. You can also use `weights=VGG16_Weights.DEFAULT` to get the most up-to-date weights.
  warnings.warn(msg)
/home/yl3836/.conda/envs/mevent/lib/python3.9/site-packages/torchvision/models/_utils.py:208: UserWarning: The parameter 'pretrained' is deprecated since 0.13 and will be removed in 0.15, please use 'weights' instead.
  warnings.warn(
/home/yl3836/.conda/envs/mevent/lib/python3.9/site-packages/torchvision/models/_utils.py:223: UserWarning: Arguments other than a weight enum or `None` for 'weights' are deprecated since 0.13 and will be removed in 0.15. The current behavior is equivalent to passing `weights=VGG16_Weights.IMAGENET1K_V1`. You can also use `weights=VGG16_Weights.DEFAULT` to get the most up-to-date weights.
  warnings.warn(msg)
/home/yl3836/.conda/envs/mevent/lib/python3.9/site-packages/torchvision/models/_utils.py:208: UserWarning: The parameter 'pretrained' is deprecated since 0.13 and will be removed in 0.15, please use 'weights' instead.
  warnings.warn(
/home/yl3836/.conda/envs/mevent/lib/python3.9/site-packages/torchvision/models/_utils.py:223: UserWarning: Arguments other than a weight enum or `None` for 'weights' are deprecated since 0.13 and will be removed in 0.15. The current behavior is equivalent to passing `weights=VGG16_Weights.IMAGENET1K_V1`. You can also use `weights=VGG16_Weights.DEFAULT` to get the most up-to-date weights.
  warnings.warn(msg)
/home/yl3836/.conda/envs/mevent/lib/python3.9/site-packages/torchvision/models/_utils.py:208: UserWarning: The parameter 'pretrained' is deprecated since 0.13 and will be removed in 0.15, please use 'weights' instead.
  warnings.warn(
/home/yl3836/.conda/envs/mevent/lib/python3.9/site-packages/torchvision/models/_utils.py:223: UserWarning: Arguments other than a weight enum or `None` for 'weights' are deprecated since 0.13 and will be removed in 0.15. The current behavior is equivalent to passing `weights=VGG16_Weights.IMAGENET1K_V1`. You can also use `weights=VGG16_Weights.DEFAULT` to get the most up-to-date weights.
  warnings.warn(msg)
/home/yl3836/.conda/envs/mevent/lib/python3.9/site-packages/torchvision/models/_utils.py:208: UserWarning: The parameter 'pretrained' is deprecated since 0.13 and will be removed in 0.15, please use 'weights' instead.
  warnings.warn(
/home/yl3836/.conda/envs/mevent/lib/python3.9/site-packages/torchvision/models/_utils.py:223: UserWarning: Arguments other than a weight enum or `None` for 'weights' are deprecated since 0.13 and will be removed in 0.15. The current behavior is equivalent to passing `weights=VGG16_Weights.IMAGENET1K_V1`. You can also use `weights=VGG16_Weights.DEFAULT` to get the most up-to-date weights.
  warnings.warn(msg)
/home/yl3836/.conda/envs/mevent/lib/python3.9/site-packages/torchvision/models/_utils.py:208: UserWarning: The parameter 'pretrained' is deprecated since 0.13 and will be removed in 0.15, please use 'weights' instead.
  warnings.warn(
/home/yl3836/.conda/envs/mevent/lib/python3.9/site-packages/torchvision/models/_utils.py:223: UserWarning: Arguments other than a weight enum or `None` for 'weights' are deprecated since 0.13 and will be removed in 0.15. The current behavior is equivalent to passing `weights=VGG16_Weights.IMAGENET1K_V1`. You can also use `weights=VGG16_Weights.DEFAULT` to get the most up-to-date weights.
  warnings.warn(msg)
/home/yl3836/.conda/envs/mevent/lib/python3.9/site-packages/torchvision/models/_utils.py:208: UserWarning: The parameter 'pretrained' is deprecated since 0.13 and will be removed in 0.15, please use 'weights' instead.
  warnings.warn(
/home/yl3836/.conda/envs/mevent/lib/python3.9/site-packages/torchvision/models/_utils.py:223: UserWarning: Arguments other than a weight enum or `None` for 'weights' are deprecated since 0.13 and will be removed in 0.15. The current behavior is equivalent to passing `weights=VGG16_Weights.IMAGENET1K_V1`. You can also use `weights=VGG16_Weights.DEFAULT` to get the most up-to-date weights.
  warnings.warn(msg)
/home/yl3836/.conda/envs/mevent/lib/python3.9/site-packages/torchvision/models/_utils.py:208: UserWarning: The parameter 'pretrained' is deprecated since 0.13 and will be removed in 0.15, please use 'weights' instead.
  warnings.warn(
/home/yl3836/.conda/envs/mevent/lib/python3.9/site-packages/torchvision/models/_utils.py:223: UserWarning: Arguments other than a weight enum or `None` for 'weights' are deprecated since 0.13 and will be removed in 0.15. The current behavior is equivalent to passing `weights=VGG16_Weights.IMAGENET1K_V1`. You can also use `weights=VGG16_Weights.DEFAULT` to get the most up-to-date weights.
  warnings.warn(msg)
/home/yl3836/.conda/envs/mevent/lib/python3.9/site-packages/torchvision/models/_utils.py:208: UserWarning: The parameter 'pretrained' is deprecated since 0.13 and will be removed in 0.15, please use 'weights' instead.
  warnings.warn(
/home/yl3836/.conda/envs/mevent/lib/python3.9/site-packages/torchvision/models/_utils.py:223: UserWarning: Arguments other than a weight enum or `None` for 'weights' are deprecated since 0.13 and will be removed in 0.15. The current behavior is equivalent to passing `weights=VGG16_Weights.IMAGENET1K_V1`. You can also use `weights=VGG16_Weights.DEFAULT` to get the most up-to-date weights.
  warnings.warn(msg)
/home/yl3836/.conda/envs/mevent/lib/python3.9/site-packages/torchvision/models/_utils.py:208: UserWarning: The parameter 'pretrained' is deprecated since 0.13 and will be removed in 0.15, please use 'weights' instead.
  warnings.warn(
/home/yl3836/.conda/envs/mevent/lib/python3.9/site-packages/torchvision/models/_utils.py:223: UserWarning: Arguments other than a weight enum or `None` for 'weights' are deprecated since 0.13 and will be removed in 0.15. The current behavior is equivalent to passing `weights=VGG16_Weights.IMAGENET1K_V1`. You can also use `weights=VGG16_Weights.DEFAULT` to get the most up-to-date weights.
  warnings.warn(msg)
/home/yl3836/.conda/envs/mevent/lib/python3.9/site-packages/torchvision/models/_utils.py:208: UserWarning: The parameter 'pretrained' is deprecated since 0.13 and will be removed in 0.15, please use 'weights' instead.
  warnings.warn(
/home/yl3836/.conda/envs/mevent/lib/python3.9/site-packages/torchvision/models/_utils.py:223: UserWarning: Arguments other than a weight enum or `None` for 'weights' are deprecated since 0.13 and will be removed in 0.15. The current behavior is equivalent to passing `weights=VGG16_Weights.IMAGENET1K_V1`. You can also use `weights=VGG16_Weights.DEFAULT` to get the most up-to-date weights.
  warnings.warn(msg)
/home/yl3836/.conda/envs/mevent/lib/python3.9/site-packages/torchvision/models/_utils.py:208: UserWarning: The parameter 'pretrained' is deprecated since 0.13 and will be removed in 0.15, please use 'weights' instead.
  warnings.warn(
/home/yl3836/.conda/envs/mevent/lib/python3.9/site-packages/torchvision/models/_utils.py:223: UserWarning: Arguments other than a weight enum or `None` for 'weights' are deprecated since 0.13 and will be removed in 0.15. The current behavior is equivalent to passing `weights=VGG16_Weights.IMAGENET1K_V1`. You can also use `weights=VGG16_Weights.DEFAULT` to get the most up-to-date weights.
  warnings.warn(msg)
/home/yl3836/.conda/envs/mevent/lib/python3.9/site-packages/torchvision/models/_utils.py:208: UserWarning: The parameter 'pretrained' is deprecated since 0.13 and will be removed in 0.15, please use 'weights' instead.
  warnings.warn(
/home/yl3836/.conda/envs/mevent/lib/python3.9/site-packages/torchvision/models/_utils.py:223: UserWarning: Arguments other than a weight enum or `None` for 'weights' are deprecated since 0.13 and will be removed in 0.15. The current behavior is equivalent to passing `weights=VGG16_Weights.IMAGENET1K_V1`. You can also use `weights=VGG16_Weights.DEFAULT` to get the most up-to-date weights.
  warnings.warn(msg)
Train Epoch: 3 [0/2648 (0%)] loss: 0.0095 L_si: 0.0095 L_grad: 0.0000 
Train Epoch: 3 [16/2648 (1%)] loss: 0.0091 L_si: 0.0091 L_grad: 0.0000 
Train Epoch: 3 [32/2648 (1%)] loss: 0.0088 L_si: 0.0088 L_grad: 0.0000 
Train Epoch: 3 [48/2648 (2%)] loss: 0.0073 L_si: 0.0073 L_grad: 0.0000 
Train Epoch: 3 [64/2648 (2%)] loss: 0.0085 L_si: 0.0085 L_grad: 0.0000 
Train Epoch: 3 [80/2648 (3%)] loss: 0.0091 L_si: 0.0091 L_grad: 0.0000 
Train Epoch: 3 [96/2648 (4%)] loss: 0.0084 L_si: 0.0084 L_grad: 0.0000 
Train Epoch: 3 [112/2648 (4%)] loss: 0.0089 L_si: 0.0089 L_grad: 0.0000 
Train Epoch: 3 [128/2648 (5%)] loss: 0.0078 L_si: 0.0078 L_grad: 0.0000 
Train Epoch: 3 [144/2648 (5%)] loss: 0.0100 L_si: 0.0100 L_grad: 0.0000 
Train Epoch: 3 [160/2648 (6%)] loss: 0.0103 L_si: 0.0103 L_grad: 0.0000 
Train Epoch: 3 [176/2648 (7%)] loss: 0.0099 L_si: 0.0099 L_grad: 0.0000 
Train Epoch: 3 [192/2648 (7%)] loss: 0.0081 L_si: 0.0081 L_grad: 0.0000 
Train Epoch: 3 [208/2648 (8%)] loss: 0.0086 L_si: 0.0086 L_grad: 0.0000 
Train Epoch: 3 [224/2648 (8%)] loss: 0.0082 L_si: 0.0082 L_grad: 0.0000 
Train Epoch: 3 [240/2648 (9%)] loss: 0.0073 L_si: 0.0073 L_grad: 0.0000 
Train Epoch: 3 [256/2648 (10%)] loss: 0.0088 L_si: 0.0088 L_grad: 0.0000 
Train Epoch: 3 [272/2648 (10%)] loss: 0.0069 L_si: 0.0069 L_grad: 0.0000 
Train Epoch: 3 [288/2648 (11%)] loss: 0.0094 L_si: 0.0094 L_grad: 0.0000 
Train Epoch: 3 [304/2648 (11%)] loss: 0.0089 L_si: 0.0089 L_grad: 0.0000 
Train Epoch: 3 [320/2648 (12%)] loss: 0.0080 L_si: 0.0080 L_grad: 0.0000 
Train Epoch: 3 [336/2648 (13%)] loss: 0.0075 L_si: 0.0075 L_grad: 0.0000 
Train Epoch: 3 [352/2648 (13%)] loss: 0.0087 L_si: 0.0087 L_grad: 0.0000 
Train Epoch: 3 [368/2648 (14%)] loss: 0.0088 L_si: 0.0088 L_grad: 0.0000 
Train Epoch: 3 [384/2648 (15%)] loss: 0.0089 L_si: 0.0089 L_grad: 0.0000 
Train Epoch: 3 [400/2648 (15%)] loss: 0.0080 L_si: 0.0080 L_grad: 0.0000 
Train Epoch: 3 [416/2648 (16%)] loss: 0.0086 L_si: 0.0086 L_grad: 0.0000 
Train Epoch: 3 [432/2648 (16%)] loss: 0.0084 L_si: 0.0084 L_grad: 0.0000 
Train Epoch: 3 [448/2648 (17%)] loss: 0.0088 L_si: 0.0088 L_grad: 0.0000 
Train Epoch: 3 [464/2648 (18%)] loss: 0.0089 L_si: 0.0089 L_grad: 0.0000 
Train Epoch: 3 [480/2648 (18%)] loss: 0.0083 L_si: 0.0083 L_grad: 0.0000 
Train Epoch: 3 [496/2648 (19%)] loss: 0.0092 L_si: 0.0092 L_grad: 0.0000 
Train Epoch: 3 [512/2648 (19%)] loss: 0.0083 L_si: 0.0083 L_grad: 0.0000 
Train Epoch: 3 [528/2648 (20%)] loss: 0.0079 L_si: 0.0079 L_grad: 0.0000 
Train Epoch: 3 [544/2648 (21%)] loss: 0.0086 L_si: 0.0086 L_grad: 0.0000 
Train Epoch: 3 [560/2648 (21%)] loss: 0.0093 L_si: 0.0093 L_grad: 0.0000 
Train Epoch: 3 [576/2648 (22%)] loss: 0.0095 L_si: 0.0095 L_grad: 0.0000 
Train Epoch: 3 [592/2648 (22%)] loss: 0.0089 L_si: 0.0089 L_grad: 0.0000 
Train Epoch: 3 [608/2648 (23%)] loss: 0.0085 L_si: 0.0085 L_grad: 0.0000 
Train Epoch: 3 [624/2648 (24%)] loss: 0.0078 L_si: 0.0078 L_grad: 0.0000 
Train Epoch: 3 [640/2648 (24%)] loss: 0.0085 L_si: 0.0085 L_grad: 0.0000 
Train Epoch: 3 [656/2648 (25%)] loss: 0.0086 L_si: 0.0086 L_grad: 0.0000 
Train Epoch: 3 [672/2648 (25%)] loss: 0.0083 L_si: 0.0083 L_grad: 0.0000 
Train Epoch: 3 [688/2648 (26%)] loss: 0.0082 L_si: 0.0082 L_grad: 0.0000 
Train Epoch: 3 [704/2648 (27%)] loss: 0.0065 L_si: 0.0065 L_grad: 0.0000 
Train Epoch: 3 [720/2648 (27%)] loss: 0.0076 L_si: 0.0076 L_grad: 0.0000 
Train Epoch: 3 [736/2648 (28%)] loss: 0.0081 L_si: 0.0081 L_grad: 0.0000 
Train Epoch: 3 [752/2648 (28%)] loss: 0.0085 L_si: 0.0085 L_grad: 0.0000 
Train Epoch: 3 [768/2648 (29%)] loss: 0.0080 L_si: 0.0080 L_grad: 0.0000 
Train Epoch: 3 [784/2648 (30%)] loss: 0.0069 L_si: 0.0069 L_grad: 0.0000 
Train Epoch: 3 [800/2648 (30%)] loss: 0.0083 L_si: 0.0083 L_grad: 0.0000 
Train Epoch: 3 [816/2648 (31%)] loss: 0.0080 L_si: 0.0080 L_grad: 0.0000 
Train Epoch: 3 [832/2648 (31%)] loss: 0.0079 L_si: 0.0079 L_grad: 0.0000 
Train Epoch: 3 [848/2648 (32%)] loss: 0.0080 L_si: 0.0080 L_grad: 0.0000 
Train Epoch: 3 [864/2648 (33%)] loss: 0.0074 L_si: 0.0074 L_grad: 0.0000 
Train Epoch: 3 [880/2648 (33%)] loss: 0.0074 L_si: 0.0074 L_grad: 0.0000 
Train Epoch: 3 [896/2648 (34%)] loss: 0.0085 L_si: 0.0085 L_grad: 0.0000 
Train Epoch: 3 [912/2648 (34%)] loss: 0.0083 L_si: 0.0083 L_grad: 0.0000 
Train Epoch: 3 [928/2648 (35%)] loss: 0.0067 L_si: 0.0067 L_grad: 0.0000 
Train Epoch: 3 [944/2648 (36%)] loss: 0.0064 L_si: 0.0064 L_grad: 0.0000 
Train Epoch: 3 [960/2648 (36%)] loss: 0.0073 L_si: 0.0073 L_grad: 0.0000 
Train Epoch: 3 [976/2648 (37%)] loss: 0.0084 L_si: 0.0084 L_grad: 0.0000 
Train Epoch: 3 [992/2648 (37%)] loss: 0.0070 L_si: 0.0070 L_grad: 0.0000 
Train Epoch: 3 [1008/2648 (38%)] loss: 0.0085 L_si: 0.0085 L_grad: 0.0000 
Train Epoch: 3 [1024/2648 (39%)] loss: 0.0090 L_si: 0.0090 L_grad: 0.0000 
Train Epoch: 3 [1040/2648 (39%)] loss: 0.0087 L_si: 0.0087 L_grad: 0.0000 
Train Epoch: 3 [1056/2648 (40%)] loss: 0.0082 L_si: 0.0082 L_grad: 0.0000 
Train Epoch: 3 [1072/2648 (40%)] loss: 0.0067 L_si: 0.0067 L_grad: 0.0000 
Train Epoch: 3 [1088/2648 (41%)] loss: 0.0089 L_si: 0.0089 L_grad: 0.0000 
Train Epoch: 3 [1104/2648 (42%)] loss: 0.0072 L_si: 0.0072 L_grad: 0.0000 
Train Epoch: 3 [1120/2648 (42%)] loss: 0.0061 L_si: 0.0061 L_grad: 0.0000 
Train Epoch: 3 [1136/2648 (43%)] loss: 0.0082 L_si: 0.0082 L_grad: 0.0000 
Train Epoch: 3 [1152/2648 (44%)] loss: 0.0081 L_si: 0.0081 L_grad: 0.0000 
Train Epoch: 3 [1168/2648 (44%)] loss: 0.0076 L_si: 0.0076 L_grad: 0.0000 
Train Epoch: 3 [1184/2648 (45%)] loss: 0.0082 L_si: 0.0082 L_grad: 0.0000 
Train Epoch: 3 [1200/2648 (45%)] loss: 0.0072 L_si: 0.0072 L_grad: 0.0000 
Train Epoch: 3 [1216/2648 (46%)] loss: 0.0067 L_si: 0.0067 L_grad: 0.0000 
Train Epoch: 3 [1232/2648 (47%)] loss: 0.0091 L_si: 0.0091 L_grad: 0.0000 
Train Epoch: 3 [1248/2648 (47%)] loss: 0.0091 L_si: 0.0091 L_grad: 0.0000 
Train Epoch: 3 [1264/2648 (48%)] loss: 0.0086 L_si: 0.0086 L_grad: 0.0000 
Train Epoch: 3 [1280/2648 (48%)] loss: 0.0079 L_si: 0.0079 L_grad: 0.0000 
Train Epoch: 3 [1296/2648 (49%)] loss: 0.0088 L_si: 0.0088 L_grad: 0.0000 
Train Epoch: 3 [1312/2648 (50%)] loss: 0.0065 L_si: 0.0065 L_grad: 0.0000 
Train Epoch: 3 [1328/2648 (50%)] loss: 0.0079 L_si: 0.0079 L_grad: 0.0000 
Train Epoch: 3 [1344/2648 (51%)] loss: 0.0082 L_si: 0.0082 L_grad: 0.0000 
Train Epoch: 3 [1360/2648 (51%)] loss: 0.0079 L_si: 0.0079 L_grad: 0.0000 
Train Epoch: 3 [1376/2648 (52%)] loss: 0.0075 L_si: 0.0075 L_grad: 0.0000 
Train Epoch: 3 [1392/2648 (53%)] loss: 0.0061 L_si: 0.0061 L_grad: 0.0000 
Train Epoch: 3 [1408/2648 (53%)] loss: 0.0069 L_si: 0.0069 L_grad: 0.0000 
Train Epoch: 3 [1424/2648 (54%)] loss: 0.0087 L_si: 0.0087 L_grad: 0.0000 
Train Epoch: 3 [1440/2648 (54%)] loss: 0.0085 L_si: 0.0085 L_grad: 0.0000 
Train Epoch: 3 [1456/2648 (55%)] loss: 0.0090 L_si: 0.0090 L_grad: 0.0000 
Train Epoch: 3 [1472/2648 (56%)] loss: 0.0076 L_si: 0.0076 L_grad: 0.0000 
Train Epoch: 3 [1488/2648 (56%)] loss: 0.0066 L_si: 0.0066 L_grad: 0.0000 
Train Epoch: 3 [1504/2648 (57%)] loss: 0.0089 L_si: 0.0089 L_grad: 0.0000 
Train Epoch: 3 [1520/2648 (57%)] loss: 0.0084 L_si: 0.0084 L_grad: 0.0000 
Train Epoch: 3 [1536/2648 (58%)] loss: 0.0084 L_si: 0.0084 L_grad: 0.0000 
[W CudaIPCTypes.cpp:92] Producer process tried to deallocate over 1000 memory blocks referred by consumer processes. Deallocation might be significantly slowed down. We assume it will never going to be the case, but if it is, please file but to https://github.com/pytorch/pytorch
Train Epoch: 3 [1552/2648 (59%)] loss: 0.0074 L_si: 0.0074 L_grad: 0.0000 
[W CudaIPCTypes.cpp:92] Producer process tried to deallocate over 1000 memory blocks referred by consumer processes. Deallocation might be significantly slowed down. We assume it will never going to be the case, but if it is, please file but to https://github.com/pytorch/pytorch
Train Epoch: 3 [1568/2648 (59%)] loss: 0.0088 L_si: 0.0088 L_grad: 0.0000 
Train Epoch: 3 [1584/2648 (60%)] loss: 0.0081 L_si: 0.0081 L_grad: 0.0000 
Train Epoch: 3 [1600/2648 (60%)] loss: 0.0076 L_si: 0.0076 L_grad: 0.0000 
Train Epoch: 3 [1616/2648 (61%)] loss: 0.0075 L_si: 0.0075 L_grad: 0.0000 
Train Epoch: 3 [1632/2648 (62%)] loss: 0.0074 L_si: 0.0074 L_grad: 0.0000 
Train Epoch: 3 [1648/2648 (62%)] loss: 0.0074 L_si: 0.0074 L_grad: 0.0000 
Train Epoch: 3 [1664/2648 (63%)] loss: 0.0078 L_si: 0.0078 L_grad: 0.0000 
[W CudaIPCTypes.cpp:92] Producer process tried to deallocate over 1000 memory blocks referred by consumer processes. Deallocation might be significantly slowed down. We assume it will never going to be the case, but if it is, please file but to https://github.com/pytorch/pytorch
Train Epoch: 3 [1680/2648 (63%)] loss: 0.0084 L_si: 0.0084 L_grad: 0.0000 
Train Epoch: 3 [1696/2648 (64%)] loss: 0.0071 L_si: 0.0071 L_grad: 0.0000 
Train Epoch: 3 [1712/2648 (65%)] loss: 0.0084 L_si: 0.0084 L_grad: 0.0000 
Train Epoch: 3 [1728/2648 (65%)] loss: 0.0085 L_si: 0.0085 L_grad: 0.0000 
Train Epoch: 3 [1744/2648 (66%)] loss: 0.0086 L_si: 0.0086 L_grad: 0.0000 
Train Epoch: 3 [1760/2648 (66%)] loss: 0.0089 L_si: 0.0089 L_grad: 0.0000 
Train Epoch: 3 [1776/2648 (67%)] loss: 0.0084 L_si: 0.0084 L_grad: 0.0000 
Train Epoch: 3 [1792/2648 (68%)] loss: 0.0086 L_si: 0.0086 L_grad: 0.0000 
Train Epoch: 3 [1808/2648 (68%)] loss: 0.0082 L_si: 0.0082 L_grad: 0.0000 
Train Epoch: 3 [1824/2648 (69%)] loss: 0.0076 L_si: 0.0076 L_grad: 0.0000 
Train Epoch: 3 [1840/2648 (69%)] loss: 0.0084 L_si: 0.0084 L_grad: 0.0000 
Train Epoch: 3 [1856/2648 (70%)] loss: 0.0082 L_si: 0.0082 L_grad: 0.0000 
Train Epoch: 3 [1872/2648 (71%)] loss: 0.0084 L_si: 0.0084 L_grad: 0.0000 
Train Epoch: 3 [1888/2648 (71%)] loss: 0.0066 L_si: 0.0066 L_grad: 0.0000 
Train Epoch: 3 [1904/2648 (72%)] loss: 0.0067 L_si: 0.0067 L_grad: 0.0000 
Train Epoch: 3 [1920/2648 (73%)] loss: 0.0083 L_si: 0.0083 L_grad: 0.0000 
Train Epoch: 3 [1936/2648 (73%)] loss: 0.0072 L_si: 0.0072 L_grad: 0.0000 
Train Epoch: 3 [1952/2648 (74%)] loss: 0.0068 L_si: 0.0068 L_grad: 0.0000 
Train Epoch: 3 [1968/2648 (74%)] loss: 0.0080 L_si: 0.0080 L_grad: 0.0000 
Train Epoch: 3 [1984/2648 (75%)] loss: 0.0084 L_si: 0.0084 L_grad: 0.0000 
Train Epoch: 3 [2000/2648 (76%)] loss: 0.0083 L_si: 0.0083 L_grad: 0.0000 
Train Epoch: 3 [2016/2648 (76%)] loss: 0.0085 L_si: 0.0085 L_grad: 0.0000 
Train Epoch: 3 [2032/2648 (77%)] loss: 0.0074 L_si: 0.0074 L_grad: 0.0000 
Train Epoch: 3 [2048/2648 (77%)] loss: 0.0083 L_si: 0.0083 L_grad: 0.0000 
Train Epoch: 3 [2064/2648 (78%)] loss: 0.0077 L_si: 0.0077 L_grad: 0.0000 
Train Epoch: 3 [2080/2648 (79%)] loss: 0.0079 L_si: 0.0079 L_grad: 0.0000 
Train Epoch: 3 [2096/2648 (79%)] loss: 0.0087 L_si: 0.0087 L_grad: 0.0000 
Train Epoch: 3 [2112/2648 (80%)] loss: 0.0081 L_si: 0.0081 L_grad: 0.0000 
Train Epoch: 3 [2128/2648 (80%)] loss: 0.0074 L_si: 0.0074 L_grad: 0.0000 
Train Epoch: 3 [2144/2648 (81%)] loss: 0.0086 L_si: 0.0086 L_grad: 0.0000 
Train Epoch: 3 [2160/2648 (82%)] loss: 0.0084 L_si: 0.0084 L_grad: 0.0000 
Train Epoch: 3 [2176/2648 (82%)] loss: 0.0066 L_si: 0.0066 L_grad: 0.0000 
Train Epoch: 3 [2192/2648 (83%)] loss: 0.0083 L_si: 0.0083 L_grad: 0.0000 
Train Epoch: 3 [2208/2648 (83%)] loss: 0.0083 L_si: 0.0083 L_grad: 0.0000 
Train Epoch: 3 [2224/2648 (84%)] loss: 0.0061 L_si: 0.0061 L_grad: 0.0000 
Train Epoch: 3 [2240/2648 (85%)] loss: 0.0071 L_si: 0.0071 L_grad: 0.0000 
Train Epoch: 3 [2256/2648 (85%)] loss: 0.0082 L_si: 0.0082 L_grad: 0.0000 
Train Epoch: 3 [2272/2648 (86%)] loss: 0.0091 L_si: 0.0091 L_grad: 0.0000 
Train Epoch: 3 [2288/2648 (86%)] loss: 0.0082 L_si: 0.0082 L_grad: 0.0000 
Train Epoch: 3 [2304/2648 (87%)] loss: 0.0077 L_si: 0.0077 L_grad: 0.0000 
Train Epoch: 3 [2320/2648 (88%)] loss: 0.0092 L_si: 0.0092 L_grad: 0.0000 
Train Epoch: 3 [2336/2648 (88%)] loss: 0.0078 L_si: 0.0078 L_grad: 0.0000 
Train Epoch: 3 [2352/2648 (89%)] loss: 0.0082 L_si: 0.0082 L_grad: 0.0000 
Train Epoch: 3 [2368/2648 (89%)] loss: 0.0082 L_si: 0.0082 L_grad: 0.0000 
Train Epoch: 3 [2384/2648 (90%)] loss: 0.0086 L_si: 0.0086 L_grad: 0.0000 
Train Epoch: 3 [2400/2648 (91%)] loss: 0.0080 L_si: 0.0080 L_grad: 0.0000 
Train Epoch: 3 [2416/2648 (91%)] loss: 0.0079 L_si: 0.0079 L_grad: 0.0000 
Train Epoch: 3 [2432/2648 (92%)] loss: 0.0070 L_si: 0.0070 L_grad: 0.0000 
Train Epoch: 3 [2448/2648 (92%)] loss: 0.0087 L_si: 0.0087 L_grad: 0.0000 
Train Epoch: 3 [2464/2648 (93%)] loss: 0.0065 L_si: 0.0065 L_grad: 0.0000 
Train Epoch: 3 [2480/2648 (94%)] loss: 0.0090 L_si: 0.0090 L_grad: 0.0000 
Train Epoch: 3 [2496/2648 (94%)] loss: 0.0076 L_si: 0.0076 L_grad: 0.0000 
Train Epoch: 3 [2512/2648 (95%)] loss: 0.0078 L_si: 0.0078 L_grad: 0.0000 
Train Epoch: 3 [2528/2648 (95%)] loss: 0.0083 L_si: 0.0083 L_grad: 0.0000 
Train Epoch: 3 [2544/2648 (96%)] loss: 0.0067 L_si: 0.0067 L_grad: 0.0000 
Train Epoch: 3 [2560/2648 (97%)] loss: 0.0078 L_si: 0.0078 L_grad: 0.0000 
Train Epoch: 3 [2576/2648 (97%)] loss: 0.0094 L_si: 0.0094 L_grad: 0.0000 
Train Epoch: 3 [2592/2648 (98%)] loss: 0.0067 L_si: 0.0067 L_grad: 0.0000 
Train Epoch: 3 [2608/2648 (98%)] loss: 0.0088 L_si: 0.0088 L_grad: 0.0000 
Train Epoch: 3 [2624/2648 (99%)] loss: 0.0085 L_si: 0.0085 L_grad: 0.0000 
Train Epoch: 3 [2640/2648 (100%)] loss: 0.0083 L_si: 0.0083 L_grad: 0.0000 
[W CudaIPCTypes.cpp:15] Producer process has been terminated before all shared CUDA tensors released. See Note [Sharing CUDA tensors]
/home/yl3836/.conda/envs/mevent/lib/python3.9/site-packages/torchvision/models/_utils.py:208: UserWarning: The parameter 'pretrained' is deprecated since 0.13 and will be removed in 0.15, please use 'weights' instead.
  warnings.warn(
/home/yl3836/.conda/envs/mevent/lib/python3.9/site-packages/torchvision/models/_utils.py:223: UserWarning: Arguments other than a weight enum or `None` for 'weights' are deprecated since 0.13 and will be removed in 0.15. The current behavior is equivalent to passing `weights=VGG16_Weights.IMAGENET1K_V1`. You can also use `weights=VGG16_Weights.DEFAULT` to get the most up-to-date weights.
  warnings.warn(msg)
/home/yl3836/.conda/envs/mevent/lib/python3.9/site-packages/torchvision/models/_utils.py:208: UserWarning: The parameter 'pretrained' is deprecated since 0.13 and will be removed in 0.15, please use 'weights' instead.
  warnings.warn(
/home/yl3836/.conda/envs/mevent/lib/python3.9/site-packages/torchvision/models/_utils.py:223: UserWarning: Arguments other than a weight enum or `None` for 'weights' are deprecated since 0.13 and will be removed in 0.15. The current behavior is equivalent to passing `weights=VGG16_Weights.IMAGENET1K_V1`. You can also use `weights=VGG16_Weights.DEFAULT` to get the most up-to-date weights.
  warnings.warn(msg)
/home/yl3836/.conda/envs/mevent/lib/python3.9/site-packages/torchvision/models/_utils.py:208: UserWarning: The parameter 'pretrained' is deprecated since 0.13 and will be removed in 0.15, please use 'weights' instead.
  warnings.warn(
/home/yl3836/.conda/envs/mevent/lib/python3.9/site-packages/torchvision/models/_utils.py:223: UserWarning: Arguments other than a weight enum or `None` for 'weights' are deprecated since 0.13 and will be removed in 0.15. The current behavior is equivalent to passing `weights=VGG16_Weights.IMAGENET1K_V1`. You can also use `weights=VGG16_Weights.DEFAULT` to get the most up-to-date weights.
  warnings.warn(msg)
/home/yl3836/.conda/envs/mevent/lib/python3.9/site-packages/torchvision/models/_utils.py:208: UserWarning: The parameter 'pretrained' is deprecated since 0.13 and will be removed in 0.15, please use 'weights' instead.
  warnings.warn(
/home/yl3836/.conda/envs/mevent/lib/python3.9/site-packages/torchvision/models/_utils.py:223: UserWarning: Arguments other than a weight enum or `None` for 'weights' are deprecated since 0.13 and will be removed in 0.15. The current behavior is equivalent to passing `weights=VGG16_Weights.IMAGENET1K_V1`. You can also use `weights=VGG16_Weights.DEFAULT` to get the most up-to-date weights.
  warnings.warn(msg)
/home/yl3836/.conda/envs/mevent/lib/python3.9/site-packages/torchvision/models/_utils.py:208: UserWarning: The parameter 'pretrained' is deprecated since 0.13 and will be removed in 0.15, please use 'weights' instead.
  warnings.warn(
/home/yl3836/.conda/envs/mevent/lib/python3.9/site-packages/torchvision/models/_utils.py:223: UserWarning: Arguments other than a weight enum or `None` for 'weights' are deprecated since 0.13 and will be removed in 0.15. The current behavior is equivalent to passing `weights=VGG16_Weights.IMAGENET1K_V1`. You can also use `weights=VGG16_Weights.DEFAULT` to get the most up-to-date weights.
  warnings.warn(msg)
/home/yl3836/.conda/envs/mevent/lib/python3.9/site-packages/torchvision/models/_utils.py:208: UserWarning: The parameter 'pretrained' is deprecated since 0.13 and will be removed in 0.15, please use 'weights' instead.
  warnings.warn(
/home/yl3836/.conda/envs/mevent/lib/python3.9/site-packages/torchvision/models/_utils.py:223: UserWarning: Arguments other than a weight enum or `None` for 'weights' are deprecated since 0.13 and will be removed in 0.15. The current behavior is equivalent to passing `weights=VGG16_Weights.IMAGENET1K_V1`. You can also use `weights=VGG16_Weights.DEFAULT` to get the most up-to-date weights.
  warnings.warn(msg)
/home/yl3836/.conda/envs/mevent/lib/python3.9/site-packages/torchvision/models/_utils.py:208: UserWarning: The parameter 'pretrained' is deprecated since 0.13 and will be removed in 0.15, please use 'weights' instead.
  warnings.warn(
/home/yl3836/.conda/envs/mevent/lib/python3.9/site-packages/torchvision/models/_utils.py:223: UserWarning: Arguments other than a weight enum or `None` for 'weights' are deprecated since 0.13 and will be removed in 0.15. The current behavior is equivalent to passing `weights=VGG16_Weights.IMAGENET1K_V1`. You can also use `weights=VGG16_Weights.DEFAULT` to get the most up-to-date weights.
  warnings.warn(msg)
/home/yl3836/.conda/envs/mevent/lib/python3.9/site-packages/torchvision/models/_utils.py:208: UserWarning: The parameter 'pretrained' is deprecated since 0.13 and will be removed in 0.15, please use 'weights' instead.
  warnings.warn(
/home/yl3836/.conda/envs/mevent/lib/python3.9/site-packages/torchvision/models/_utils.py:223: UserWarning: Arguments other than a weight enum or `None` for 'weights' are deprecated since 0.13 and will be removed in 0.15. The current behavior is equivalent to passing `weights=VGG16_Weights.IMAGENET1K_V1`. You can also use `weights=VGG16_Weights.DEFAULT` to get the most up-to-date weights.
  warnings.warn(msg)
/home/yl3836/.conda/envs/mevent/lib/python3.9/site-packages/torchvision/models/_utils.py:208: UserWarning: The parameter 'pretrained' is deprecated since 0.13 and will be removed in 0.15, please use 'weights' instead.
  warnings.warn(
/home/yl3836/.conda/envs/mevent/lib/python3.9/site-packages/torchvision/models/_utils.py:223: UserWarning: Arguments other than a weight enum or `None` for 'weights' are deprecated since 0.13 and will be removed in 0.15. The current behavior is equivalent to passing `weights=VGG16_Weights.IMAGENET1K_V1`. You can also use `weights=VGG16_Weights.DEFAULT` to get the most up-to-date weights.
  warnings.warn(msg)
/home/yl3836/.conda/envs/mevent/lib/python3.9/site-packages/torchvision/models/_utils.py:208: UserWarning: The parameter 'pretrained' is deprecated since 0.13 and will be removed in 0.15, please use 'weights' instead.
  warnings.warn(
/home/yl3836/.conda/envs/mevent/lib/python3.9/site-packages/torchvision/models/_utils.py:223: UserWarning: Arguments other than a weight enum or `None` for 'weights' are deprecated since 0.13 and will be removed in 0.15. The current behavior is equivalent to passing `weights=VGG16_Weights.IMAGENET1K_V1`. You can also use `weights=VGG16_Weights.DEFAULT` to get the most up-to-date weights.
  warnings.warn(msg)
/home/yl3836/.conda/envs/mevent/lib/python3.9/site-packages/torchvision/models/_utils.py:208: UserWarning: The parameter 'pretrained' is deprecated since 0.13 and will be removed in 0.15, please use 'weights' instead.
  warnings.warn(
/home/yl3836/.conda/envs/mevent/lib/python3.9/site-packages/torchvision/models/_utils.py:223: UserWarning: Arguments other than a weight enum or `None` for 'weights' are deprecated since 0.13 and will be removed in 0.15. The current behavior is equivalent to passing `weights=VGG16_Weights.IMAGENET1K_V1`. You can also use `weights=VGG16_Weights.DEFAULT` to get the most up-to-date weights.
  warnings.warn(msg)
/home/yl3836/.conda/envs/mevent/lib/python3.9/site-packages/torchvision/models/_utils.py:208: UserWarning: The parameter 'pretrained' is deprecated since 0.13 and will be removed in 0.15, please use 'weights' instead.
  warnings.warn(
/home/yl3836/.conda/envs/mevent/lib/python3.9/site-packages/torchvision/models/_utils.py:223: UserWarning: Arguments other than a weight enum or `None` for 'weights' are deprecated since 0.13 and will be removed in 0.15. The current behavior is equivalent to passing `weights=VGG16_Weights.IMAGENET1K_V1`. You can also use `weights=VGG16_Weights.DEFAULT` to get the most up-to-date weights.
  warnings.warn(msg)
/home/yl3836/.conda/envs/mevent/lib/python3.9/site-packages/torchvision/models/_utils.py:208: UserWarning: The parameter 'pretrained' is deprecated since 0.13 and will be removed in 0.15, please use 'weights' instead.
  warnings.warn(
/home/yl3836/.conda/envs/mevent/lib/python3.9/site-packages/torchvision/models/_utils.py:223: UserWarning: Arguments other than a weight enum or `None` for 'weights' are deprecated since 0.13 and will be removed in 0.15. The current behavior is equivalent to passing `weights=VGG16_Weights.IMAGENET1K_V1`. You can also use `weights=VGG16_Weights.DEFAULT` to get the most up-to-date weights.
  warnings.warn(msg)
/home/yl3836/.conda/envs/mevent/lib/python3.9/site-packages/torchvision/models/_utils.py:208: UserWarning: The parameter 'pretrained' is deprecated since 0.13 and will be removed in 0.15, please use 'weights' instead.
  warnings.warn(
/home/yl3836/.conda/envs/mevent/lib/python3.9/site-packages/torchvision/models/_utils.py:223: UserWarning: Arguments other than a weight enum or `None` for 'weights' are deprecated since 0.13 and will be removed in 0.15. The current behavior is equivalent to passing `weights=VGG16_Weights.IMAGENET1K_V1`. You can also use `weights=VGG16_Weights.DEFAULT` to get the most up-to-date weights.
  warnings.warn(msg)
Validation: [0/888 (0%)]
Validation: [16/888 (2%)]
Validation: [32/888 (4%)]
Validation: [48/888 (5%)]
[W CudaIPCTypes.cpp:92] Producer process tried to deallocate over 1000 memory blocks referred by consumer processes. Deallocation might be significantly slowed down. We assume it will never going to be the case, but if it is, please file but to https://github.com/pytorch/pytorch
Validation: [64/888 (7%)]
Validation: [80/888 (9%)]
Validation: [96/888 (11%)]
Validation: [112/888 (13%)]
Validation: [128/888 (14%)]
Validation: [144/888 (16%)]
Validation: [160/888 (18%)]
Validation: [176/888 (20%)]
Validation: [192/888 (22%)]
Validation: [208/888 (23%)]
Validation: [224/888 (25%)]
Validation: [240/888 (27%)]
Validation: [256/888 (29%)]
Validation: [272/888 (31%)]
Validation: [288/888 (32%)]
Validation: [304/888 (34%)]
Validation: [320/888 (36%)]
Validation: [336/888 (38%)]
Validation: [352/888 (40%)]
Validation: [368/888 (41%)]
Validation: [384/888 (43%)]
Validation: [400/888 (45%)]
Validation: [416/888 (47%)]
Validation: [432/888 (49%)]
Validation: [448/888 (50%)]
Validation: [464/888 (52%)]
Validation: [480/888 (54%)]
Validation: [496/888 (56%)]
Validation: [512/888 (58%)]
Validation: [528/888 (59%)]
Validation: [544/888 (61%)]
Validation: [560/888 (63%)]
Validation: [576/888 (65%)]
Validation: [592/888 (67%)]
Validation: [608/888 (68%)]
Validation: [624/888 (70%)]
Validation: [640/888 (72%)]
Validation: [656/888 (74%)]
Validation: [672/888 (76%)]
Validation: [688/888 (77%)]
Validation: [704/888 (79%)]
Validation: [720/888 (81%)]
Validation: [736/888 (83%)]
Validation: [752/888 (85%)]
Validation: [768/888 (86%)]
Validation: [784/888 (88%)]
Validation: [800/888 (90%)]
Validation: [816/888 (92%)]
Validation: [832/888 (94%)]
Validation: [848/888 (95%)]
Validation: [864/888 (97%)]
Validation: [880/888 (99%)]
[W CudaIPCTypes.cpp:15] Producer process has been terminated before all shared CUDA tensors released. See Note [Sharing CUDA tensors]
Saving current best: model_best.pth.tar ...
/home/yl3836/.conda/envs/mevent/lib/python3.9/site-packages/torchvision/models/_utils.py:208: UserWarning: The parameter 'pretrained' is deprecated since 0.13 and will be removed in 0.15, please use 'weights' instead.
  warnings.warn(
/home/yl3836/.conda/envs/mevent/lib/python3.9/site-packages/torchvision/models/_utils.py:223: UserWarning: Arguments other than a weight enum or `None` for 'weights' are deprecated since 0.13 and will be removed in 0.15. The current behavior is equivalent to passing `weights=VGG16_Weights.IMAGENET1K_V1`. You can also use `weights=VGG16_Weights.DEFAULT` to get the most up-to-date weights.
  warnings.warn(msg)
/home/yl3836/.conda/envs/mevent/lib/python3.9/site-packages/torchvision/models/_utils.py:208: UserWarning: The parameter 'pretrained' is deprecated since 0.13 and will be removed in 0.15, please use 'weights' instead.
  warnings.warn(
/home/yl3836/.conda/envs/mevent/lib/python3.9/site-packages/torchvision/models/_utils.py:223: UserWarning: Arguments other than a weight enum or `None` for 'weights' are deprecated since 0.13 and will be removed in 0.15. The current behavior is equivalent to passing `weights=VGG16_Weights.IMAGENET1K_V1`. You can also use `weights=VGG16_Weights.DEFAULT` to get the most up-to-date weights.
  warnings.warn(msg)
/home/yl3836/.conda/envs/mevent/lib/python3.9/site-packages/torchvision/models/_utils.py:208: UserWarning: The parameter 'pretrained' is deprecated since 0.13 and will be removed in 0.15, please use 'weights' instead.
  warnings.warn(
/home/yl3836/.conda/envs/mevent/lib/python3.9/site-packages/torchvision/models/_utils.py:223: UserWarning: Arguments other than a weight enum or `None` for 'weights' are deprecated since 0.13 and will be removed in 0.15. The current behavior is equivalent to passing `weights=VGG16_Weights.IMAGENET1K_V1`. You can also use `weights=VGG16_Weights.DEFAULT` to get the most up-to-date weights.
  warnings.warn(msg)
/home/yl3836/.conda/envs/mevent/lib/python3.9/site-packages/torchvision/models/_utils.py:208: UserWarning: The parameter 'pretrained' is deprecated since 0.13 and will be removed in 0.15, please use 'weights' instead.
  warnings.warn(
/home/yl3836/.conda/envs/mevent/lib/python3.9/site-packages/torchvision/models/_utils.py:223: UserWarning: Arguments other than a weight enum or `None` for 'weights' are deprecated since 0.13 and will be removed in 0.15. The current behavior is equivalent to passing `weights=VGG16_Weights.IMAGENET1K_V1`. You can also use `weights=VGG16_Weights.DEFAULT` to get the most up-to-date weights.
  warnings.warn(msg)
/home/yl3836/.conda/envs/mevent/lib/python3.9/site-packages/torchvision/models/_utils.py:208: UserWarning: The parameter 'pretrained' is deprecated since 0.13 and will be removed in 0.15, please use 'weights' instead.
  warnings.warn(
/home/yl3836/.conda/envs/mevent/lib/python3.9/site-packages/torchvision/models/_utils.py:223: UserWarning: Arguments other than a weight enum or `None` for 'weights' are deprecated since 0.13 and will be removed in 0.15. The current behavior is equivalent to passing `weights=VGG16_Weights.IMAGENET1K_V1`. You can also use `weights=VGG16_Weights.DEFAULT` to get the most up-to-date weights.
  warnings.warn(msg)
/home/yl3836/.conda/envs/mevent/lib/python3.9/site-packages/torchvision/models/_utils.py:208: UserWarning: The parameter 'pretrained' is deprecated since 0.13 and will be removed in 0.15, please use 'weights' instead.
  warnings.warn(
/home/yl3836/.conda/envs/mevent/lib/python3.9/site-packages/torchvision/models/_utils.py:223: UserWarning: Arguments other than a weight enum or `None` for 'weights' are deprecated since 0.13 and will be removed in 0.15. The current behavior is equivalent to passing `weights=VGG16_Weights.IMAGENET1K_V1`. You can also use `weights=VGG16_Weights.DEFAULT` to get the most up-to-date weights.
  warnings.warn(msg)
/home/yl3836/.conda/envs/mevent/lib/python3.9/site-packages/torchvision/models/_utils.py:208: UserWarning: The parameter 'pretrained' is deprecated since 0.13 and will be removed in 0.15, please use 'weights' instead.
  warnings.warn(
/home/yl3836/.conda/envs/mevent/lib/python3.9/site-packages/torchvision/models/_utils.py:223: UserWarning: Arguments other than a weight enum or `None` for 'weights' are deprecated since 0.13 and will be removed in 0.15. The current behavior is equivalent to passing `weights=VGG16_Weights.IMAGENET1K_V1`. You can also use `weights=VGG16_Weights.DEFAULT` to get the most up-to-date weights.
  warnings.warn(msg)
/home/yl3836/.conda/envs/mevent/lib/python3.9/site-packages/torchvision/models/_utils.py:208: UserWarning: The parameter 'pretrained' is deprecated since 0.13 and will be removed in 0.15, please use 'weights' instead.
  warnings.warn(
/home/yl3836/.conda/envs/mevent/lib/python3.9/site-packages/torchvision/models/_utils.py:223: UserWarning: Arguments other than a weight enum or `None` for 'weights' are deprecated since 0.13 and will be removed in 0.15. The current behavior is equivalent to passing `weights=VGG16_Weights.IMAGENET1K_V1`. You can also use `weights=VGG16_Weights.DEFAULT` to get the most up-to-date weights.
  warnings.warn(msg)
/home/yl3836/.conda/envs/mevent/lib/python3.9/site-packages/torchvision/models/_utils.py:208: UserWarning: The parameter 'pretrained' is deprecated since 0.13 and will be removed in 0.15, please use 'weights' instead.
  warnings.warn(
/home/yl3836/.conda/envs/mevent/lib/python3.9/site-packages/torchvision/models/_utils.py:223: UserWarning: Arguments other than a weight enum or `None` for 'weights' are deprecated since 0.13 and will be removed in 0.15. The current behavior is equivalent to passing `weights=VGG16_Weights.IMAGENET1K_V1`. You can also use `weights=VGG16_Weights.DEFAULT` to get the most up-to-date weights.
  warnings.warn(msg)
/home/yl3836/.conda/envs/mevent/lib/python3.9/site-packages/torchvision/models/_utils.py:208: UserWarning: The parameter 'pretrained' is deprecated since 0.13 and will be removed in 0.15, please use 'weights' instead.
  warnings.warn(
/home/yl3836/.conda/envs/mevent/lib/python3.9/site-packages/torchvision/models/_utils.py:223: UserWarning: Arguments other than a weight enum or `None` for 'weights' are deprecated since 0.13 and will be removed in 0.15. The current behavior is equivalent to passing `weights=VGG16_Weights.IMAGENET1K_V1`. You can also use `weights=VGG16_Weights.DEFAULT` to get the most up-to-date weights.
  warnings.warn(msg)
/home/yl3836/.conda/envs/mevent/lib/python3.9/site-packages/torchvision/models/_utils.py:208: UserWarning: The parameter 'pretrained' is deprecated since 0.13 and will be removed in 0.15, please use 'weights' instead.
  warnings.warn(
/home/yl3836/.conda/envs/mevent/lib/python3.9/site-packages/torchvision/models/_utils.py:223: UserWarning: Arguments other than a weight enum or `None` for 'weights' are deprecated since 0.13 and will be removed in 0.15. The current behavior is equivalent to passing `weights=VGG16_Weights.IMAGENET1K_V1`. You can also use `weights=VGG16_Weights.DEFAULT` to get the most up-to-date weights.
  warnings.warn(msg)
/home/yl3836/.conda/envs/mevent/lib/python3.9/site-packages/torchvision/models/_utils.py:208: UserWarning: The parameter 'pretrained' is deprecated since 0.13 and will be removed in 0.15, please use 'weights' instead.
  warnings.warn(
/home/yl3836/.conda/envs/mevent/lib/python3.9/site-packages/torchvision/models/_utils.py:223: UserWarning: Arguments other than a weight enum or `None` for 'weights' are deprecated since 0.13 and will be removed in 0.15. The current behavior is equivalent to passing `weights=VGG16_Weights.IMAGENET1K_V1`. You can also use `weights=VGG16_Weights.DEFAULT` to get the most up-to-date weights.
  warnings.warn(msg)
/home/yl3836/.conda/envs/mevent/lib/python3.9/site-packages/torchvision/models/_utils.py:208: UserWarning: The parameter 'pretrained' is deprecated since 0.13 and will be removed in 0.15, please use 'weights' instead.
  warnings.warn(
/home/yl3836/.conda/envs/mevent/lib/python3.9/site-packages/torchvision/models/_utils.py:223: UserWarning: Arguments other than a weight enum or `None` for 'weights' are deprecated since 0.13 and will be removed in 0.15. The current behavior is equivalent to passing `weights=VGG16_Weights.IMAGENET1K_V1`. You can also use `weights=VGG16_Weights.DEFAULT` to get the most up-to-date weights.
  warnings.warn(msg)
/home/yl3836/.conda/envs/mevent/lib/python3.9/site-packages/torchvision/models/_utils.py:208: UserWarning: The parameter 'pretrained' is deprecated since 0.13 and will be removed in 0.15, please use 'weights' instead.
  warnings.warn(
/home/yl3836/.conda/envs/mevent/lib/python3.9/site-packages/torchvision/models/_utils.py:223: UserWarning: Arguments other than a weight enum or `None` for 'weights' are deprecated since 0.13 and will be removed in 0.15. The current behavior is equivalent to passing `weights=VGG16_Weights.IMAGENET1K_V1`. You can also use `weights=VGG16_Weights.DEFAULT` to get the most up-to-date weights.
  warnings.warn(msg)
Train Epoch: 4 [0/2648 (0%)] loss: 0.0067 L_si: 0.0067 L_grad: 0.0000 
Train Epoch: 4 [16/2648 (1%)] loss: 0.0074 L_si: 0.0074 L_grad: 0.0000 
Train Epoch: 4 [32/2648 (1%)] loss: 0.0082 L_si: 0.0082 L_grad: 0.0000 
Train Epoch: 4 [48/2648 (2%)] loss: 0.0081 L_si: 0.0081 L_grad: 0.0000 
[W CudaIPCTypes.cpp:92] Producer process tried to deallocate over 1000 memory blocks referred by consumer processes. Deallocation might be significantly slowed down. We assume it will never going to be the case, but if it is, please file but to https://github.com/pytorch/pytorch
Train Epoch: 4 [64/2648 (2%)] loss: 0.0058 L_si: 0.0058 L_grad: 0.0000 
Train Epoch: 4 [80/2648 (3%)] loss: 0.0091 L_si: 0.0091 L_grad: 0.0000 
Train Epoch: 4 [96/2648 (4%)] loss: 0.0073 L_si: 0.0073 L_grad: 0.0000 
Train Epoch: 4 [112/2648 (4%)] loss: 0.0082 L_si: 0.0082 L_grad: 0.0000 
Train Epoch: 4 [128/2648 (5%)] loss: 0.0086 L_si: 0.0086 L_grad: 0.0000 
Train Epoch: 4 [144/2648 (5%)] loss: 0.0093 L_si: 0.0093 L_grad: 0.0000 
Train Epoch: 4 [160/2648 (6%)] loss: 0.0078 L_si: 0.0078 L_grad: 0.0000 
Train Epoch: 4 [176/2648 (7%)] loss: 0.0072 L_si: 0.0072 L_grad: 0.0000 
Train Epoch: 4 [192/2648 (7%)] loss: 0.0075 L_si: 0.0075 L_grad: 0.0000 
Train Epoch: 4 [208/2648 (8%)] loss: 0.0084 L_si: 0.0084 L_grad: 0.0000 
Train Epoch: 4 [224/2648 (8%)] loss: 0.0074 L_si: 0.0074 L_grad: 0.0000 
Train Epoch: 4 [240/2648 (9%)] loss: 0.0069 L_si: 0.0069 L_grad: 0.0000 
Train Epoch: 4 [256/2648 (10%)] loss: 0.0072 L_si: 0.0072 L_grad: 0.0000 
Train Epoch: 4 [272/2648 (10%)] loss: 0.0079 L_si: 0.0079 L_grad: 0.0000 
Train Epoch: 4 [288/2648 (11%)] loss: 0.0082 L_si: 0.0082 L_grad: 0.0000 
Train Epoch: 4 [304/2648 (11%)] loss: 0.0088 L_si: 0.0088 L_grad: 0.0000 
Train Epoch: 4 [320/2648 (12%)] loss: 0.0069 L_si: 0.0069 L_grad: 0.0000 
Train Epoch: 4 [336/2648 (13%)] loss: 0.0078 L_si: 0.0078 L_grad: 0.0000 
Train Epoch: 4 [352/2648 (13%)] loss: 0.0084 L_si: 0.0084 L_grad: 0.0000 
Train Epoch: 4 [368/2648 (14%)] loss: 0.0082 L_si: 0.0082 L_grad: 0.0000 
Train Epoch: 4 [384/2648 (15%)] loss: 0.0080 L_si: 0.0080 L_grad: 0.0000 
Train Epoch: 4 [400/2648 (15%)] loss: 0.0079 L_si: 0.0079 L_grad: 0.0000 
Train Epoch: 4 [416/2648 (16%)] loss: 0.0094 L_si: 0.0094 L_grad: 0.0000 
Train Epoch: 4 [432/2648 (16%)] loss: 0.0085 L_si: 0.0085 L_grad: 0.0000 
Train Epoch: 4 [448/2648 (17%)] loss: 0.0081 L_si: 0.0081 L_grad: 0.0000 
Train Epoch: 4 [464/2648 (18%)] loss: 0.0084 L_si: 0.0084 L_grad: 0.0000 
Train Epoch: 4 [480/2648 (18%)] loss: 0.0091 L_si: 0.0091 L_grad: 0.0000 
Train Epoch: 4 [496/2648 (19%)] loss: 0.0086 L_si: 0.0086 L_grad: 0.0000 
Train Epoch: 4 [512/2648 (19%)] loss: 0.0087 L_si: 0.0087 L_grad: 0.0000 
Train Epoch: 4 [528/2648 (20%)] loss: 0.0081 L_si: 0.0081 L_grad: 0.0000 
Train Epoch: 4 [544/2648 (21%)] loss: 0.0084 L_si: 0.0084 L_grad: 0.0000 
Train Epoch: 4 [560/2648 (21%)] loss: 0.0075 L_si: 0.0075 L_grad: 0.0000 
Train Epoch: 4 [576/2648 (22%)] loss: 0.0075 L_si: 0.0075 L_grad: 0.0000 
Train Epoch: 4 [592/2648 (22%)] loss: 0.0093 L_si: 0.0093 L_grad: 0.0000 
Train Epoch: 4 [608/2648 (23%)] loss: 0.0080 L_si: 0.0080 L_grad: 0.0000 
Train Epoch: 4 [624/2648 (24%)] loss: 0.0084 L_si: 0.0084 L_grad: 0.0000 
Train Epoch: 4 [640/2648 (24%)] loss: 0.0082 L_si: 0.0082 L_grad: 0.0000 
Train Epoch: 4 [656/2648 (25%)] loss: 0.0067 L_si: 0.0067 L_grad: 0.0000 
Train Epoch: 4 [672/2648 (25%)] loss: 0.0076 L_si: 0.0076 L_grad: 0.0000 
Train Epoch: 4 [688/2648 (26%)] loss: 0.0084 L_si: 0.0084 L_grad: 0.0000 
Train Epoch: 4 [704/2648 (27%)] loss: 0.0070 L_si: 0.0070 L_grad: 0.0000 
Train Epoch: 4 [720/2648 (27%)] loss: 0.0079 L_si: 0.0079 L_grad: 0.0000 
Train Epoch: 4 [736/2648 (28%)] loss: 0.0074 L_si: 0.0074 L_grad: 0.0000 
Train Epoch: 4 [752/2648 (28%)] loss: 0.0061 L_si: 0.0061 L_grad: 0.0000 
Train Epoch: 4 [768/2648 (29%)] loss: 0.0093 L_si: 0.0093 L_grad: 0.0000 
Train Epoch: 4 [784/2648 (30%)] loss: 0.0076 L_si: 0.0076 L_grad: 0.0000 
Train Epoch: 4 [800/2648 (30%)] loss: 0.0082 L_si: 0.0082 L_grad: 0.0000 
Train Epoch: 4 [816/2648 (31%)] loss: 0.0082 L_si: 0.0082 L_grad: 0.0000 
Train Epoch: 4 [832/2648 (31%)] loss: 0.0079 L_si: 0.0079 L_grad: 0.0000 
Train Epoch: 4 [848/2648 (32%)] loss: 0.0078 L_si: 0.0078 L_grad: 0.0000 
Train Epoch: 4 [864/2648 (33%)] loss: 0.0070 L_si: 0.0070 L_grad: 0.0000 
Train Epoch: 4 [880/2648 (33%)] loss: 0.0084 L_si: 0.0084 L_grad: 0.0000 
Train Epoch: 4 [896/2648 (34%)] loss: 0.0090 L_si: 0.0090 L_grad: 0.0000 
Train Epoch: 4 [912/2648 (34%)] loss: 0.0087 L_si: 0.0087 L_grad: 0.0000 
Train Epoch: 4 [928/2648 (35%)] loss: 0.0088 L_si: 0.0088 L_grad: 0.0000 
Train Epoch: 4 [944/2648 (36%)] loss: 0.0069 L_si: 0.0069 L_grad: 0.0000 
Train Epoch: 4 [960/2648 (36%)] loss: 0.0068 L_si: 0.0068 L_grad: 0.0000 
Train Epoch: 4 [976/2648 (37%)] loss: 0.0081 L_si: 0.0081 L_grad: 0.0000 
[W CudaIPCTypes.cpp:92] Producer process tried to deallocate over 1000 memory blocks referred by consumer processes. Deallocation might be significantly slowed down. We assume it will never going to be the case, but if it is, please file but to https://github.com/pytorch/pytorch
Train Epoch: 4 [992/2648 (37%)] loss: 0.0076 L_si: 0.0076 L_grad: 0.0000 
Train Epoch: 4 [1008/2648 (38%)] loss: 0.0083 L_si: 0.0083 L_grad: 0.0000 
Train Epoch: 4 [1024/2648 (39%)] loss: 0.0079 L_si: 0.0079 L_grad: 0.0000 
Train Epoch: 4 [1040/2648 (39%)] loss: 0.0082 L_si: 0.0082 L_grad: 0.0000 
Train Epoch: 4 [1056/2648 (40%)] loss: 0.0078 L_si: 0.0078 L_grad: 0.0000 
Train Epoch: 4 [1072/2648 (40%)] loss: 0.0087 L_si: 0.0087 L_grad: 0.0000 
Train Epoch: 4 [1088/2648 (41%)] loss: 0.0093 L_si: 0.0093 L_grad: 0.0000 
Train Epoch: 4 [1104/2648 (42%)] loss: 0.0074 L_si: 0.0074 L_grad: 0.0000 
Train Epoch: 4 [1120/2648 (42%)] loss: 0.0082 L_si: 0.0082 L_grad: 0.0000 
Train Epoch: 4 [1136/2648 (43%)] loss: 0.0078 L_si: 0.0078 L_grad: 0.0000 
Train Epoch: 4 [1152/2648 (44%)] loss: 0.0079 L_si: 0.0079 L_grad: 0.0000 
Train Epoch: 4 [1168/2648 (44%)] loss: 0.0078 L_si: 0.0078 L_grad: 0.0000 
Train Epoch: 4 [1184/2648 (45%)] loss: 0.0081 L_si: 0.0081 L_grad: 0.0000 
Train Epoch: 4 [1200/2648 (45%)] loss: 0.0087 L_si: 0.0087 L_grad: 0.0000 
Train Epoch: 4 [1216/2648 (46%)] loss: 0.0076 L_si: 0.0076 L_grad: 0.0000 
Train Epoch: 4 [1232/2648 (47%)] loss: 0.0083 L_si: 0.0083 L_grad: 0.0000 
Train Epoch: 4 [1248/2648 (47%)] loss: 0.0082 L_si: 0.0082 L_grad: 0.0000 
Train Epoch: 4 [1264/2648 (48%)] loss: 0.0074 L_si: 0.0074 L_grad: 0.0000 
Train Epoch: 4 [1280/2648 (48%)] loss: 0.0073 L_si: 0.0073 L_grad: 0.0000 
Train Epoch: 4 [1296/2648 (49%)] loss: 0.0078 L_si: 0.0078 L_grad: 0.0000 
Train Epoch: 4 [1312/2648 (50%)] loss: 0.0089 L_si: 0.0089 L_grad: 0.0000 
Train Epoch: 4 [1328/2648 (50%)] loss: 0.0080 L_si: 0.0080 L_grad: 0.0000 
Train Epoch: 4 [1344/2648 (51%)] loss: 0.0088 L_si: 0.0088 L_grad: 0.0000 
Train Epoch: 4 [1360/2648 (51%)] loss: 0.0065 L_si: 0.0065 L_grad: 0.0000 
Train Epoch: 4 [1376/2648 (52%)] loss: 0.0073 L_si: 0.0073 L_grad: 0.0000 
Train Epoch: 4 [1392/2648 (53%)] loss: 0.0075 L_si: 0.0075 L_grad: 0.0000 
Train Epoch: 4 [1408/2648 (53%)] loss: 0.0090 L_si: 0.0090 L_grad: 0.0000 
Train Epoch: 4 [1424/2648 (54%)] loss: 0.0084 L_si: 0.0084 L_grad: 0.0000 
Train Epoch: 4 [1440/2648 (54%)] loss: 0.0070 L_si: 0.0070 L_grad: 0.0000 
Train Epoch: 4 [1456/2648 (55%)] loss: 0.0081 L_si: 0.0081 L_grad: 0.0000 
Train Epoch: 4 [1472/2648 (56%)] loss: 0.0069 L_si: 0.0069 L_grad: 0.0000 
Train Epoch: 4 [1488/2648 (56%)] loss: 0.0088 L_si: 0.0088 L_grad: 0.0000 
Train Epoch: 4 [1504/2648 (57%)] loss: 0.0076 L_si: 0.0076 L_grad: 0.0000 
Train Epoch: 4 [1520/2648 (57%)] loss: 0.0087 L_si: 0.0087 L_grad: 0.0000 
Train Epoch: 4 [1536/2648 (58%)] loss: 0.0084 L_si: 0.0084 L_grad: 0.0000 
Train Epoch: 4 [1552/2648 (59%)] loss: 0.0074 L_si: 0.0074 L_grad: 0.0000 
Train Epoch: 4 [1568/2648 (59%)] loss: 0.0083 L_si: 0.0083 L_grad: 0.0000 
Train Epoch: 4 [1584/2648 (60%)] loss: 0.0086 L_si: 0.0086 L_grad: 0.0000 
[W CudaIPCTypes.cpp:92] Producer process tried to deallocate over 1000 memory blocks referred by consumer processes. Deallocation might be significantly slowed down. We assume it will never going to be the case, but if it is, please file but to https://github.com/pytorch/pytorch
Train Epoch: 4 [1600/2648 (60%)] loss: 0.0082 L_si: 0.0082 L_grad: 0.0000 
Train Epoch: 4 [1616/2648 (61%)] loss: 0.0064 L_si: 0.0064 L_grad: 0.0000 
Train Epoch: 4 [1632/2648 (62%)] loss: 0.0073 L_si: 0.0073 L_grad: 0.0000 
Train Epoch: 4 [1648/2648 (62%)] loss: 0.0075 L_si: 0.0075 L_grad: 0.0000 
Train Epoch: 4 [1664/2648 (63%)] loss: 0.0083 L_si: 0.0083 L_grad: 0.0000 
Train Epoch: 4 [1680/2648 (63%)] loss: 0.0089 L_si: 0.0089 L_grad: 0.0000 
Train Epoch: 4 [1696/2648 (64%)] loss: 0.0092 L_si: 0.0092 L_grad: 0.0000 
Train Epoch: 4 [1712/2648 (65%)] loss: 0.0076 L_si: 0.0076 L_grad: 0.0000 
Train Epoch: 4 [1728/2648 (65%)] loss: 0.0081 L_si: 0.0081 L_grad: 0.0000 
Train Epoch: 4 [1744/2648 (66%)] loss: 0.0086 L_si: 0.0086 L_grad: 0.0000 
Train Epoch: 4 [1760/2648 (66%)] loss: 0.0073 L_si: 0.0073 L_grad: 0.0000 
Train Epoch: 4 [1776/2648 (67%)] loss: 0.0081 L_si: 0.0081 L_grad: 0.0000 
Train Epoch: 4 [1792/2648 (68%)] loss: 0.0075 L_si: 0.0075 L_grad: 0.0000 
Train Epoch: 4 [1808/2648 (68%)] loss: 0.0079 L_si: 0.0079 L_grad: 0.0000 
Train Epoch: 4 [1824/2648 (69%)] loss: 0.0078 L_si: 0.0078 L_grad: 0.0000 
Train Epoch: 4 [1840/2648 (69%)] loss: 0.0070 L_si: 0.0070 L_grad: 0.0000 
Train Epoch: 4 [1856/2648 (70%)] loss: 0.0078 L_si: 0.0078 L_grad: 0.0000 
Train Epoch: 4 [1872/2648 (71%)] loss: 0.0076 L_si: 0.0076 L_grad: 0.0000 
Train Epoch: 4 [1888/2648 (71%)] loss: 0.0080 L_si: 0.0080 L_grad: 0.0000 
Train Epoch: 4 [1904/2648 (72%)] loss: 0.0077 L_si: 0.0077 L_grad: 0.0000 
Train Epoch: 4 [1920/2648 (73%)] loss: 0.0068 L_si: 0.0068 L_grad: 0.0000 
Train Epoch: 4 [1936/2648 (73%)] loss: 0.0083 L_si: 0.0083 L_grad: 0.0000 
Train Epoch: 4 [1952/2648 (74%)] loss: 0.0070 L_si: 0.0070 L_grad: 0.0000 
Train Epoch: 4 [1968/2648 (74%)] loss: 0.0069 L_si: 0.0069 L_grad: 0.0000 
Train Epoch: 4 [1984/2648 (75%)] loss: 0.0075 L_si: 0.0075 L_grad: 0.0000 
Train Epoch: 4 [2000/2648 (76%)] loss: 0.0080 L_si: 0.0080 L_grad: 0.0000 
Train Epoch: 4 [2016/2648 (76%)] loss: 0.0075 L_si: 0.0075 L_grad: 0.0000 
Train Epoch: 4 [2032/2648 (77%)] loss: 0.0074 L_si: 0.0074 L_grad: 0.0000 
Train Epoch: 4 [2048/2648 (77%)] loss: 0.0083 L_si: 0.0083 L_grad: 0.0000 
Train Epoch: 4 [2064/2648 (78%)] loss: 0.0079 L_si: 0.0079 L_grad: 0.0000 
Train Epoch: 4 [2080/2648 (79%)] loss: 0.0072 L_si: 0.0072 L_grad: 0.0000 
Train Epoch: 4 [2096/2648 (79%)] loss: 0.0079 L_si: 0.0079 L_grad: 0.0000 
Train Epoch: 4 [2112/2648 (80%)] loss: 0.0085 L_si: 0.0085 L_grad: 0.0000 
Train Epoch: 4 [2128/2648 (80%)] loss: 0.0069 L_si: 0.0069 L_grad: 0.0000 
Train Epoch: 4 [2144/2648 (81%)] loss: 0.0080 L_si: 0.0080 L_grad: 0.0000 
Train Epoch: 4 [2160/2648 (82%)] loss: 0.0068 L_si: 0.0068 L_grad: 0.0000 
Train Epoch: 4 [2176/2648 (82%)] loss: 0.0077 L_si: 0.0077 L_grad: 0.0000 
Train Epoch: 4 [2192/2648 (83%)] loss: 0.0076 L_si: 0.0076 L_grad: 0.0000 
Train Epoch: 4 [2208/2648 (83%)] loss: 0.0078 L_si: 0.0078 L_grad: 0.0000 
Train Epoch: 4 [2224/2648 (84%)] loss: 0.0073 L_si: 0.0073 L_grad: 0.0000 
Train Epoch: 4 [2240/2648 (85%)] loss: 0.0080 L_si: 0.0080 L_grad: 0.0000 
Train Epoch: 4 [2256/2648 (85%)] loss: 0.0088 L_si: 0.0088 L_grad: 0.0000 
Train Epoch: 4 [2272/2648 (86%)] loss: 0.0075 L_si: 0.0075 L_grad: 0.0000 
Train Epoch: 4 [2288/2648 (86%)] loss: 0.0075 L_si: 0.0075 L_grad: 0.0000 
Train Epoch: 4 [2304/2648 (87%)] loss: 0.0079 L_si: 0.0079 L_grad: 0.0000 
Train Epoch: 4 [2320/2648 (88%)] loss: 0.0064 L_si: 0.0064 L_grad: 0.0000 
Train Epoch: 4 [2336/2648 (88%)] loss: 0.0084 L_si: 0.0084 L_grad: 0.0000 
Train Epoch: 4 [2352/2648 (89%)] loss: 0.0078 L_si: 0.0078 L_grad: 0.0000 
Train Epoch: 4 [2368/2648 (89%)] loss: 0.0084 L_si: 0.0084 L_grad: 0.0000 
Train Epoch: 4 [2384/2648 (90%)] loss: 0.0084 L_si: 0.0084 L_grad: 0.0000 
Train Epoch: 4 [2400/2648 (91%)] loss: 0.0080 L_si: 0.0080 L_grad: 0.0000 
Train Epoch: 4 [2416/2648 (91%)] loss: 0.0078 L_si: 0.0078 L_grad: 0.0000 
Train Epoch: 4 [2432/2648 (92%)] loss: 0.0067 L_si: 0.0067 L_grad: 0.0000 
Train Epoch: 4 [2448/2648 (92%)] loss: 0.0093 L_si: 0.0093 L_grad: 0.0000 
Train Epoch: 4 [2464/2648 (93%)] loss: 0.0076 L_si: 0.0076 L_grad: 0.0000 
Train Epoch: 4 [2480/2648 (94%)] loss: 0.0085 L_si: 0.0085 L_grad: 0.0000 
Train Epoch: 4 [2496/2648 (94%)] loss: 0.0070 L_si: 0.0070 L_grad: 0.0000 
Train Epoch: 4 [2512/2648 (95%)] loss: 0.0065 L_si: 0.0065 L_grad: 0.0000 
Train Epoch: 4 [2528/2648 (95%)] loss: 0.0075 L_si: 0.0075 L_grad: 0.0000 
Train Epoch: 4 [2544/2648 (96%)] loss: 0.0082 L_si: 0.0082 L_grad: 0.0000 
Train Epoch: 4 [2560/2648 (97%)] loss: 0.0086 L_si: 0.0086 L_grad: 0.0000 
Train Epoch: 4 [2576/2648 (97%)] loss: 0.0075 L_si: 0.0075 L_grad: 0.0000 
Train Epoch: 4 [2592/2648 (98%)] loss: 0.0078 L_si: 0.0078 L_grad: 0.0000 
Train Epoch: 4 [2608/2648 (98%)] loss: 0.0075 L_si: 0.0075 L_grad: 0.0000 
Train Epoch: 4 [2624/2648 (99%)] loss: 0.0077 L_si: 0.0077 L_grad: 0.0000 
Train Epoch: 4 [2640/2648 (100%)] loss: 0.0079 L_si: 0.0079 L_grad: 0.0000 
[W CudaIPCTypes.cpp:15] Producer process has been terminated before all shared CUDA tensors released. See Note [Sharing CUDA tensors]
/home/yl3836/.conda/envs/mevent/lib/python3.9/site-packages/torchvision/models/_utils.py:208: UserWarning: The parameter 'pretrained' is deprecated since 0.13 and will be removed in 0.15, please use 'weights' instead.
  warnings.warn(
/home/yl3836/.conda/envs/mevent/lib/python3.9/site-packages/torchvision/models/_utils.py:223: UserWarning: Arguments other than a weight enum or `None` for 'weights' are deprecated since 0.13 and will be removed in 0.15. The current behavior is equivalent to passing `weights=VGG16_Weights.IMAGENET1K_V1`. You can also use `weights=VGG16_Weights.DEFAULT` to get the most up-to-date weights.
  warnings.warn(msg)
/home/yl3836/.conda/envs/mevent/lib/python3.9/site-packages/torchvision/models/_utils.py:208: UserWarning: The parameter 'pretrained' is deprecated since 0.13 and will be removed in 0.15, please use 'weights' instead.
  warnings.warn(
/home/yl3836/.conda/envs/mevent/lib/python3.9/site-packages/torchvision/models/_utils.py:223: UserWarning: Arguments other than a weight enum or `None` for 'weights' are deprecated since 0.13 and will be removed in 0.15. The current behavior is equivalent to passing `weights=VGG16_Weights.IMAGENET1K_V1`. You can also use `weights=VGG16_Weights.DEFAULT` to get the most up-to-date weights.
  warnings.warn(msg)
/home/yl3836/.conda/envs/mevent/lib/python3.9/site-packages/torchvision/models/_utils.py:208: UserWarning: The parameter 'pretrained' is deprecated since 0.13 and will be removed in 0.15, please use 'weights' instead.
  warnings.warn(
/home/yl3836/.conda/envs/mevent/lib/python3.9/site-packages/torchvision/models/_utils.py:223: UserWarning: Arguments other than a weight enum or `None` for 'weights' are deprecated since 0.13 and will be removed in 0.15. The current behavior is equivalent to passing `weights=VGG16_Weights.IMAGENET1K_V1`. You can also use `weights=VGG16_Weights.DEFAULT` to get the most up-to-date weights.
  warnings.warn(msg)
/home/yl3836/.conda/envs/mevent/lib/python3.9/site-packages/torchvision/models/_utils.py:208: UserWarning: The parameter 'pretrained' is deprecated since 0.13 and will be removed in 0.15, please use 'weights' instead.
  warnings.warn(
/home/yl3836/.conda/envs/mevent/lib/python3.9/site-packages/torchvision/models/_utils.py:223: UserWarning: Arguments other than a weight enum or `None` for 'weights' are deprecated since 0.13 and will be removed in 0.15. The current behavior is equivalent to passing `weights=VGG16_Weights.IMAGENET1K_V1`. You can also use `weights=VGG16_Weights.DEFAULT` to get the most up-to-date weights.
  warnings.warn(msg)
/home/yl3836/.conda/envs/mevent/lib/python3.9/site-packages/torchvision/models/_utils.py:208: UserWarning: The parameter 'pretrained' is deprecated since 0.13 and will be removed in 0.15, please use 'weights' instead.
  warnings.warn(
/home/yl3836/.conda/envs/mevent/lib/python3.9/site-packages/torchvision/models/_utils.py:223: UserWarning: Arguments other than a weight enum or `None` for 'weights' are deprecated since 0.13 and will be removed in 0.15. The current behavior is equivalent to passing `weights=VGG16_Weights.IMAGENET1K_V1`. You can also use `weights=VGG16_Weights.DEFAULT` to get the most up-to-date weights.
  warnings.warn(msg)
/home/yl3836/.conda/envs/mevent/lib/python3.9/site-packages/torchvision/models/_utils.py:208: UserWarning: The parameter 'pretrained' is deprecated since 0.13 and will be removed in 0.15, please use 'weights' instead.
  warnings.warn(
/home/yl3836/.conda/envs/mevent/lib/python3.9/site-packages/torchvision/models/_utils.py:223: UserWarning: Arguments other than a weight enum or `None` for 'weights' are deprecated since 0.13 and will be removed in 0.15. The current behavior is equivalent to passing `weights=VGG16_Weights.IMAGENET1K_V1`. You can also use `weights=VGG16_Weights.DEFAULT` to get the most up-to-date weights.
  warnings.warn(msg)
/home/yl3836/.conda/envs/mevent/lib/python3.9/site-packages/torchvision/models/_utils.py:208: UserWarning: The parameter 'pretrained' is deprecated since 0.13 and will be removed in 0.15, please use 'weights' instead.
  warnings.warn(
/home/yl3836/.conda/envs/mevent/lib/python3.9/site-packages/torchvision/models/_utils.py:223: UserWarning: Arguments other than a weight enum or `None` for 'weights' are deprecated since 0.13 and will be removed in 0.15. The current behavior is equivalent to passing `weights=VGG16_Weights.IMAGENET1K_V1`. You can also use `weights=VGG16_Weights.DEFAULT` to get the most up-to-date weights.
  warnings.warn(msg)
/home/yl3836/.conda/envs/mevent/lib/python3.9/site-packages/torchvision/models/_utils.py:208: UserWarning: The parameter 'pretrained' is deprecated since 0.13 and will be removed in 0.15, please use 'weights' instead.
  warnings.warn(
/home/yl3836/.conda/envs/mevent/lib/python3.9/site-packages/torchvision/models/_utils.py:223: UserWarning: Arguments other than a weight enum or `None` for 'weights' are deprecated since 0.13 and will be removed in 0.15. The current behavior is equivalent to passing `weights=VGG16_Weights.IMAGENET1K_V1`. You can also use `weights=VGG16_Weights.DEFAULT` to get the most up-to-date weights.
  warnings.warn(msg)
/home/yl3836/.conda/envs/mevent/lib/python3.9/site-packages/torchvision/models/_utils.py:208: UserWarning: The parameter 'pretrained' is deprecated since 0.13 and will be removed in 0.15, please use 'weights' instead.
  warnings.warn(
/home/yl3836/.conda/envs/mevent/lib/python3.9/site-packages/torchvision/models/_utils.py:223: UserWarning: Arguments other than a weight enum or `None` for 'weights' are deprecated since 0.13 and will be removed in 0.15. The current behavior is equivalent to passing `weights=VGG16_Weights.IMAGENET1K_V1`. You can also use `weights=VGG16_Weights.DEFAULT` to get the most up-to-date weights.
  warnings.warn(msg)
/home/yl3836/.conda/envs/mevent/lib/python3.9/site-packages/torchvision/models/_utils.py:208: UserWarning: The parameter 'pretrained' is deprecated since 0.13 and will be removed in 0.15, please use 'weights' instead.
  warnings.warn(
/home/yl3836/.conda/envs/mevent/lib/python3.9/site-packages/torchvision/models/_utils.py:223: UserWarning: Arguments other than a weight enum or `None` for 'weights' are deprecated since 0.13 and will be removed in 0.15. The current behavior is equivalent to passing `weights=VGG16_Weights.IMAGENET1K_V1`. You can also use `weights=VGG16_Weights.DEFAULT` to get the most up-to-date weights.
  warnings.warn(msg)
/home/yl3836/.conda/envs/mevent/lib/python3.9/site-packages/torchvision/models/_utils.py:208: UserWarning: The parameter 'pretrained' is deprecated since 0.13 and will be removed in 0.15, please use 'weights' instead.
  warnings.warn(
/home/yl3836/.conda/envs/mevent/lib/python3.9/site-packages/torchvision/models/_utils.py:223: UserWarning: Arguments other than a weight enum or `None` for 'weights' are deprecated since 0.13 and will be removed in 0.15. The current behavior is equivalent to passing `weights=VGG16_Weights.IMAGENET1K_V1`. You can also use `weights=VGG16_Weights.DEFAULT` to get the most up-to-date weights.
  warnings.warn(msg)
/home/yl3836/.conda/envs/mevent/lib/python3.9/site-packages/torchvision/models/_utils.py:208: UserWarning: The parameter 'pretrained' is deprecated since 0.13 and will be removed in 0.15, please use 'weights' instead.
  warnings.warn(
/home/yl3836/.conda/envs/mevent/lib/python3.9/site-packages/torchvision/models/_utils.py:223: UserWarning: Arguments other than a weight enum or `None` for 'weights' are deprecated since 0.13 and will be removed in 0.15. The current behavior is equivalent to passing `weights=VGG16_Weights.IMAGENET1K_V1`. You can also use `weights=VGG16_Weights.DEFAULT` to get the most up-to-date weights.
  warnings.warn(msg)
/home/yl3836/.conda/envs/mevent/lib/python3.9/site-packages/torchvision/models/_utils.py:208: UserWarning: The parameter 'pretrained' is deprecated since 0.13 and will be removed in 0.15, please use 'weights' instead.
  warnings.warn(
/home/yl3836/.conda/envs/mevent/lib/python3.9/site-packages/torchvision/models/_utils.py:223: UserWarning: Arguments other than a weight enum or `None` for 'weights' are deprecated since 0.13 and will be removed in 0.15. The current behavior is equivalent to passing `weights=VGG16_Weights.IMAGENET1K_V1`. You can also use `weights=VGG16_Weights.DEFAULT` to get the most up-to-date weights.
  warnings.warn(msg)
/home/yl3836/.conda/envs/mevent/lib/python3.9/site-packages/torchvision/models/_utils.py:208: UserWarning: The parameter 'pretrained' is deprecated since 0.13 and will be removed in 0.15, please use 'weights' instead.
  warnings.warn(
/home/yl3836/.conda/envs/mevent/lib/python3.9/site-packages/torchvision/models/_utils.py:223: UserWarning: Arguments other than a weight enum or `None` for 'weights' are deprecated since 0.13 and will be removed in 0.15. The current behavior is equivalent to passing `weights=VGG16_Weights.IMAGENET1K_V1`. You can also use `weights=VGG16_Weights.DEFAULT` to get the most up-to-date weights.
  warnings.warn(msg)
Validation: [0/888 (0%)]
Validation: [16/888 (2%)]
Validation: [32/888 (4%)]
Validation: [48/888 (5%)]
[W CudaIPCTypes.cpp:92] Producer process tried to deallocate over 1000 memory blocks referred by consumer processes. Deallocation might be significantly slowed down. We assume it will never going to be the case, but if it is, please file but to https://github.com/pytorch/pytorch
Validation: [64/888 (7%)]
Validation: [80/888 (9%)]
Validation: [96/888 (11%)]
Validation: [112/888 (13%)]
Validation: [128/888 (14%)]
Validation: [144/888 (16%)]
Validation: [160/888 (18%)]
Validation: [176/888 (20%)]
Validation: [192/888 (22%)]
Validation: [208/888 (23%)]
Validation: [224/888 (25%)]
Validation: [240/888 (27%)]
Validation: [256/888 (29%)]
Validation: [272/888 (31%)]
Validation: [288/888 (32%)]
Validation: [304/888 (34%)]
Validation: [320/888 (36%)]
Validation: [336/888 (38%)]
Validation: [352/888 (40%)]
Validation: [368/888 (41%)]
Validation: [384/888 (43%)]
Validation: [400/888 (45%)]
Validation: [416/888 (47%)]
Validation: [432/888 (49%)]
Validation: [448/888 (50%)]
Validation: [464/888 (52%)]
Validation: [480/888 (54%)]
Validation: [496/888 (56%)]
Validation: [512/888 (58%)]
Validation: [528/888 (59%)]
Validation: [544/888 (61%)]
Validation: [560/888 (63%)]
Validation: [576/888 (65%)]
Validation: [592/888 (67%)]
Validation: [608/888 (68%)]
Validation: [624/888 (70%)]
Validation: [640/888 (72%)]
Validation: [656/888 (74%)]
Validation: [672/888 (76%)]
Validation: [688/888 (77%)]
Validation: [704/888 (79%)]
Validation: [720/888 (81%)]
Validation: [736/888 (83%)]
Validation: [752/888 (85%)]
Validation: [768/888 (86%)]
Validation: [784/888 (88%)]
Validation: [800/888 (90%)]
Validation: [816/888 (92%)]
Validation: [832/888 (94%)]
Validation: [848/888 (95%)]
Validation: [864/888 (97%)]
Validation: [880/888 (99%)]
[W CudaIPCTypes.cpp:15] Producer process has been terminated before all shared CUDA tensors released. See Note [Sharing CUDA tensors]
Saving current best: model_best.pth.tar ...
Saving checkpoint: saved/1027_sparse_v2_two_points_[space_5]_0_75/example_psf/checkpoint-epoch004-loss-0.0078.pth.tar ...
/home/yl3836/.conda/envs/mevent/lib/python3.9/site-packages/torchvision/models/_utils.py:208: UserWarning: The parameter 'pretrained' is deprecated since 0.13 and will be removed in 0.15, please use 'weights' instead.
  warnings.warn(
/home/yl3836/.conda/envs/mevent/lib/python3.9/site-packages/torchvision/models/_utils.py:223: UserWarning: Arguments other than a weight enum or `None` for 'weights' are deprecated since 0.13 and will be removed in 0.15. The current behavior is equivalent to passing `weights=VGG16_Weights.IMAGENET1K_V1`. You can also use `weights=VGG16_Weights.DEFAULT` to get the most up-to-date weights.
  warnings.warn(msg)
/home/yl3836/.conda/envs/mevent/lib/python3.9/site-packages/torchvision/models/_utils.py:208: UserWarning: The parameter 'pretrained' is deprecated since 0.13 and will be removed in 0.15, please use 'weights' instead.
  warnings.warn(
/home/yl3836/.conda/envs/mevent/lib/python3.9/site-packages/torchvision/models/_utils.py:223: UserWarning: Arguments other than a weight enum or `None` for 'weights' are deprecated since 0.13 and will be removed in 0.15. The current behavior is equivalent to passing `weights=VGG16_Weights.IMAGENET1K_V1`. You can also use `weights=VGG16_Weights.DEFAULT` to get the most up-to-date weights.
  warnings.warn(msg)
/home/yl3836/.conda/envs/mevent/lib/python3.9/site-packages/torchvision/models/_utils.py:208: UserWarning: The parameter 'pretrained' is deprecated since 0.13 and will be removed in 0.15, please use 'weights' instead.
  warnings.warn(
/home/yl3836/.conda/envs/mevent/lib/python3.9/site-packages/torchvision/models/_utils.py:223: UserWarning: Arguments other than a weight enum or `None` for 'weights' are deprecated since 0.13 and will be removed in 0.15. The current behavior is equivalent to passing `weights=VGG16_Weights.IMAGENET1K_V1`. You can also use `weights=VGG16_Weights.DEFAULT` to get the most up-to-date weights.
  warnings.warn(msg)
/home/yl3836/.conda/envs/mevent/lib/python3.9/site-packages/torchvision/models/_utils.py:208: UserWarning: The parameter 'pretrained' is deprecated since 0.13 and will be removed in 0.15, please use 'weights' instead.
  warnings.warn(
/home/yl3836/.conda/envs/mevent/lib/python3.9/site-packages/torchvision/models/_utils.py:223: UserWarning: Arguments other than a weight enum or `None` for 'weights' are deprecated since 0.13 and will be removed in 0.15. The current behavior is equivalent to passing `weights=VGG16_Weights.IMAGENET1K_V1`. You can also use `weights=VGG16_Weights.DEFAULT` to get the most up-to-date weights.
  warnings.warn(msg)
/home/yl3836/.conda/envs/mevent/lib/python3.9/site-packages/torchvision/models/_utils.py:208: UserWarning: The parameter 'pretrained' is deprecated since 0.13 and will be removed in 0.15, please use 'weights' instead.
  warnings.warn(
/home/yl3836/.conda/envs/mevent/lib/python3.9/site-packages/torchvision/models/_utils.py:223: UserWarning: Arguments other than a weight enum or `None` for 'weights' are deprecated since 0.13 and will be removed in 0.15. The current behavior is equivalent to passing `weights=VGG16_Weights.IMAGENET1K_V1`. You can also use `weights=VGG16_Weights.DEFAULT` to get the most up-to-date weights.
  warnings.warn(msg)
/home/yl3836/.conda/envs/mevent/lib/python3.9/site-packages/torchvision/models/_utils.py:208: UserWarning: The parameter 'pretrained' is deprecated since 0.13 and will be removed in 0.15, please use 'weights' instead.
  warnings.warn(
/home/yl3836/.conda/envs/mevent/lib/python3.9/site-packages/torchvision/models/_utils.py:223: UserWarning: Arguments other than a weight enum or `None` for 'weights' are deprecated since 0.13 and will be removed in 0.15. The current behavior is equivalent to passing `weights=VGG16_Weights.IMAGENET1K_V1`. You can also use `weights=VGG16_Weights.DEFAULT` to get the most up-to-date weights.
  warnings.warn(msg)
/home/yl3836/.conda/envs/mevent/lib/python3.9/site-packages/torchvision/models/_utils.py:208: UserWarning: The parameter 'pretrained' is deprecated since 0.13 and will be removed in 0.15, please use 'weights' instead.
  warnings.warn(
/home/yl3836/.conda/envs/mevent/lib/python3.9/site-packages/torchvision/models/_utils.py:223: UserWarning: Arguments other than a weight enum or `None` for 'weights' are deprecated since 0.13 and will be removed in 0.15. The current behavior is equivalent to passing `weights=VGG16_Weights.IMAGENET1K_V1`. You can also use `weights=VGG16_Weights.DEFAULT` to get the most up-to-date weights.
  warnings.warn(msg)
/home/yl3836/.conda/envs/mevent/lib/python3.9/site-packages/torchvision/models/_utils.py:208: UserWarning: The parameter 'pretrained' is deprecated since 0.13 and will be removed in 0.15, please use 'weights' instead.
  warnings.warn(
/home/yl3836/.conda/envs/mevent/lib/python3.9/site-packages/torchvision/models/_utils.py:223: UserWarning: Arguments other than a weight enum or `None` for 'weights' are deprecated since 0.13 and will be removed in 0.15. The current behavior is equivalent to passing `weights=VGG16_Weights.IMAGENET1K_V1`. You can also use `weights=VGG16_Weights.DEFAULT` to get the most up-to-date weights.
  warnings.warn(msg)
/home/yl3836/.conda/envs/mevent/lib/python3.9/site-packages/torchvision/models/_utils.py:208: UserWarning: The parameter 'pretrained' is deprecated since 0.13 and will be removed in 0.15, please use 'weights' instead.
  warnings.warn(
/home/yl3836/.conda/envs/mevent/lib/python3.9/site-packages/torchvision/models/_utils.py:223: UserWarning: Arguments other than a weight enum or `None` for 'weights' are deprecated since 0.13 and will be removed in 0.15. The current behavior is equivalent to passing `weights=VGG16_Weights.IMAGENET1K_V1`. You can also use `weights=VGG16_Weights.DEFAULT` to get the most up-to-date weights.
  warnings.warn(msg)
/home/yl3836/.conda/envs/mevent/lib/python3.9/site-packages/torchvision/models/_utils.py:208: UserWarning: The parameter 'pretrained' is deprecated since 0.13 and will be removed in 0.15, please use 'weights' instead.
  warnings.warn(
/home/yl3836/.conda/envs/mevent/lib/python3.9/site-packages/torchvision/models/_utils.py:223: UserWarning: Arguments other than a weight enum or `None` for 'weights' are deprecated since 0.13 and will be removed in 0.15. The current behavior is equivalent to passing `weights=VGG16_Weights.IMAGENET1K_V1`. You can also use `weights=VGG16_Weights.DEFAULT` to get the most up-to-date weights.
  warnings.warn(msg)
/home/yl3836/.conda/envs/mevent/lib/python3.9/site-packages/torchvision/models/_utils.py:208: UserWarning: The parameter 'pretrained' is deprecated since 0.13 and will be removed in 0.15, please use 'weights' instead.
  warnings.warn(
/home/yl3836/.conda/envs/mevent/lib/python3.9/site-packages/torchvision/models/_utils.py:223: UserWarning: Arguments other than a weight enum or `None` for 'weights' are deprecated since 0.13 and will be removed in 0.15. The current behavior is equivalent to passing `weights=VGG16_Weights.IMAGENET1K_V1`. You can also use `weights=VGG16_Weights.DEFAULT` to get the most up-to-date weights.
  warnings.warn(msg)
/home/yl3836/.conda/envs/mevent/lib/python3.9/site-packages/torchvision/models/_utils.py:208: UserWarning: The parameter 'pretrained' is deprecated since 0.13 and will be removed in 0.15, please use 'weights' instead.
  warnings.warn(
/home/yl3836/.conda/envs/mevent/lib/python3.9/site-packages/torchvision/models/_utils.py:223: UserWarning: Arguments other than a weight enum or `None` for 'weights' are deprecated since 0.13 and will be removed in 0.15. The current behavior is equivalent to passing `weights=VGG16_Weights.IMAGENET1K_V1`. You can also use `weights=VGG16_Weights.DEFAULT` to get the most up-to-date weights.
  warnings.warn(msg)
/home/yl3836/.conda/envs/mevent/lib/python3.9/site-packages/torchvision/models/_utils.py:208: UserWarning: The parameter 'pretrained' is deprecated since 0.13 and will be removed in 0.15, please use 'weights' instead.
  warnings.warn(
/home/yl3836/.conda/envs/mevent/lib/python3.9/site-packages/torchvision/models/_utils.py:223: UserWarning: Arguments other than a weight enum or `None` for 'weights' are deprecated since 0.13 and will be removed in 0.15. The current behavior is equivalent to passing `weights=VGG16_Weights.IMAGENET1K_V1`. You can also use `weights=VGG16_Weights.DEFAULT` to get the most up-to-date weights.
  warnings.warn(msg)
/home/yl3836/.conda/envs/mevent/lib/python3.9/site-packages/torchvision/models/_utils.py:208: UserWarning: The parameter 'pretrained' is deprecated since 0.13 and will be removed in 0.15, please use 'weights' instead.
  warnings.warn(
/home/yl3836/.conda/envs/mevent/lib/python3.9/site-packages/torchvision/models/_utils.py:223: UserWarning: Arguments other than a weight enum or `None` for 'weights' are deprecated since 0.13 and will be removed in 0.15. The current behavior is equivalent to passing `weights=VGG16_Weights.IMAGENET1K_V1`. You can also use `weights=VGG16_Weights.DEFAULT` to get the most up-to-date weights.
  warnings.warn(msg)
Train Epoch: 5 [0/2648 (0%)] loss: 0.0071 L_si: 0.0071 L_grad: 0.0000 
Train Epoch: 5 [16/2648 (1%)] loss: 0.0076 L_si: 0.0076 L_grad: 0.0000 
Train Epoch: 5 [32/2648 (1%)] loss: 0.0077 L_si: 0.0077 L_grad: 0.0000 
Train Epoch: 5 [48/2648 (2%)] loss: 0.0086 L_si: 0.0086 L_grad: 0.0000 
[W CudaIPCTypes.cpp:92] Producer process tried to deallocate over 1000 memory blocks referred by consumer processes. Deallocation might be significantly slowed down. We assume it will never going to be the case, but if it is, please file but to https://github.com/pytorch/pytorch
Train Epoch: 5 [64/2648 (2%)] loss: 0.0077 L_si: 0.0077 L_grad: 0.0000 
Train Epoch: 5 [80/2648 (3%)] loss: 0.0081 L_si: 0.0081 L_grad: 0.0000 
Train Epoch: 5 [96/2648 (4%)] loss: 0.0083 L_si: 0.0083 L_grad: 0.0000 
Train Epoch: 5 [112/2648 (4%)] loss: 0.0076 L_si: 0.0076 L_grad: 0.0000 
Train Epoch: 5 [128/2648 (5%)] loss: 0.0067 L_si: 0.0067 L_grad: 0.0000 
Train Epoch: 5 [144/2648 (5%)] loss: 0.0079 L_si: 0.0079 L_grad: 0.0000 
Train Epoch: 5 [160/2648 (6%)] loss: 0.0079 L_si: 0.0079 L_grad: 0.0000 
Train Epoch: 5 [176/2648 (7%)] loss: 0.0063 L_si: 0.0063 L_grad: 0.0000 
Train Epoch: 5 [192/2648 (7%)] loss: 0.0083 L_si: 0.0083 L_grad: 0.0000 
Train Epoch: 5 [208/2648 (8%)] loss: 0.0079 L_si: 0.0079 L_grad: 0.0000 
Train Epoch: 5 [224/2648 (8%)] loss: 0.0091 L_si: 0.0091 L_grad: 0.0000 
Train Epoch: 5 [240/2648 (9%)] loss: 0.0080 L_si: 0.0080 L_grad: 0.0000 
Train Epoch: 5 [256/2648 (10%)] loss: 0.0083 L_si: 0.0083 L_grad: 0.0000 
[W CudaIPCTypes.cpp:92] Producer process tried to deallocate over 1000 memory blocks referred by consumer processes. Deallocation might be significantly slowed down. We assume it will never going to be the case, but if it is, please file but to https://github.com/pytorch/pytorch
Train Epoch: 5 [272/2648 (10%)] loss: 0.0067 L_si: 0.0067 L_grad: 0.0000 
Train Epoch: 5 [288/2648 (11%)] loss: 0.0074 L_si: 0.0074 L_grad: 0.0000 
Train Epoch: 5 [304/2648 (11%)] loss: 0.0069 L_si: 0.0069 L_grad: 0.0000 
Train Epoch: 5 [320/2648 (12%)] loss: 0.0084 L_si: 0.0084 L_grad: 0.0000 
Train Epoch: 5 [336/2648 (13%)] loss: 0.0085 L_si: 0.0085 L_grad: 0.0000 
Train Epoch: 5 [352/2648 (13%)] loss: 0.0076 L_si: 0.0076 L_grad: 0.0000 
Train Epoch: 5 [368/2648 (14%)] loss: 0.0080 L_si: 0.0080 L_grad: 0.0000 
Train Epoch: 5 [384/2648 (15%)] loss: 0.0077 L_si: 0.0077 L_grad: 0.0000 
Train Epoch: 5 [400/2648 (15%)] loss: 0.0063 L_si: 0.0063 L_grad: 0.0000 
Train Epoch: 5 [416/2648 (16%)] loss: 0.0081 L_si: 0.0081 L_grad: 0.0000 
Train Epoch: 5 [432/2648 (16%)] loss: 0.0074 L_si: 0.0074 L_grad: 0.0000 
Train Epoch: 5 [448/2648 (17%)] loss: 0.0077 L_si: 0.0077 L_grad: 0.0000 
Train Epoch: 5 [464/2648 (18%)] loss: 0.0080 L_si: 0.0080 L_grad: 0.0000 
Train Epoch: 5 [480/2648 (18%)] loss: 0.0078 L_si: 0.0078 L_grad: 0.0000 
Train Epoch: 5 [496/2648 (19%)] loss: 0.0080 L_si: 0.0080 L_grad: 0.0000 
Train Epoch: 5 [512/2648 (19%)] loss: 0.0084 L_si: 0.0084 L_grad: 0.0000 
Train Epoch: 5 [528/2648 (20%)] loss: 0.0080 L_si: 0.0080 L_grad: 0.0000 
Train Epoch: 5 [544/2648 (21%)] loss: 0.0082 L_si: 0.0082 L_grad: 0.0000 
Train Epoch: 5 [560/2648 (21%)] loss: 0.0084 L_si: 0.0084 L_grad: 0.0000 
Train Epoch: 5 [576/2648 (22%)] loss: 0.0065 L_si: 0.0065 L_grad: 0.0000 
Train Epoch: 5 [592/2648 (22%)] loss: 0.0077 L_si: 0.0077 L_grad: 0.0000 
Train Epoch: 5 [608/2648 (23%)] loss: 0.0075 L_si: 0.0075 L_grad: 0.0000 
Train Epoch: 5 [624/2648 (24%)] loss: 0.0072 L_si: 0.0072 L_grad: 0.0000 
Train Epoch: 5 [640/2648 (24%)] loss: 0.0075 L_si: 0.0075 L_grad: 0.0000 
Train Epoch: 5 [656/2648 (25%)] loss: 0.0088 L_si: 0.0088 L_grad: 0.0000 
Train Epoch: 5 [672/2648 (25%)] loss: 0.0081 L_si: 0.0081 L_grad: 0.0000 
Train Epoch: 5 [688/2648 (26%)] loss: 0.0066 L_si: 0.0066 L_grad: 0.0000 
Train Epoch: 5 [704/2648 (27%)] loss: 0.0089 L_si: 0.0089 L_grad: 0.0000 
Train Epoch: 5 [720/2648 (27%)] loss: 0.0076 L_si: 0.0076 L_grad: 0.0000 
Train Epoch: 5 [736/2648 (28%)] loss: 0.0083 L_si: 0.0083 L_grad: 0.0000 
Train Epoch: 5 [752/2648 (28%)] loss: 0.0074 L_si: 0.0074 L_grad: 0.0000 
Train Epoch: 5 [768/2648 (29%)] loss: 0.0060 L_si: 0.0060 L_grad: 0.0000 
Train Epoch: 5 [784/2648 (30%)] loss: 0.0087 L_si: 0.0087 L_grad: 0.0000 
Train Epoch: 5 [800/2648 (30%)] loss: 0.0071 L_si: 0.0071 L_grad: 0.0000 
Train Epoch: 5 [816/2648 (31%)] loss: 0.0075 L_si: 0.0075 L_grad: 0.0000 
Train Epoch: 5 [832/2648 (31%)] loss: 0.0062 L_si: 0.0062 L_grad: 0.0000 
Train Epoch: 5 [848/2648 (32%)] loss: 0.0078 L_si: 0.0078 L_grad: 0.0000 
Train Epoch: 5 [864/2648 (33%)] loss: 0.0078 L_si: 0.0078 L_grad: 0.0000 
Train Epoch: 5 [880/2648 (33%)] loss: 0.0066 L_si: 0.0066 L_grad: 0.0000 
Train Epoch: 5 [896/2648 (34%)] loss: 0.0087 L_si: 0.0087 L_grad: 0.0000 
Train Epoch: 5 [912/2648 (34%)] loss: 0.0063 L_si: 0.0063 L_grad: 0.0000 
Train Epoch: 5 [928/2648 (35%)] loss: 0.0068 L_si: 0.0068 L_grad: 0.0000 
Train Epoch: 5 [944/2648 (36%)] loss: 0.0089 L_si: 0.0089 L_grad: 0.0000 
Train Epoch: 5 [960/2648 (36%)] loss: 0.0080 L_si: 0.0080 L_grad: 0.0000 
Train Epoch: 5 [976/2648 (37%)] loss: 0.0079 L_si: 0.0079 L_grad: 0.0000 
Train Epoch: 5 [992/2648 (37%)] loss: 0.0070 L_si: 0.0070 L_grad: 0.0000 
Train Epoch: 5 [1008/2648 (38%)] loss: 0.0067 L_si: 0.0067 L_grad: 0.0000 
Train Epoch: 5 [1024/2648 (39%)] loss: 0.0073 L_si: 0.0073 L_grad: 0.0000 
Train Epoch: 5 [1040/2648 (39%)] loss: 0.0074 L_si: 0.0074 L_grad: 0.0000 
Train Epoch: 5 [1056/2648 (40%)] loss: 0.0075 L_si: 0.0075 L_grad: 0.0000 
Train Epoch: 5 [1072/2648 (40%)] loss: 0.0078 L_si: 0.0078 L_grad: 0.0000 
Train Epoch: 5 [1088/2648 (41%)] loss: 0.0082 L_si: 0.0082 L_grad: 0.0000 
Train Epoch: 5 [1104/2648 (42%)] loss: 0.0068 L_si: 0.0068 L_grad: 0.0000 
Train Epoch: 5 [1120/2648 (42%)] loss: 0.0073 L_si: 0.0073 L_grad: 0.0000 
Train Epoch: 5 [1136/2648 (43%)] loss: 0.0084 L_si: 0.0084 L_grad: 0.0000 
Train Epoch: 5 [1152/2648 (44%)] loss: 0.0079 L_si: 0.0079 L_grad: 0.0000 
Train Epoch: 5 [1168/2648 (44%)] loss: 0.0079 L_si: 0.0079 L_grad: 0.0000 
Train Epoch: 5 [1184/2648 (45%)] loss: 0.0087 L_si: 0.0087 L_grad: 0.0000 
Train Epoch: 5 [1200/2648 (45%)] loss: 0.0072 L_si: 0.0072 L_grad: 0.0000 
Train Epoch: 5 [1216/2648 (46%)] loss: 0.0060 L_si: 0.0060 L_grad: 0.0000 
Train Epoch: 5 [1232/2648 (47%)] loss: 0.0064 L_si: 0.0064 L_grad: 0.0000 
Train Epoch: 5 [1248/2648 (47%)] loss: 0.0062 L_si: 0.0062 L_grad: 0.0000 
Train Epoch: 5 [1264/2648 (48%)] loss: 0.0083 L_si: 0.0083 L_grad: 0.0000 
Train Epoch: 5 [1280/2648 (48%)] loss: 0.0079 L_si: 0.0079 L_grad: 0.0000 
Train Epoch: 5 [1296/2648 (49%)] loss: 0.0075 L_si: 0.0075 L_grad: 0.0000 
Train Epoch: 5 [1312/2648 (50%)] loss: 0.0080 L_si: 0.0080 L_grad: 0.0000 
Train Epoch: 5 [1328/2648 (50%)] loss: 0.0068 L_si: 0.0068 L_grad: 0.0000 
Train Epoch: 5 [1344/2648 (51%)] loss: 0.0064 L_si: 0.0064 L_grad: 0.0000 
Train Epoch: 5 [1360/2648 (51%)] loss: 0.0072 L_si: 0.0072 L_grad: 0.0000 
Train Epoch: 5 [1376/2648 (52%)] loss: 0.0072 L_si: 0.0072 L_grad: 0.0000 
Train Epoch: 5 [1392/2648 (53%)] loss: 0.0074 L_si: 0.0074 L_grad: 0.0000 
Train Epoch: 5 [1408/2648 (53%)] loss: 0.0076 L_si: 0.0076 L_grad: 0.0000 
Train Epoch: 5 [1424/2648 (54%)] loss: 0.0063 L_si: 0.0063 L_grad: 0.0000 
Train Epoch: 5 [1440/2648 (54%)] loss: 0.0082 L_si: 0.0082 L_grad: 0.0000 
Train Epoch: 5 [1456/2648 (55%)] loss: 0.0082 L_si: 0.0082 L_grad: 0.0000 
Train Epoch: 5 [1472/2648 (56%)] loss: 0.0082 L_si: 0.0082 L_grad: 0.0000 
Train Epoch: 5 [1488/2648 (56%)] loss: 0.0068 L_si: 0.0068 L_grad: 0.0000 
Train Epoch: 5 [1504/2648 (57%)] loss: 0.0088 L_si: 0.0088 L_grad: 0.0000 
Train Epoch: 5 [1520/2648 (57%)] loss: 0.0073 L_si: 0.0073 L_grad: 0.0000 
Train Epoch: 5 [1536/2648 (58%)] loss: 0.0076 L_si: 0.0076 L_grad: 0.0000 
Train Epoch: 5 [1552/2648 (59%)] loss: 0.0087 L_si: 0.0087 L_grad: 0.0000 
Train Epoch: 5 [1568/2648 (59%)] loss: 0.0062 L_si: 0.0062 L_grad: 0.0000 
Train Epoch: 5 [1584/2648 (60%)] loss: 0.0063 L_si: 0.0063 L_grad: 0.0000 
Train Epoch: 5 [1600/2648 (60%)] loss: 0.0073 L_si: 0.0073 L_grad: 0.0000 
Train Epoch: 5 [1616/2648 (61%)] loss: 0.0085 L_si: 0.0085 L_grad: 0.0000 
Train Epoch: 5 [1632/2648 (62%)] loss: 0.0085 L_si: 0.0085 L_grad: 0.0000 
Train Epoch: 5 [1648/2648 (62%)] loss: 0.0063 L_si: 0.0063 L_grad: 0.0000 
Train Epoch: 5 [1664/2648 (63%)] loss: 0.0084 L_si: 0.0084 L_grad: 0.0000 
Train Epoch: 5 [1680/2648 (63%)] loss: 0.0081 L_si: 0.0081 L_grad: 0.0000 
Train Epoch: 5 [1696/2648 (64%)] loss: 0.0079 L_si: 0.0079 L_grad: 0.0000 
Train Epoch: 5 [1712/2648 (65%)] loss: 0.0064 L_si: 0.0064 L_grad: 0.0000 
Train Epoch: 5 [1728/2648 (65%)] loss: 0.0070 L_si: 0.0070 L_grad: 0.0000 
Train Epoch: 5 [1744/2648 (66%)] loss: 0.0072 L_si: 0.0072 L_grad: 0.0000 
Train Epoch: 5 [1760/2648 (66%)] loss: 0.0077 L_si: 0.0077 L_grad: 0.0000 
Train Epoch: 5 [1776/2648 (67%)] loss: 0.0068 L_si: 0.0068 L_grad: 0.0000 
Train Epoch: 5 [1792/2648 (68%)] loss: 0.0063 L_si: 0.0063 L_grad: 0.0000 
Train Epoch: 5 [1808/2648 (68%)] loss: 0.0085 L_si: 0.0085 L_grad: 0.0000 
Train Epoch: 5 [1824/2648 (69%)] loss: 0.0059 L_si: 0.0059 L_grad: 0.0000 
Train Epoch: 5 [1840/2648 (69%)] loss: 0.0075 L_si: 0.0075 L_grad: 0.0000 
Train Epoch: 5 [1856/2648 (70%)] loss: 0.0074 L_si: 0.0074 L_grad: 0.0000 
Train Epoch: 5 [1872/2648 (71%)] loss: 0.0080 L_si: 0.0080 L_grad: 0.0000 
Train Epoch: 5 [1888/2648 (71%)] loss: 0.0092 L_si: 0.0092 L_grad: 0.0000 
Train Epoch: 5 [1904/2648 (72%)] loss: 0.0079 L_si: 0.0079 L_grad: 0.0000 
Train Epoch: 5 [1920/2648 (73%)] loss: 0.0078 L_si: 0.0078 L_grad: 0.0000 
Train Epoch: 5 [1936/2648 (73%)] loss: 0.0078 L_si: 0.0078 L_grad: 0.0000 
Train Epoch: 5 [1952/2648 (74%)] loss: 0.0075 L_si: 0.0075 L_grad: 0.0000 
Train Epoch: 5 [1968/2648 (74%)] loss: 0.0082 L_si: 0.0082 L_grad: 0.0000 
Train Epoch: 5 [1984/2648 (75%)] loss: 0.0082 L_si: 0.0082 L_grad: 0.0000 
Train Epoch: 5 [2000/2648 (76%)] loss: 0.0076 L_si: 0.0076 L_grad: 0.0000 
Train Epoch: 5 [2016/2648 (76%)] loss: 0.0088 L_si: 0.0088 L_grad: 0.0000 
Train Epoch: 5 [2032/2648 (77%)] loss: 0.0078 L_si: 0.0078 L_grad: 0.0000 
Train Epoch: 5 [2048/2648 (77%)] loss: 0.0068 L_si: 0.0068 L_grad: 0.0000 
Train Epoch: 5 [2064/2648 (78%)] loss: 0.0085 L_si: 0.0085 L_grad: 0.0000 
Train Epoch: 5 [2080/2648 (79%)] loss: 0.0074 L_si: 0.0074 L_grad: 0.0000 
Train Epoch: 5 [2096/2648 (79%)] loss: 0.0090 L_si: 0.0090 L_grad: 0.0000 
Train Epoch: 5 [2112/2648 (80%)] loss: 0.0086 L_si: 0.0086 L_grad: 0.0000 
Train Epoch: 5 [2128/2648 (80%)] loss: 0.0063 L_si: 0.0063 L_grad: 0.0000 
Train Epoch: 5 [2144/2648 (81%)] loss: 0.0082 L_si: 0.0082 L_grad: 0.0000 
Train Epoch: 5 [2160/2648 (82%)] loss: 0.0069 L_si: 0.0069 L_grad: 0.0000 
Train Epoch: 5 [2176/2648 (82%)] loss: 0.0064 L_si: 0.0064 L_grad: 0.0000 
Train Epoch: 5 [2192/2648 (83%)] loss: 0.0077 L_si: 0.0077 L_grad: 0.0000 
Train Epoch: 5 [2208/2648 (83%)] loss: 0.0080 L_si: 0.0080 L_grad: 0.0000 
Train Epoch: 5 [2224/2648 (84%)] loss: 0.0082 L_si: 0.0082 L_grad: 0.0000 
Train Epoch: 5 [2240/2648 (85%)] loss: 0.0074 L_si: 0.0074 L_grad: 0.0000 
Train Epoch: 5 [2256/2648 (85%)] loss: 0.0076 L_si: 0.0076 L_grad: 0.0000 
Train Epoch: 5 [2272/2648 (86%)] loss: 0.0082 L_si: 0.0082 L_grad: 0.0000 
Train Epoch: 5 [2288/2648 (86%)] loss: 0.0063 L_si: 0.0063 L_grad: 0.0000 
Train Epoch: 5 [2304/2648 (87%)] loss: 0.0085 L_si: 0.0085 L_grad: 0.0000 
Train Epoch: 5 [2320/2648 (88%)] loss: 0.0079 L_si: 0.0079 L_grad: 0.0000 
Train Epoch: 5 [2336/2648 (88%)] loss: 0.0073 L_si: 0.0073 L_grad: 0.0000 
Train Epoch: 5 [2352/2648 (89%)] loss: 0.0077 L_si: 0.0077 L_grad: 0.0000 
Train Epoch: 5 [2368/2648 (89%)] loss: 0.0073 L_si: 0.0073 L_grad: 0.0000 
Train Epoch: 5 [2384/2648 (90%)] loss: 0.0082 L_si: 0.0082 L_grad: 0.0000 
Train Epoch: 5 [2400/2648 (91%)] loss: 0.0081 L_si: 0.0081 L_grad: 0.0000 
Train Epoch: 5 [2416/2648 (91%)] loss: 0.0062 L_si: 0.0062 L_grad: 0.0000 
Train Epoch: 5 [2432/2648 (92%)] loss: 0.0079 L_si: 0.0079 L_grad: 0.0000 
Train Epoch: 5 [2448/2648 (92%)] loss: 0.0080 L_si: 0.0080 L_grad: 0.0000 
Train Epoch: 5 [2464/2648 (93%)] loss: 0.0072 L_si: 0.0072 L_grad: 0.0000 
Train Epoch: 5 [2480/2648 (94%)] loss: 0.0075 L_si: 0.0075 L_grad: 0.0000 
Train Epoch: 5 [2496/2648 (94%)] loss: 0.0090 L_si: 0.0090 L_grad: 0.0000 
Train Epoch: 5 [2512/2648 (95%)] loss: 0.0078 L_si: 0.0078 L_grad: 0.0000 
Train Epoch: 5 [2528/2648 (95%)] loss: 0.0080 L_si: 0.0080 L_grad: 0.0000 
Train Epoch: 5 [2544/2648 (96%)] loss: 0.0084 L_si: 0.0084 L_grad: 0.0000 
Train Epoch: 5 [2560/2648 (97%)] loss: 0.0077 L_si: 0.0077 L_grad: 0.0000 
Train Epoch: 5 [2576/2648 (97%)] loss: 0.0068 L_si: 0.0068 L_grad: 0.0000 
Train Epoch: 5 [2592/2648 (98%)] loss: 0.0063 L_si: 0.0063 L_grad: 0.0000 
Train Epoch: 5 [2608/2648 (98%)] loss: 0.0072 L_si: 0.0072 L_grad: 0.0000 
Train Epoch: 5 [2624/2648 (99%)] loss: 0.0081 L_si: 0.0081 L_grad: 0.0000 
Train Epoch: 5 [2640/2648 (100%)] loss: 0.0077 L_si: 0.0077 L_grad: 0.0000 
[W CudaIPCTypes.cpp:15] Producer process has been terminated before all shared CUDA tensors released. See Note [Sharing CUDA tensors]
/home/yl3836/.conda/envs/mevent/lib/python3.9/site-packages/torchvision/models/_utils.py:208: UserWarning: The parameter 'pretrained' is deprecated since 0.13 and will be removed in 0.15, please use 'weights' instead.
  warnings.warn(
/home/yl3836/.conda/envs/mevent/lib/python3.9/site-packages/torchvision/models/_utils.py:223: UserWarning: Arguments other than a weight enum or `None` for 'weights' are deprecated since 0.13 and will be removed in 0.15. The current behavior is equivalent to passing `weights=VGG16_Weights.IMAGENET1K_V1`. You can also use `weights=VGG16_Weights.DEFAULT` to get the most up-to-date weights.
  warnings.warn(msg)
/home/yl3836/.conda/envs/mevent/lib/python3.9/site-packages/torchvision/models/_utils.py:208: UserWarning: The parameter 'pretrained' is deprecated since 0.13 and will be removed in 0.15, please use 'weights' instead.
  warnings.warn(
/home/yl3836/.conda/envs/mevent/lib/python3.9/site-packages/torchvision/models/_utils.py:223: UserWarning: Arguments other than a weight enum or `None` for 'weights' are deprecated since 0.13 and will be removed in 0.15. The current behavior is equivalent to passing `weights=VGG16_Weights.IMAGENET1K_V1`. You can also use `weights=VGG16_Weights.DEFAULT` to get the most up-to-date weights.
  warnings.warn(msg)
/home/yl3836/.conda/envs/mevent/lib/python3.9/site-packages/torchvision/models/_utils.py:208: UserWarning: The parameter 'pretrained' is deprecated since 0.13 and will be removed in 0.15, please use 'weights' instead.
  warnings.warn(
/home/yl3836/.conda/envs/mevent/lib/python3.9/site-packages/torchvision/models/_utils.py:223: UserWarning: Arguments other than a weight enum or `None` for 'weights' are deprecated since 0.13 and will be removed in 0.15. The current behavior is equivalent to passing `weights=VGG16_Weights.IMAGENET1K_V1`. You can also use `weights=VGG16_Weights.DEFAULT` to get the most up-to-date weights.
  warnings.warn(msg)
/home/yl3836/.conda/envs/mevent/lib/python3.9/site-packages/torchvision/models/_utils.py:208: UserWarning: The parameter 'pretrained' is deprecated since 0.13 and will be removed in 0.15, please use 'weights' instead.
  warnings.warn(
/home/yl3836/.conda/envs/mevent/lib/python3.9/site-packages/torchvision/models/_utils.py:223: UserWarning: Arguments other than a weight enum or `None` for 'weights' are deprecated since 0.13 and will be removed in 0.15. The current behavior is equivalent to passing `weights=VGG16_Weights.IMAGENET1K_V1`. You can also use `weights=VGG16_Weights.DEFAULT` to get the most up-to-date weights.
  warnings.warn(msg)
/home/yl3836/.conda/envs/mevent/lib/python3.9/site-packages/torchvision/models/_utils.py:208: UserWarning: The parameter 'pretrained' is deprecated since 0.13 and will be removed in 0.15, please use 'weights' instead.
  warnings.warn(
/home/yl3836/.conda/envs/mevent/lib/python3.9/site-packages/torchvision/models/_utils.py:223: UserWarning: Arguments other than a weight enum or `None` for 'weights' are deprecated since 0.13 and will be removed in 0.15. The current behavior is equivalent to passing `weights=VGG16_Weights.IMAGENET1K_V1`. You can also use `weights=VGG16_Weights.DEFAULT` to get the most up-to-date weights.
  warnings.warn(msg)
/home/yl3836/.conda/envs/mevent/lib/python3.9/site-packages/torchvision/models/_utils.py:208: UserWarning: The parameter 'pretrained' is deprecated since 0.13 and will be removed in 0.15, please use 'weights' instead.
  warnings.warn(
/home/yl3836/.conda/envs/mevent/lib/python3.9/site-packages/torchvision/models/_utils.py:223: UserWarning: Arguments other than a weight enum or `None` for 'weights' are deprecated since 0.13 and will be removed in 0.15. The current behavior is equivalent to passing `weights=VGG16_Weights.IMAGENET1K_V1`. You can also use `weights=VGG16_Weights.DEFAULT` to get the most up-to-date weights.
  warnings.warn(msg)
/home/yl3836/.conda/envs/mevent/lib/python3.9/site-packages/torchvision/models/_utils.py:208: UserWarning: The parameter 'pretrained' is deprecated since 0.13 and will be removed in 0.15, please use 'weights' instead.
  warnings.warn(
/home/yl3836/.conda/envs/mevent/lib/python3.9/site-packages/torchvision/models/_utils.py:223: UserWarning: Arguments other than a weight enum or `None` for 'weights' are deprecated since 0.13 and will be removed in 0.15. The current behavior is equivalent to passing `weights=VGG16_Weights.IMAGENET1K_V1`. You can also use `weights=VGG16_Weights.DEFAULT` to get the most up-to-date weights.
  warnings.warn(msg)
/home/yl3836/.conda/envs/mevent/lib/python3.9/site-packages/torchvision/models/_utils.py:208: UserWarning: The parameter 'pretrained' is deprecated since 0.13 and will be removed in 0.15, please use 'weights' instead.
  warnings.warn(
/home/yl3836/.conda/envs/mevent/lib/python3.9/site-packages/torchvision/models/_utils.py:223: UserWarning: Arguments other than a weight enum or `None` for 'weights' are deprecated since 0.13 and will be removed in 0.15. The current behavior is equivalent to passing `weights=VGG16_Weights.IMAGENET1K_V1`. You can also use `weights=VGG16_Weights.DEFAULT` to get the most up-to-date weights.
  warnings.warn(msg)
/home/yl3836/.conda/envs/mevent/lib/python3.9/site-packages/torchvision/models/_utils.py:208: UserWarning: The parameter 'pretrained' is deprecated since 0.13 and will be removed in 0.15, please use 'weights' instead.
  warnings.warn(
/home/yl3836/.conda/envs/mevent/lib/python3.9/site-packages/torchvision/models/_utils.py:223: UserWarning: Arguments other than a weight enum or `None` for 'weights' are deprecated since 0.13 and will be removed in 0.15. The current behavior is equivalent to passing `weights=VGG16_Weights.IMAGENET1K_V1`. You can also use `weights=VGG16_Weights.DEFAULT` to get the most up-to-date weights.
  warnings.warn(msg)
/home/yl3836/.conda/envs/mevent/lib/python3.9/site-packages/torchvision/models/_utils.py:208: UserWarning: The parameter 'pretrained' is deprecated since 0.13 and will be removed in 0.15, please use 'weights' instead.
  warnings.warn(
/home/yl3836/.conda/envs/mevent/lib/python3.9/site-packages/torchvision/models/_utils.py:223: UserWarning: Arguments other than a weight enum or `None` for 'weights' are deprecated since 0.13 and will be removed in 0.15. The current behavior is equivalent to passing `weights=VGG16_Weights.IMAGENET1K_V1`. You can also use `weights=VGG16_Weights.DEFAULT` to get the most up-to-date weights.
  warnings.warn(msg)
/home/yl3836/.conda/envs/mevent/lib/python3.9/site-packages/torchvision/models/_utils.py:208: UserWarning: The parameter 'pretrained' is deprecated since 0.13 and will be removed in 0.15, please use 'weights' instead.
  warnings.warn(
/home/yl3836/.conda/envs/mevent/lib/python3.9/site-packages/torchvision/models/_utils.py:223: UserWarning: Arguments other than a weight enum or `None` for 'weights' are deprecated since 0.13 and will be removed in 0.15. The current behavior is equivalent to passing `weights=VGG16_Weights.IMAGENET1K_V1`. You can also use `weights=VGG16_Weights.DEFAULT` to get the most up-to-date weights.
  warnings.warn(msg)
/home/yl3836/.conda/envs/mevent/lib/python3.9/site-packages/torchvision/models/_utils.py:208: UserWarning: The parameter 'pretrained' is deprecated since 0.13 and will be removed in 0.15, please use 'weights' instead.
  warnings.warn(
/home/yl3836/.conda/envs/mevent/lib/python3.9/site-packages/torchvision/models/_utils.py:223: UserWarning: Arguments other than a weight enum or `None` for 'weights' are deprecated since 0.13 and will be removed in 0.15. The current behavior is equivalent to passing `weights=VGG16_Weights.IMAGENET1K_V1`. You can also use `weights=VGG16_Weights.DEFAULT` to get the most up-to-date weights.
  warnings.warn(msg)
/home/yl3836/.conda/envs/mevent/lib/python3.9/site-packages/torchvision/models/_utils.py:208: UserWarning: The parameter 'pretrained' is deprecated since 0.13 and will be removed in 0.15, please use 'weights' instead.
  warnings.warn(
/home/yl3836/.conda/envs/mevent/lib/python3.9/site-packages/torchvision/models/_utils.py:223: UserWarning: Arguments other than a weight enum or `None` for 'weights' are deprecated since 0.13 and will be removed in 0.15. The current behavior is equivalent to passing `weights=VGG16_Weights.IMAGENET1K_V1`. You can also use `weights=VGG16_Weights.DEFAULT` to get the most up-to-date weights.
  warnings.warn(msg)
/home/yl3836/.conda/envs/mevent/lib/python3.9/site-packages/torchvision/models/_utils.py:208: UserWarning: The parameter 'pretrained' is deprecated since 0.13 and will be removed in 0.15, please use 'weights' instead.
  warnings.warn(
/home/yl3836/.conda/envs/mevent/lib/python3.9/site-packages/torchvision/models/_utils.py:223: UserWarning: Arguments other than a weight enum or `None` for 'weights' are deprecated since 0.13 and will be removed in 0.15. The current behavior is equivalent to passing `weights=VGG16_Weights.IMAGENET1K_V1`. You can also use `weights=VGG16_Weights.DEFAULT` to get the most up-to-date weights.
  warnings.warn(msg)
Validation: [0/888 (0%)]
Validation: [16/888 (2%)]
Validation: [32/888 (4%)]
Validation: [48/888 (5%)]
[W CudaIPCTypes.cpp:92] Producer process tried to deallocate over 1000 memory blocks referred by consumer processes. Deallocation might be significantly slowed down. We assume it will never going to be the case, but if it is, please file but to https://github.com/pytorch/pytorch
Validation: [64/888 (7%)]
Validation: [80/888 (9%)]
Validation: [96/888 (11%)]
Validation: [112/888 (13%)]
Validation: [128/888 (14%)]
Validation: [144/888 (16%)]
Validation: [160/888 (18%)]
Validation: [176/888 (20%)]
Validation: [192/888 (22%)]
Validation: [208/888 (23%)]
Validation: [224/888 (25%)]
Validation: [240/888 (27%)]
Validation: [256/888 (29%)]
Validation: [272/888 (31%)]
Validation: [288/888 (32%)]
Validation: [304/888 (34%)]
Validation: [320/888 (36%)]
Validation: [336/888 (38%)]
Validation: [352/888 (40%)]
Validation: [368/888 (41%)]
Validation: [384/888 (43%)]
Validation: [400/888 (45%)]
Validation: [416/888 (47%)]
Validation: [432/888 (49%)]
Validation: [448/888 (50%)]
Validation: [464/888 (52%)]
Validation: [480/888 (54%)]
Validation: [496/888 (56%)]
Validation: [512/888 (58%)]
Validation: [528/888 (59%)]
Validation: [544/888 (61%)]
Validation: [560/888 (63%)]
Validation: [576/888 (65%)]
Validation: [592/888 (67%)]
Validation: [608/888 (68%)]
Validation: [624/888 (70%)]
Validation: [640/888 (72%)]
Validation: [656/888 (74%)]
Validation: [672/888 (76%)]
Validation: [688/888 (77%)]
Validation: [704/888 (79%)]
Validation: [720/888 (81%)]
Validation: [736/888 (83%)]
Validation: [752/888 (85%)]
Validation: [768/888 (86%)]
Validation: [784/888 (88%)]
Validation: [800/888 (90%)]
Validation: [816/888 (92%)]
Validation: [832/888 (94%)]
Validation: [848/888 (95%)]
Validation: [864/888 (97%)]
Validation: [880/888 (99%)]
[W CudaIPCTypes.cpp:15] Producer process has been terminated before all shared CUDA tensors released. See Note [Sharing CUDA tensors]
/home/yl3836/.conda/envs/mevent/lib/python3.9/site-packages/torchvision/models/_utils.py:208: UserWarning: The parameter 'pretrained' is deprecated since 0.13 and will be removed in 0.15, please use 'weights' instead.
  warnings.warn(
/home/yl3836/.conda/envs/mevent/lib/python3.9/site-packages/torchvision/models/_utils.py:223: UserWarning: Arguments other than a weight enum or `None` for 'weights' are deprecated since 0.13 and will be removed in 0.15. The current behavior is equivalent to passing `weights=VGG16_Weights.IMAGENET1K_V1`. You can also use `weights=VGG16_Weights.DEFAULT` to get the most up-to-date weights.
  warnings.warn(msg)
/home/yl3836/.conda/envs/mevent/lib/python3.9/site-packages/torchvision/models/_utils.py:208: UserWarning: The parameter 'pretrained' is deprecated since 0.13 and will be removed in 0.15, please use 'weights' instead.
  warnings.warn(
/home/yl3836/.conda/envs/mevent/lib/python3.9/site-packages/torchvision/models/_utils.py:223: UserWarning: Arguments other than a weight enum or `None` for 'weights' are deprecated since 0.13 and will be removed in 0.15. The current behavior is equivalent to passing `weights=VGG16_Weights.IMAGENET1K_V1`. You can also use `weights=VGG16_Weights.DEFAULT` to get the most up-to-date weights.
  warnings.warn(msg)
/home/yl3836/.conda/envs/mevent/lib/python3.9/site-packages/torchvision/models/_utils.py:208: UserWarning: The parameter 'pretrained' is deprecated since 0.13 and will be removed in 0.15, please use 'weights' instead.
  warnings.warn(
/home/yl3836/.conda/envs/mevent/lib/python3.9/site-packages/torchvision/models/_utils.py:223: UserWarning: Arguments other than a weight enum or `None` for 'weights' are deprecated since 0.13 and will be removed in 0.15. The current behavior is equivalent to passing `weights=VGG16_Weights.IMAGENET1K_V1`. You can also use `weights=VGG16_Weights.DEFAULT` to get the most up-to-date weights.
  warnings.warn(msg)
/home/yl3836/.conda/envs/mevent/lib/python3.9/site-packages/torchvision/models/_utils.py:208: UserWarning: The parameter 'pretrained' is deprecated since 0.13 and will be removed in 0.15, please use 'weights' instead.
  warnings.warn(
/home/yl3836/.conda/envs/mevent/lib/python3.9/site-packages/torchvision/models/_utils.py:223: UserWarning: Arguments other than a weight enum or `None` for 'weights' are deprecated since 0.13 and will be removed in 0.15. The current behavior is equivalent to passing `weights=VGG16_Weights.IMAGENET1K_V1`. You can also use `weights=VGG16_Weights.DEFAULT` to get the most up-to-date weights.
  warnings.warn(msg)
/home/yl3836/.conda/envs/mevent/lib/python3.9/site-packages/torchvision/models/_utils.py:208: UserWarning: The parameter 'pretrained' is deprecated since 0.13 and will be removed in 0.15, please use 'weights' instead.
  warnings.warn(
/home/yl3836/.conda/envs/mevent/lib/python3.9/site-packages/torchvision/models/_utils.py:223: UserWarning: Arguments other than a weight enum or `None` for 'weights' are deprecated since 0.13 and will be removed in 0.15. The current behavior is equivalent to passing `weights=VGG16_Weights.IMAGENET1K_V1`. You can also use `weights=VGG16_Weights.DEFAULT` to get the most up-to-date weights.
  warnings.warn(msg)
/home/yl3836/.conda/envs/mevent/lib/python3.9/site-packages/torchvision/models/_utils.py:208: UserWarning: The parameter 'pretrained' is deprecated since 0.13 and will be removed in 0.15, please use 'weights' instead.
  warnings.warn(
/home/yl3836/.conda/envs/mevent/lib/python3.9/site-packages/torchvision/models/_utils.py:223: UserWarning: Arguments other than a weight enum or `None` for 'weights' are deprecated since 0.13 and will be removed in 0.15. The current behavior is equivalent to passing `weights=VGG16_Weights.IMAGENET1K_V1`. You can also use `weights=VGG16_Weights.DEFAULT` to get the most up-to-date weights.
  warnings.warn(msg)
/home/yl3836/.conda/envs/mevent/lib/python3.9/site-packages/torchvision/models/_utils.py:208: UserWarning: The parameter 'pretrained' is deprecated since 0.13 and will be removed in 0.15, please use 'weights' instead.
  warnings.warn(
/home/yl3836/.conda/envs/mevent/lib/python3.9/site-packages/torchvision/models/_utils.py:223: UserWarning: Arguments other than a weight enum or `None` for 'weights' are deprecated since 0.13 and will be removed in 0.15. The current behavior is equivalent to passing `weights=VGG16_Weights.IMAGENET1K_V1`. You can also use `weights=VGG16_Weights.DEFAULT` to get the most up-to-date weights.
  warnings.warn(msg)
/home/yl3836/.conda/envs/mevent/lib/python3.9/site-packages/torchvision/models/_utils.py:208: UserWarning: The parameter 'pretrained' is deprecated since 0.13 and will be removed in 0.15, please use 'weights' instead.
  warnings.warn(
/home/yl3836/.conda/envs/mevent/lib/python3.9/site-packages/torchvision/models/_utils.py:223: UserWarning: Arguments other than a weight enum or `None` for 'weights' are deprecated since 0.13 and will be removed in 0.15. The current behavior is equivalent to passing `weights=VGG16_Weights.IMAGENET1K_V1`. You can also use `weights=VGG16_Weights.DEFAULT` to get the most up-to-date weights.
  warnings.warn(msg)
/home/yl3836/.conda/envs/mevent/lib/python3.9/site-packages/torchvision/models/_utils.py:208: UserWarning: The parameter 'pretrained' is deprecated since 0.13 and will be removed in 0.15, please use 'weights' instead.
  warnings.warn(
/home/yl3836/.conda/envs/mevent/lib/python3.9/site-packages/torchvision/models/_utils.py:223: UserWarning: Arguments other than a weight enum or `None` for 'weights' are deprecated since 0.13 and will be removed in 0.15. The current behavior is equivalent to passing `weights=VGG16_Weights.IMAGENET1K_V1`. You can also use `weights=VGG16_Weights.DEFAULT` to get the most up-to-date weights.
  warnings.warn(msg)
/home/yl3836/.conda/envs/mevent/lib/python3.9/site-packages/torchvision/models/_utils.py:208: UserWarning: The parameter 'pretrained' is deprecated since 0.13 and will be removed in 0.15, please use 'weights' instead.
  warnings.warn(
/home/yl3836/.conda/envs/mevent/lib/python3.9/site-packages/torchvision/models/_utils.py:223: UserWarning: Arguments other than a weight enum or `None` for 'weights' are deprecated since 0.13 and will be removed in 0.15. The current behavior is equivalent to passing `weights=VGG16_Weights.IMAGENET1K_V1`. You can also use `weights=VGG16_Weights.DEFAULT` to get the most up-to-date weights.
  warnings.warn(msg)
/home/yl3836/.conda/envs/mevent/lib/python3.9/site-packages/torchvision/models/_utils.py:208: UserWarning: The parameter 'pretrained' is deprecated since 0.13 and will be removed in 0.15, please use 'weights' instead.
  warnings.warn(
/home/yl3836/.conda/envs/mevent/lib/python3.9/site-packages/torchvision/models/_utils.py:223: UserWarning: Arguments other than a weight enum or `None` for 'weights' are deprecated since 0.13 and will be removed in 0.15. The current behavior is equivalent to passing `weights=VGG16_Weights.IMAGENET1K_V1`. You can also use `weights=VGG16_Weights.DEFAULT` to get the most up-to-date weights.
  warnings.warn(msg)
/home/yl3836/.conda/envs/mevent/lib/python3.9/site-packages/torchvision/models/_utils.py:208: UserWarning: The parameter 'pretrained' is deprecated since 0.13 and will be removed in 0.15, please use 'weights' instead.
  warnings.warn(
/home/yl3836/.conda/envs/mevent/lib/python3.9/site-packages/torchvision/models/_utils.py:223: UserWarning: Arguments other than a weight enum or `None` for 'weights' are deprecated since 0.13 and will be removed in 0.15. The current behavior is equivalent to passing `weights=VGG16_Weights.IMAGENET1K_V1`. You can also use `weights=VGG16_Weights.DEFAULT` to get the most up-to-date weights.
  warnings.warn(msg)
/home/yl3836/.conda/envs/mevent/lib/python3.9/site-packages/torchvision/models/_utils.py:208: UserWarning: The parameter 'pretrained' is deprecated since 0.13 and will be removed in 0.15, please use 'weights' instead.
  warnings.warn(
/home/yl3836/.conda/envs/mevent/lib/python3.9/site-packages/torchvision/models/_utils.py:223: UserWarning: Arguments other than a weight enum or `None` for 'weights' are deprecated since 0.13 and will be removed in 0.15. The current behavior is equivalent to passing `weights=VGG16_Weights.IMAGENET1K_V1`. You can also use `weights=VGG16_Weights.DEFAULT` to get the most up-to-date weights.
  warnings.warn(msg)
/home/yl3836/.conda/envs/mevent/lib/python3.9/site-packages/torchvision/models/_utils.py:208: UserWarning: The parameter 'pretrained' is deprecated since 0.13 and will be removed in 0.15, please use 'weights' instead.
  warnings.warn(
/home/yl3836/.conda/envs/mevent/lib/python3.9/site-packages/torchvision/models/_utils.py:223: UserWarning: Arguments other than a weight enum or `None` for 'weights' are deprecated since 0.13 and will be removed in 0.15. The current behavior is equivalent to passing `weights=VGG16_Weights.IMAGENET1K_V1`. You can also use `weights=VGG16_Weights.DEFAULT` to get the most up-to-date weights.
  warnings.warn(msg)
Train Epoch: 6 [0/2648 (0%)] loss: 0.0084 L_si: 0.0084 L_grad: 0.0000 
Train Epoch: 6 [16/2648 (1%)] loss: 0.0061 L_si: 0.0061 L_grad: 0.0000 
Train Epoch: 6 [32/2648 (1%)] loss: 0.0078 L_si: 0.0078 L_grad: 0.0000 
Train Epoch: 6 [48/2648 (2%)] loss: 0.0090 L_si: 0.0090 L_grad: 0.0000 
[W CudaIPCTypes.cpp:92] Producer process tried to deallocate over 1000 memory blocks referred by consumer processes. Deallocation might be significantly slowed down. We assume it will never going to be the case, but if it is, please file but to https://github.com/pytorch/pytorch
Train Epoch: 6 [64/2648 (2%)] loss: 0.0085 L_si: 0.0085 L_grad: 0.0000 
Train Epoch: 6 [80/2648 (3%)] loss: 0.0078 L_si: 0.0078 L_grad: 0.0000 
Train Epoch: 6 [96/2648 (4%)] loss: 0.0071 L_si: 0.0071 L_grad: 0.0000 
Train Epoch: 6 [112/2648 (4%)] loss: 0.0086 L_si: 0.0086 L_grad: 0.0000 
Train Epoch: 6 [128/2648 (5%)] loss: 0.0075 L_si: 0.0075 L_grad: 0.0000 
Train Epoch: 6 [144/2648 (5%)] loss: 0.0082 L_si: 0.0082 L_grad: 0.0000 
Train Epoch: 6 [160/2648 (6%)] loss: 0.0075 L_si: 0.0075 L_grad: 0.0000 
Train Epoch: 6 [176/2648 (7%)] loss: 0.0064 L_si: 0.0064 L_grad: 0.0000 
Train Epoch: 6 [192/2648 (7%)] loss: 0.0072 L_si: 0.0072 L_grad: 0.0000 
Train Epoch: 6 [208/2648 (8%)] loss: 0.0079 L_si: 0.0079 L_grad: 0.0000 
Train Epoch: 6 [224/2648 (8%)] loss: 0.0081 L_si: 0.0081 L_grad: 0.0000 
Train Epoch: 6 [240/2648 (9%)] loss: 0.0073 L_si: 0.0073 L_grad: 0.0000 
Train Epoch: 6 [256/2648 (10%)] loss: 0.0080 L_si: 0.0080 L_grad: 0.0000 
Train Epoch: 6 [272/2648 (10%)] loss: 0.0077 L_si: 0.0077 L_grad: 0.0000 
Train Epoch: 6 [288/2648 (11%)] loss: 0.0079 L_si: 0.0079 L_grad: 0.0000 
Train Epoch: 6 [304/2648 (11%)] loss: 0.0082 L_si: 0.0082 L_grad: 0.0000 
Train Epoch: 6 [320/2648 (12%)] loss: 0.0082 L_si: 0.0082 L_grad: 0.0000 
Train Epoch: 6 [336/2648 (13%)] loss: 0.0080 L_si: 0.0080 L_grad: 0.0000 
Train Epoch: 6 [352/2648 (13%)] loss: 0.0081 L_si: 0.0081 L_grad: 0.0000 
Train Epoch: 6 [368/2648 (14%)] loss: 0.0078 L_si: 0.0078 L_grad: 0.0000 
Train Epoch: 6 [384/2648 (15%)] loss: 0.0079 L_si: 0.0079 L_grad: 0.0000 
Train Epoch: 6 [400/2648 (15%)] loss: 0.0091 L_si: 0.0091 L_grad: 0.0000 
Train Epoch: 6 [416/2648 (16%)] loss: 0.0089 L_si: 0.0089 L_grad: 0.0000 
Train Epoch: 6 [432/2648 (16%)] loss: 0.0060 L_si: 0.0060 L_grad: 0.0000 
Train Epoch: 6 [448/2648 (17%)] loss: 0.0077 L_si: 0.0077 L_grad: 0.0000 
Train Epoch: 6 [464/2648 (18%)] loss: 0.0068 L_si: 0.0068 L_grad: 0.0000 
Train Epoch: 6 [480/2648 (18%)] loss: 0.0084 L_si: 0.0084 L_grad: 0.0000 
Train Epoch: 6 [496/2648 (19%)] loss: 0.0070 L_si: 0.0070 L_grad: 0.0000 
Train Epoch: 6 [512/2648 (19%)] loss: 0.0081 L_si: 0.0081 L_grad: 0.0000 
Train Epoch: 6 [528/2648 (20%)] loss: 0.0083 L_si: 0.0083 L_grad: 0.0000 
Train Epoch: 6 [544/2648 (21%)] loss: 0.0076 L_si: 0.0076 L_grad: 0.0000 
Train Epoch: 6 [560/2648 (21%)] loss: 0.0071 L_si: 0.0071 L_grad: 0.0000 
Train Epoch: 6 [576/2648 (22%)] loss: 0.0071 L_si: 0.0071 L_grad: 0.0000 
Train Epoch: 6 [592/2648 (22%)] loss: 0.0063 L_si: 0.0063 L_grad: 0.0000 
Train Epoch: 6 [608/2648 (23%)] loss: 0.0073 L_si: 0.0073 L_grad: 0.0000 
Train Epoch: 6 [624/2648 (24%)] loss: 0.0077 L_si: 0.0077 L_grad: 0.0000 
Train Epoch: 6 [640/2648 (24%)] loss: 0.0072 L_si: 0.0072 L_grad: 0.0000 
Train Epoch: 6 [656/2648 (25%)] loss: 0.0082 L_si: 0.0082 L_grad: 0.0000 
Train Epoch: 6 [672/2648 (25%)] loss: 0.0076 L_si: 0.0076 L_grad: 0.0000 
Train Epoch: 6 [688/2648 (26%)] loss: 0.0069 L_si: 0.0069 L_grad: 0.0000 
Train Epoch: 6 [704/2648 (27%)] loss: 0.0078 L_si: 0.0078 L_grad: 0.0000 
Train Epoch: 6 [720/2648 (27%)] loss: 0.0066 L_si: 0.0066 L_grad: 0.0000 
Train Epoch: 6 [736/2648 (28%)] loss: 0.0078 L_si: 0.0078 L_grad: 0.0000 
Train Epoch: 6 [752/2648 (28%)] loss: 0.0085 L_si: 0.0085 L_grad: 0.0000 
Train Epoch: 6 [768/2648 (29%)] loss: 0.0069 L_si: 0.0069 L_grad: 0.0000 
Train Epoch: 6 [784/2648 (30%)] loss: 0.0078 L_si: 0.0078 L_grad: 0.0000 
Train Epoch: 6 [800/2648 (30%)] loss: 0.0082 L_si: 0.0082 L_grad: 0.0000 
Train Epoch: 6 [816/2648 (31%)] loss: 0.0069 L_si: 0.0069 L_grad: 0.0000 
Train Epoch: 6 [832/2648 (31%)] loss: 0.0071 L_si: 0.0071 L_grad: 0.0000 
Train Epoch: 6 [848/2648 (32%)] loss: 0.0078 L_si: 0.0078 L_grad: 0.0000 
Train Epoch: 6 [864/2648 (33%)] loss: 0.0078 L_si: 0.0078 L_grad: 0.0000 
Train Epoch: 6 [880/2648 (33%)] loss: 0.0056 L_si: 0.0056 L_grad: 0.0000 
Train Epoch: 6 [896/2648 (34%)] loss: 0.0066 L_si: 0.0066 L_grad: 0.0000 
Train Epoch: 6 [912/2648 (34%)] loss: 0.0079 L_si: 0.0079 L_grad: 0.0000 
Train Epoch: 6 [928/2648 (35%)] loss: 0.0082 L_si: 0.0082 L_grad: 0.0000 
Train Epoch: 6 [944/2648 (36%)] loss: 0.0076 L_si: 0.0076 L_grad: 0.0000 
Train Epoch: 6 [960/2648 (36%)] loss: 0.0072 L_si: 0.0072 L_grad: 0.0000 
Train Epoch: 6 [976/2648 (37%)] loss: 0.0058 L_si: 0.0058 L_grad: 0.0000 
Train Epoch: 6 [992/2648 (37%)] loss: 0.0063 L_si: 0.0063 L_grad: 0.0000 
Train Epoch: 6 [1008/2648 (38%)] loss: 0.0080 L_si: 0.0080 L_grad: 0.0000 
Train Epoch: 6 [1024/2648 (39%)] loss: 0.0071 L_si: 0.0071 L_grad: 0.0000 
Train Epoch: 6 [1040/2648 (39%)] loss: 0.0067 L_si: 0.0067 L_grad: 0.0000 
Train Epoch: 6 [1056/2648 (40%)] loss: 0.0078 L_si: 0.0078 L_grad: 0.0000 
Train Epoch: 6 [1072/2648 (40%)] loss: 0.0091 L_si: 0.0091 L_grad: 0.0000 
Train Epoch: 6 [1088/2648 (41%)] loss: 0.0073 L_si: 0.0073 L_grad: 0.0000 
Train Epoch: 6 [1104/2648 (42%)] loss: 0.0085 L_si: 0.0085 L_grad: 0.0000 
Train Epoch: 6 [1120/2648 (42%)] loss: 0.0084 L_si: 0.0084 L_grad: 0.0000 
Train Epoch: 6 [1136/2648 (43%)] loss: 0.0065 L_si: 0.0065 L_grad: 0.0000 
Train Epoch: 6 [1152/2648 (44%)] loss: 0.0071 L_si: 0.0071 L_grad: 0.0000 
Train Epoch: 6 [1168/2648 (44%)] loss: 0.0079 L_si: 0.0079 L_grad: 0.0000 
Train Epoch: 6 [1184/2648 (45%)] loss: 0.0062 L_si: 0.0062 L_grad: 0.0000 
Train Epoch: 6 [1200/2648 (45%)] loss: 0.0084 L_si: 0.0084 L_grad: 0.0000 
Train Epoch: 6 [1216/2648 (46%)] loss: 0.0061 L_si: 0.0061 L_grad: 0.0000 
Train Epoch: 6 [1232/2648 (47%)] loss: 0.0077 L_si: 0.0077 L_grad: 0.0000 
Train Epoch: 6 [1248/2648 (47%)] loss: 0.0077 L_si: 0.0077 L_grad: 0.0000 
Train Epoch: 6 [1264/2648 (48%)] loss: 0.0083 L_si: 0.0083 L_grad: 0.0000 
Train Epoch: 6 [1280/2648 (48%)] loss: 0.0078 L_si: 0.0078 L_grad: 0.0000 
Train Epoch: 6 [1296/2648 (49%)] loss: 0.0083 L_si: 0.0083 L_grad: 0.0000 
Train Epoch: 6 [1312/2648 (50%)] loss: 0.0074 L_si: 0.0074 L_grad: 0.0000 
Train Epoch: 6 [1328/2648 (50%)] loss: 0.0068 L_si: 0.0068 L_grad: 0.0000 
Train Epoch: 6 [1344/2648 (51%)] loss: 0.0074 L_si: 0.0074 L_grad: 0.0000 
Train Epoch: 6 [1360/2648 (51%)] loss: 0.0072 L_si: 0.0072 L_grad: 0.0000 
Train Epoch: 6 [1376/2648 (52%)] loss: 0.0084 L_si: 0.0084 L_grad: 0.0000 
Train Epoch: 6 [1392/2648 (53%)] loss: 0.0074 L_si: 0.0074 L_grad: 0.0000 
Train Epoch: 6 [1408/2648 (53%)] loss: 0.0069 L_si: 0.0069 L_grad: 0.0000 
Train Epoch: 6 [1424/2648 (54%)] loss: 0.0070 L_si: 0.0070 L_grad: 0.0000 
[W CudaIPCTypes.cpp:92] Producer process tried to deallocate over 1000 memory blocks referred by consumer processes. Deallocation might be significantly slowed down. We assume it will never going to be the case, but if it is, please file but to https://github.com/pytorch/pytorch
Train Epoch: 6 [1440/2648 (54%)] loss: 0.0083 L_si: 0.0083 L_grad: 0.0000 
Train Epoch: 6 [1456/2648 (55%)] loss: 0.0075 L_si: 0.0075 L_grad: 0.0000 
Train Epoch: 6 [1472/2648 (56%)] loss: 0.0078 L_si: 0.0078 L_grad: 0.0000 
Train Epoch: 6 [1488/2648 (56%)] loss: 0.0062 L_si: 0.0062 L_grad: 0.0000 
Train Epoch: 6 [1504/2648 (57%)] loss: 0.0062 L_si: 0.0062 L_grad: 0.0000 
Train Epoch: 6 [1520/2648 (57%)] loss: 0.0066 L_si: 0.0066 L_grad: 0.0000 
Train Epoch: 6 [1536/2648 (58%)] loss: 0.0062 L_si: 0.0062 L_grad: 0.0000 
Train Epoch: 6 [1552/2648 (59%)] loss: 0.0063 L_si: 0.0063 L_grad: 0.0000 
Train Epoch: 6 [1568/2648 (59%)] loss: 0.0080 L_si: 0.0080 L_grad: 0.0000 
Train Epoch: 6 [1584/2648 (60%)] loss: 0.0073 L_si: 0.0073 L_grad: 0.0000 
Train Epoch: 6 [1600/2648 (60%)] loss: 0.0072 L_si: 0.0072 L_grad: 0.0000 
Train Epoch: 6 [1616/2648 (61%)] loss: 0.0068 L_si: 0.0068 L_grad: 0.0000 
Train Epoch: 6 [1632/2648 (62%)] loss: 0.0075 L_si: 0.0075 L_grad: 0.0000 
Train Epoch: 6 [1648/2648 (62%)] loss: 0.0085 L_si: 0.0085 L_grad: 0.0000 
Train Epoch: 6 [1664/2648 (63%)] loss: 0.0074 L_si: 0.0074 L_grad: 0.0000 
Train Epoch: 6 [1680/2648 (63%)] loss: 0.0073 L_si: 0.0073 L_grad: 0.0000 
Train Epoch: 6 [1696/2648 (64%)] loss: 0.0067 L_si: 0.0067 L_grad: 0.0000 
Train Epoch: 6 [1712/2648 (65%)] loss: 0.0060 L_si: 0.0060 L_grad: 0.0000 
Train Epoch: 6 [1728/2648 (65%)] loss: 0.0077 L_si: 0.0077 L_grad: 0.0000 
Train Epoch: 6 [1744/2648 (66%)] loss: 0.0077 L_si: 0.0077 L_grad: 0.0000 
Train Epoch: 6 [1760/2648 (66%)] loss: 0.0076 L_si: 0.0076 L_grad: 0.0000 
Train Epoch: 6 [1776/2648 (67%)] loss: 0.0074 L_si: 0.0074 L_grad: 0.0000 
Train Epoch: 6 [1792/2648 (68%)] loss: 0.0081 L_si: 0.0081 L_grad: 0.0000 
Train Epoch: 6 [1808/2648 (68%)] loss: 0.0066 L_si: 0.0066 L_grad: 0.0000 
Train Epoch: 6 [1824/2648 (69%)] loss: 0.0083 L_si: 0.0083 L_grad: 0.0000 
Train Epoch: 6 [1840/2648 (69%)] loss: 0.0080 L_si: 0.0080 L_grad: 0.0000 
Train Epoch: 6 [1856/2648 (70%)] loss: 0.0074 L_si: 0.0074 L_grad: 0.0000 
Train Epoch: 6 [1872/2648 (71%)] loss: 0.0076 L_si: 0.0076 L_grad: 0.0000 
Train Epoch: 6 [1888/2648 (71%)] loss: 0.0079 L_si: 0.0079 L_grad: 0.0000 
Train Epoch: 6 [1904/2648 (72%)] loss: 0.0067 L_si: 0.0067 L_grad: 0.0000 
Train Epoch: 6 [1920/2648 (73%)] loss: 0.0074 L_si: 0.0074 L_grad: 0.0000 
Train Epoch: 6 [1936/2648 (73%)] loss: 0.0074 L_si: 0.0074 L_grad: 0.0000 
Train Epoch: 6 [1952/2648 (74%)] loss: 0.0085 L_si: 0.0085 L_grad: 0.0000 
Train Epoch: 6 [1968/2648 (74%)] loss: 0.0080 L_si: 0.0080 L_grad: 0.0000 
Train Epoch: 6 [1984/2648 (75%)] loss: 0.0073 L_si: 0.0073 L_grad: 0.0000 
Train Epoch: 6 [2000/2648 (76%)] loss: 0.0086 L_si: 0.0086 L_grad: 0.0000 
Train Epoch: 6 [2016/2648 (76%)] loss: 0.0074 L_si: 0.0074 L_grad: 0.0000 
Train Epoch: 6 [2032/2648 (77%)] loss: 0.0079 L_si: 0.0079 L_grad: 0.0000 
Train Epoch: 6 [2048/2648 (77%)] loss: 0.0075 L_si: 0.0075 L_grad: 0.0000 
Train Epoch: 6 [2064/2648 (78%)] loss: 0.0080 L_si: 0.0080 L_grad: 0.0000 
Train Epoch: 6 [2080/2648 (79%)] loss: 0.0085 L_si: 0.0085 L_grad: 0.0000 
Train Epoch: 6 [2096/2648 (79%)] loss: 0.0072 L_si: 0.0072 L_grad: 0.0000 
Train Epoch: 6 [2112/2648 (80%)] loss: 0.0069 L_si: 0.0069 L_grad: 0.0000 
Train Epoch: 6 [2128/2648 (80%)] loss: 0.0071 L_si: 0.0071 L_grad: 0.0000 
Train Epoch: 6 [2144/2648 (81%)] loss: 0.0073 L_si: 0.0073 L_grad: 0.0000 
Train Epoch: 6 [2160/2648 (82%)] loss: 0.0082 L_si: 0.0082 L_grad: 0.0000 
Train Epoch: 6 [2176/2648 (82%)] loss: 0.0083 L_si: 0.0083 L_grad: 0.0000 
[W CudaIPCTypes.cpp:92] Producer process tried to deallocate over 1000 memory blocks referred by consumer processes. Deallocation might be significantly slowed down. We assume it will never going to be the case, but if it is, please file but to https://github.com/pytorch/pytorch
Train Epoch: 6 [2192/2648 (83%)] loss: 0.0074 L_si: 0.0074 L_grad: 0.0000 
Train Epoch: 6 [2208/2648 (83%)] loss: 0.0082 L_si: 0.0082 L_grad: 0.0000 
Train Epoch: 6 [2224/2648 (84%)] loss: 0.0073 L_si: 0.0073 L_grad: 0.0000 
[W CudaIPCTypes.cpp:92] Producer process tried to deallocate over 1000 memory blocks referred by consumer processes. Deallocation might be significantly slowed down. We assume it will never going to be the case, but if it is, please file but to https://github.com/pytorch/pytorch
Train Epoch: 6 [2240/2648 (85%)] loss: 0.0061 L_si: 0.0061 L_grad: 0.0000 
Train Epoch: 6 [2256/2648 (85%)] loss: 0.0078 L_si: 0.0078 L_grad: 0.0000 
Train Epoch: 6 [2272/2648 (86%)] loss: 0.0080 L_si: 0.0080 L_grad: 0.0000 
Train Epoch: 6 [2288/2648 (86%)] loss: 0.0069 L_si: 0.0069 L_grad: 0.0000 
Train Epoch: 6 [2304/2648 (87%)] loss: 0.0069 L_si: 0.0069 L_grad: 0.0000 
Train Epoch: 6 [2320/2648 (88%)] loss: 0.0076 L_si: 0.0076 L_grad: 0.0000 
Train Epoch: 6 [2336/2648 (88%)] loss: 0.0072 L_si: 0.0072 L_grad: 0.0000 
Train Epoch: 6 [2352/2648 (89%)] loss: 0.0084 L_si: 0.0084 L_grad: 0.0000 
Train Epoch: 6 [2368/2648 (89%)] loss: 0.0088 L_si: 0.0088 L_grad: 0.0000 
Train Epoch: 6 [2384/2648 (90%)] loss: 0.0079 L_si: 0.0079 L_grad: 0.0000 
Train Epoch: 6 [2400/2648 (91%)] loss: 0.0078 L_si: 0.0078 L_grad: 0.0000 
Train Epoch: 6 [2416/2648 (91%)] loss: 0.0074 L_si: 0.0074 L_grad: 0.0000 
Train Epoch: 6 [2432/2648 (92%)] loss: 0.0074 L_si: 0.0074 L_grad: 0.0000 
Train Epoch: 6 [2448/2648 (92%)] loss: 0.0066 L_si: 0.0066 L_grad: 0.0000 
Train Epoch: 6 [2464/2648 (93%)] loss: 0.0063 L_si: 0.0063 L_grad: 0.0000 
Train Epoch: 6 [2480/2648 (94%)] loss: 0.0085 L_si: 0.0085 L_grad: 0.0000 
Train Epoch: 6 [2496/2648 (94%)] loss: 0.0082 L_si: 0.0082 L_grad: 0.0000 
Train Epoch: 6 [2512/2648 (95%)] loss: 0.0081 L_si: 0.0081 L_grad: 0.0000 
Train Epoch: 6 [2528/2648 (95%)] loss: 0.0068 L_si: 0.0068 L_grad: 0.0000 
Train Epoch: 6 [2544/2648 (96%)] loss: 0.0066 L_si: 0.0066 L_grad: 0.0000 
Train Epoch: 6 [2560/2648 (97%)] loss: 0.0086 L_si: 0.0086 L_grad: 0.0000 
Train Epoch: 6 [2576/2648 (97%)] loss: 0.0071 L_si: 0.0071 L_grad: 0.0000 
Train Epoch: 6 [2592/2648 (98%)] loss: 0.0077 L_si: 0.0077 L_grad: 0.0000 
Train Epoch: 6 [2608/2648 (98%)] loss: 0.0073 L_si: 0.0073 L_grad: 0.0000 
Train Epoch: 6 [2624/2648 (99%)] loss: 0.0072 L_si: 0.0072 L_grad: 0.0000 
Train Epoch: 6 [2640/2648 (100%)] loss: 0.0076 L_si: 0.0076 L_grad: 0.0000 
[W CudaIPCTypes.cpp:15] Producer process has been terminated before all shared CUDA tensors released. See Note [Sharing CUDA tensors]
/home/yl3836/.conda/envs/mevent/lib/python3.9/site-packages/torchvision/models/_utils.py:208: UserWarning: The parameter 'pretrained' is deprecated since 0.13 and will be removed in 0.15, please use 'weights' instead.
  warnings.warn(
/home/yl3836/.conda/envs/mevent/lib/python3.9/site-packages/torchvision/models/_utils.py:223: UserWarning: Arguments other than a weight enum or `None` for 'weights' are deprecated since 0.13 and will be removed in 0.15. The current behavior is equivalent to passing `weights=VGG16_Weights.IMAGENET1K_V1`. You can also use `weights=VGG16_Weights.DEFAULT` to get the most up-to-date weights.
  warnings.warn(msg)
/home/yl3836/.conda/envs/mevent/lib/python3.9/site-packages/torchvision/models/_utils.py:208: UserWarning: The parameter 'pretrained' is deprecated since 0.13 and will be removed in 0.15, please use 'weights' instead.
  warnings.warn(
/home/yl3836/.conda/envs/mevent/lib/python3.9/site-packages/torchvision/models/_utils.py:223: UserWarning: Arguments other than a weight enum or `None` for 'weights' are deprecated since 0.13 and will be removed in 0.15. The current behavior is equivalent to passing `weights=VGG16_Weights.IMAGENET1K_V1`. You can also use `weights=VGG16_Weights.DEFAULT` to get the most up-to-date weights.
  warnings.warn(msg)
/home/yl3836/.conda/envs/mevent/lib/python3.9/site-packages/torchvision/models/_utils.py:208: UserWarning: The parameter 'pretrained' is deprecated since 0.13 and will be removed in 0.15, please use 'weights' instead.
  warnings.warn(
/home/yl3836/.conda/envs/mevent/lib/python3.9/site-packages/torchvision/models/_utils.py:223: UserWarning: Arguments other than a weight enum or `None` for 'weights' are deprecated since 0.13 and will be removed in 0.15. The current behavior is equivalent to passing `weights=VGG16_Weights.IMAGENET1K_V1`. You can also use `weights=VGG16_Weights.DEFAULT` to get the most up-to-date weights.
  warnings.warn(msg)
/home/yl3836/.conda/envs/mevent/lib/python3.9/site-packages/torchvision/models/_utils.py:208: UserWarning: The parameter 'pretrained' is deprecated since 0.13 and will be removed in 0.15, please use 'weights' instead.
  warnings.warn(
/home/yl3836/.conda/envs/mevent/lib/python3.9/site-packages/torchvision/models/_utils.py:223: UserWarning: Arguments other than a weight enum or `None` for 'weights' are deprecated since 0.13 and will be removed in 0.15. The current behavior is equivalent to passing `weights=VGG16_Weights.IMAGENET1K_V1`. You can also use `weights=VGG16_Weights.DEFAULT` to get the most up-to-date weights.
  warnings.warn(msg)
/home/yl3836/.conda/envs/mevent/lib/python3.9/site-packages/torchvision/models/_utils.py:208: UserWarning: The parameter 'pretrained' is deprecated since 0.13 and will be removed in 0.15, please use 'weights' instead.
  warnings.warn(
/home/yl3836/.conda/envs/mevent/lib/python3.9/site-packages/torchvision/models/_utils.py:223: UserWarning: Arguments other than a weight enum or `None` for 'weights' are deprecated since 0.13 and will be removed in 0.15. The current behavior is equivalent to passing `weights=VGG16_Weights.IMAGENET1K_V1`. You can also use `weights=VGG16_Weights.DEFAULT` to get the most up-to-date weights.
  warnings.warn(msg)
/home/yl3836/.conda/envs/mevent/lib/python3.9/site-packages/torchvision/models/_utils.py:208: UserWarning: The parameter 'pretrained' is deprecated since 0.13 and will be removed in 0.15, please use 'weights' instead.
  warnings.warn(
/home/yl3836/.conda/envs/mevent/lib/python3.9/site-packages/torchvision/models/_utils.py:223: UserWarning: Arguments other than a weight enum or `None` for 'weights' are deprecated since 0.13 and will be removed in 0.15. The current behavior is equivalent to passing `weights=VGG16_Weights.IMAGENET1K_V1`. You can also use `weights=VGG16_Weights.DEFAULT` to get the most up-to-date weights.
  warnings.warn(msg)
/home/yl3836/.conda/envs/mevent/lib/python3.9/site-packages/torchvision/models/_utils.py:208: UserWarning: The parameter 'pretrained' is deprecated since 0.13 and will be removed in 0.15, please use 'weights' instead.
  warnings.warn(
/home/yl3836/.conda/envs/mevent/lib/python3.9/site-packages/torchvision/models/_utils.py:223: UserWarning: Arguments other than a weight enum or `None` for 'weights' are deprecated since 0.13 and will be removed in 0.15. The current behavior is equivalent to passing `weights=VGG16_Weights.IMAGENET1K_V1`. You can also use `weights=VGG16_Weights.DEFAULT` to get the most up-to-date weights.
  warnings.warn(msg)
/home/yl3836/.conda/envs/mevent/lib/python3.9/site-packages/torchvision/models/_utils.py:208: UserWarning: The parameter 'pretrained' is deprecated since 0.13 and will be removed in 0.15, please use 'weights' instead.
  warnings.warn(
/home/yl3836/.conda/envs/mevent/lib/python3.9/site-packages/torchvision/models/_utils.py:223: UserWarning: Arguments other than a weight enum or `None` for 'weights' are deprecated since 0.13 and will be removed in 0.15. The current behavior is equivalent to passing `weights=VGG16_Weights.IMAGENET1K_V1`. You can also use `weights=VGG16_Weights.DEFAULT` to get the most up-to-date weights.
  warnings.warn(msg)
/home/yl3836/.conda/envs/mevent/lib/python3.9/site-packages/torchvision/models/_utils.py:208: UserWarning: The parameter 'pretrained' is deprecated since 0.13 and will be removed in 0.15, please use 'weights' instead.
  warnings.warn(
/home/yl3836/.conda/envs/mevent/lib/python3.9/site-packages/torchvision/models/_utils.py:223: UserWarning: Arguments other than a weight enum or `None` for 'weights' are deprecated since 0.13 and will be removed in 0.15. The current behavior is equivalent to passing `weights=VGG16_Weights.IMAGENET1K_V1`. You can also use `weights=VGG16_Weights.DEFAULT` to get the most up-to-date weights.
  warnings.warn(msg)
/home/yl3836/.conda/envs/mevent/lib/python3.9/site-packages/torchvision/models/_utils.py:208: UserWarning: The parameter 'pretrained' is deprecated since 0.13 and will be removed in 0.15, please use 'weights' instead.
  warnings.warn(
/home/yl3836/.conda/envs/mevent/lib/python3.9/site-packages/torchvision/models/_utils.py:223: UserWarning: Arguments other than a weight enum or `None` for 'weights' are deprecated since 0.13 and will be removed in 0.15. The current behavior is equivalent to passing `weights=VGG16_Weights.IMAGENET1K_V1`. You can also use `weights=VGG16_Weights.DEFAULT` to get the most up-to-date weights.
  warnings.warn(msg)
/home/yl3836/.conda/envs/mevent/lib/python3.9/site-packages/torchvision/models/_utils.py:208: UserWarning: The parameter 'pretrained' is deprecated since 0.13 and will be removed in 0.15, please use 'weights' instead.
  warnings.warn(
/home/yl3836/.conda/envs/mevent/lib/python3.9/site-packages/torchvision/models/_utils.py:223: UserWarning: Arguments other than a weight enum or `None` for 'weights' are deprecated since 0.13 and will be removed in 0.15. The current behavior is equivalent to passing `weights=VGG16_Weights.IMAGENET1K_V1`. You can also use `weights=VGG16_Weights.DEFAULT` to get the most up-to-date weights.
  warnings.warn(msg)
/home/yl3836/.conda/envs/mevent/lib/python3.9/site-packages/torchvision/models/_utils.py:208: UserWarning: The parameter 'pretrained' is deprecated since 0.13 and will be removed in 0.15, please use 'weights' instead.
  warnings.warn(
/home/yl3836/.conda/envs/mevent/lib/python3.9/site-packages/torchvision/models/_utils.py:223: UserWarning: Arguments other than a weight enum or `None` for 'weights' are deprecated since 0.13 and will be removed in 0.15. The current behavior is equivalent to passing `weights=VGG16_Weights.IMAGENET1K_V1`. You can also use `weights=VGG16_Weights.DEFAULT` to get the most up-to-date weights.
  warnings.warn(msg)
/home/yl3836/.conda/envs/mevent/lib/python3.9/site-packages/torchvision/models/_utils.py:208: UserWarning: The parameter 'pretrained' is deprecated since 0.13 and will be removed in 0.15, please use 'weights' instead.
  warnings.warn(
/home/yl3836/.conda/envs/mevent/lib/python3.9/site-packages/torchvision/models/_utils.py:223: UserWarning: Arguments other than a weight enum or `None` for 'weights' are deprecated since 0.13 and will be removed in 0.15. The current behavior is equivalent to passing `weights=VGG16_Weights.IMAGENET1K_V1`. You can also use `weights=VGG16_Weights.DEFAULT` to get the most up-to-date weights.
  warnings.warn(msg)
/home/yl3836/.conda/envs/mevent/lib/python3.9/site-packages/torchvision/models/_utils.py:208: UserWarning: The parameter 'pretrained' is deprecated since 0.13 and will be removed in 0.15, please use 'weights' instead.
  warnings.warn(
/home/yl3836/.conda/envs/mevent/lib/python3.9/site-packages/torchvision/models/_utils.py:223: UserWarning: Arguments other than a weight enum or `None` for 'weights' are deprecated since 0.13 and will be removed in 0.15. The current behavior is equivalent to passing `weights=VGG16_Weights.IMAGENET1K_V1`. You can also use `weights=VGG16_Weights.DEFAULT` to get the most up-to-date weights.
  warnings.warn(msg)
Validation: [0/888 (0%)]
Validation: [16/888 (2%)]
Validation: [32/888 (4%)]
Validation: [48/888 (5%)]
Validation: [64/888 (7%)]
Validation: [80/888 (9%)]
Validation: [96/888 (11%)]
Validation: [112/888 (13%)]
Validation: [128/888 (14%)]
Validation: [144/888 (16%)]
Validation: [160/888 (18%)]
Validation: [176/888 (20%)]
Validation: [192/888 (22%)]
Validation: [208/888 (23%)]
Validation: [224/888 (25%)]
Validation: [240/888 (27%)]
Validation: [256/888 (29%)]
Validation: [272/888 (31%)]
Validation: [288/888 (32%)]
Validation: [304/888 (34%)]
Validation: [320/888 (36%)]
Validation: [336/888 (38%)]
Validation: [352/888 (40%)]
Validation: [368/888 (41%)]
Validation: [384/888 (43%)]
Validation: [400/888 (45%)]
Validation: [416/888 (47%)]
Validation: [432/888 (49%)]
Validation: [448/888 (50%)]
Validation: [464/888 (52%)]
Validation: [480/888 (54%)]
Validation: [496/888 (56%)]
Validation: [512/888 (58%)]
Validation: [528/888 (59%)]
Validation: [544/888 (61%)]
Validation: [560/888 (63%)]
Validation: [576/888 (65%)]
Validation: [592/888 (67%)]
Validation: [608/888 (68%)]
Validation: [624/888 (70%)]
Validation: [640/888 (72%)]
Validation: [656/888 (74%)]
Validation: [672/888 (76%)]
Validation: [688/888 (77%)]
Validation: [704/888 (79%)]
Validation: [720/888 (81%)]
Validation: [736/888 (83%)]
Validation: [752/888 (85%)]
Validation: [768/888 (86%)]
Validation: [784/888 (88%)]
Validation: [800/888 (90%)]
Validation: [816/888 (92%)]
Validation: [832/888 (94%)]
Validation: [848/888 (95%)]
Validation: [864/888 (97%)]
Validation: [880/888 (99%)]
[W CudaIPCTypes.cpp:15] Producer process has been terminated before all shared CUDA tensors released. See Note [Sharing CUDA tensors]
Saving current best: model_best.pth.tar ...
/home/yl3836/.conda/envs/mevent/lib/python3.9/site-packages/torchvision/models/_utils.py:208: UserWarning: The parameter 'pretrained' is deprecated since 0.13 and will be removed in 0.15, please use 'weights' instead.
  warnings.warn(
/home/yl3836/.conda/envs/mevent/lib/python3.9/site-packages/torchvision/models/_utils.py:223: UserWarning: Arguments other than a weight enum or `None` for 'weights' are deprecated since 0.13 and will be removed in 0.15. The current behavior is equivalent to passing `weights=VGG16_Weights.IMAGENET1K_V1`. You can also use `weights=VGG16_Weights.DEFAULT` to get the most up-to-date weights.
  warnings.warn(msg)
/home/yl3836/.conda/envs/mevent/lib/python3.9/site-packages/torchvision/models/_utils.py:208: UserWarning: The parameter 'pretrained' is deprecated since 0.13 and will be removed in 0.15, please use 'weights' instead.
  warnings.warn(
/home/yl3836/.conda/envs/mevent/lib/python3.9/site-packages/torchvision/models/_utils.py:223: UserWarning: Arguments other than a weight enum or `None` for 'weights' are deprecated since 0.13 and will be removed in 0.15. The current behavior is equivalent to passing `weights=VGG16_Weights.IMAGENET1K_V1`. You can also use `weights=VGG16_Weights.DEFAULT` to get the most up-to-date weights.
  warnings.warn(msg)
/home/yl3836/.conda/envs/mevent/lib/python3.9/site-packages/torchvision/models/_utils.py:208: UserWarning: The parameter 'pretrained' is deprecated since 0.13 and will be removed in 0.15, please use 'weights' instead.
  warnings.warn(
/home/yl3836/.conda/envs/mevent/lib/python3.9/site-packages/torchvision/models/_utils.py:223: UserWarning: Arguments other than a weight enum or `None` for 'weights' are deprecated since 0.13 and will be removed in 0.15. The current behavior is equivalent to passing `weights=VGG16_Weights.IMAGENET1K_V1`. You can also use `weights=VGG16_Weights.DEFAULT` to get the most up-to-date weights.
  warnings.warn(msg)
/home/yl3836/.conda/envs/mevent/lib/python3.9/site-packages/torchvision/models/_utils.py:208: UserWarning: The parameter 'pretrained' is deprecated since 0.13 and will be removed in 0.15, please use 'weights' instead.
  warnings.warn(
/home/yl3836/.conda/envs/mevent/lib/python3.9/site-packages/torchvision/models/_utils.py:223: UserWarning: Arguments other than a weight enum or `None` for 'weights' are deprecated since 0.13 and will be removed in 0.15. The current behavior is equivalent to passing `weights=VGG16_Weights.IMAGENET1K_V1`. You can also use `weights=VGG16_Weights.DEFAULT` to get the most up-to-date weights.
  warnings.warn(msg)
/home/yl3836/.conda/envs/mevent/lib/python3.9/site-packages/torchvision/models/_utils.py:208: UserWarning: The parameter 'pretrained' is deprecated since 0.13 and will be removed in 0.15, please use 'weights' instead.
  warnings.warn(
/home/yl3836/.conda/envs/mevent/lib/python3.9/site-packages/torchvision/models/_utils.py:223: UserWarning: Arguments other than a weight enum or `None` for 'weights' are deprecated since 0.13 and will be removed in 0.15. The current behavior is equivalent to passing `weights=VGG16_Weights.IMAGENET1K_V1`. You can also use `weights=VGG16_Weights.DEFAULT` to get the most up-to-date weights.
  warnings.warn(msg)
/home/yl3836/.conda/envs/mevent/lib/python3.9/site-packages/torchvision/models/_utils.py:208: UserWarning: The parameter 'pretrained' is deprecated since 0.13 and will be removed in 0.15, please use 'weights' instead.
  warnings.warn(
/home/yl3836/.conda/envs/mevent/lib/python3.9/site-packages/torchvision/models/_utils.py:223: UserWarning: Arguments other than a weight enum or `None` for 'weights' are deprecated since 0.13 and will be removed in 0.15. The current behavior is equivalent to passing `weights=VGG16_Weights.IMAGENET1K_V1`. You can also use `weights=VGG16_Weights.DEFAULT` to get the most up-to-date weights.
  warnings.warn(msg)
/home/yl3836/.conda/envs/mevent/lib/python3.9/site-packages/torchvision/models/_utils.py:208: UserWarning: The parameter 'pretrained' is deprecated since 0.13 and will be removed in 0.15, please use 'weights' instead.
  warnings.warn(
/home/yl3836/.conda/envs/mevent/lib/python3.9/site-packages/torchvision/models/_utils.py:223: UserWarning: Arguments other than a weight enum or `None` for 'weights' are deprecated since 0.13 and will be removed in 0.15. The current behavior is equivalent to passing `weights=VGG16_Weights.IMAGENET1K_V1`. You can also use `weights=VGG16_Weights.DEFAULT` to get the most up-to-date weights.
  warnings.warn(msg)
/home/yl3836/.conda/envs/mevent/lib/python3.9/site-packages/torchvision/models/_utils.py:208: UserWarning: The parameter 'pretrained' is deprecated since 0.13 and will be removed in 0.15, please use 'weights' instead.
  warnings.warn(
/home/yl3836/.conda/envs/mevent/lib/python3.9/site-packages/torchvision/models/_utils.py:223: UserWarning: Arguments other than a weight enum or `None` for 'weights' are deprecated since 0.13 and will be removed in 0.15. The current behavior is equivalent to passing `weights=VGG16_Weights.IMAGENET1K_V1`. You can also use `weights=VGG16_Weights.DEFAULT` to get the most up-to-date weights.
  warnings.warn(msg)
/home/yl3836/.conda/envs/mevent/lib/python3.9/site-packages/torchvision/models/_utils.py:208: UserWarning: The parameter 'pretrained' is deprecated since 0.13 and will be removed in 0.15, please use 'weights' instead.
  warnings.warn(
/home/yl3836/.conda/envs/mevent/lib/python3.9/site-packages/torchvision/models/_utils.py:223: UserWarning: Arguments other than a weight enum or `None` for 'weights' are deprecated since 0.13 and will be removed in 0.15. The current behavior is equivalent to passing `weights=VGG16_Weights.IMAGENET1K_V1`. You can also use `weights=VGG16_Weights.DEFAULT` to get the most up-to-date weights.
  warnings.warn(msg)
/home/yl3836/.conda/envs/mevent/lib/python3.9/site-packages/torchvision/models/_utils.py:208: UserWarning: The parameter 'pretrained' is deprecated since 0.13 and will be removed in 0.15, please use 'weights' instead.
  warnings.warn(
/home/yl3836/.conda/envs/mevent/lib/python3.9/site-packages/torchvision/models/_utils.py:223: UserWarning: Arguments other than a weight enum or `None` for 'weights' are deprecated since 0.13 and will be removed in 0.15. The current behavior is equivalent to passing `weights=VGG16_Weights.IMAGENET1K_V1`. You can also use `weights=VGG16_Weights.DEFAULT` to get the most up-to-date weights.
  warnings.warn(msg)
/home/yl3836/.conda/envs/mevent/lib/python3.9/site-packages/torchvision/models/_utils.py:208: UserWarning: The parameter 'pretrained' is deprecated since 0.13 and will be removed in 0.15, please use 'weights' instead.
  warnings.warn(
/home/yl3836/.conda/envs/mevent/lib/python3.9/site-packages/torchvision/models/_utils.py:223: UserWarning: Arguments other than a weight enum or `None` for 'weights' are deprecated since 0.13 and will be removed in 0.15. The current behavior is equivalent to passing `weights=VGG16_Weights.IMAGENET1K_V1`. You can also use `weights=VGG16_Weights.DEFAULT` to get the most up-to-date weights.
  warnings.warn(msg)
/home/yl3836/.conda/envs/mevent/lib/python3.9/site-packages/torchvision/models/_utils.py:208: UserWarning: The parameter 'pretrained' is deprecated since 0.13 and will be removed in 0.15, please use 'weights' instead.
  warnings.warn(
/home/yl3836/.conda/envs/mevent/lib/python3.9/site-packages/torchvision/models/_utils.py:223: UserWarning: Arguments other than a weight enum or `None` for 'weights' are deprecated since 0.13 and will be removed in 0.15. The current behavior is equivalent to passing `weights=VGG16_Weights.IMAGENET1K_V1`. You can also use `weights=VGG16_Weights.DEFAULT` to get the most up-to-date weights.
  warnings.warn(msg)
/home/yl3836/.conda/envs/mevent/lib/python3.9/site-packages/torchvision/models/_utils.py:208: UserWarning: The parameter 'pretrained' is deprecated since 0.13 and will be removed in 0.15, please use 'weights' instead.
  warnings.warn(
/home/yl3836/.conda/envs/mevent/lib/python3.9/site-packages/torchvision/models/_utils.py:223: UserWarning: Arguments other than a weight enum or `None` for 'weights' are deprecated since 0.13 and will be removed in 0.15. The current behavior is equivalent to passing `weights=VGG16_Weights.IMAGENET1K_V1`. You can also use `weights=VGG16_Weights.DEFAULT` to get the most up-to-date weights.
  warnings.warn(msg)
/home/yl3836/.conda/envs/mevent/lib/python3.9/site-packages/torchvision/models/_utils.py:208: UserWarning: The parameter 'pretrained' is deprecated since 0.13 and will be removed in 0.15, please use 'weights' instead.
  warnings.warn(
/home/yl3836/.conda/envs/mevent/lib/python3.9/site-packages/torchvision/models/_utils.py:223: UserWarning: Arguments other than a weight enum or `None` for 'weights' are deprecated since 0.13 and will be removed in 0.15. The current behavior is equivalent to passing `weights=VGG16_Weights.IMAGENET1K_V1`. You can also use `weights=VGG16_Weights.DEFAULT` to get the most up-to-date weights.
  warnings.warn(msg)
Train Epoch: 7 [0/2648 (0%)] loss: 0.0080 L_si: 0.0080 L_grad: 0.0000 
Train Epoch: 7 [16/2648 (1%)] loss: 0.0075 L_si: 0.0075 L_grad: 0.0000 
Train Epoch: 7 [32/2648 (1%)] loss: 0.0068 L_si: 0.0068 L_grad: 0.0000 
Train Epoch: 7 [48/2648 (2%)] loss: 0.0063 L_si: 0.0063 L_grad: 0.0000 
[W CudaIPCTypes.cpp:92] Producer process tried to deallocate over 1000 memory blocks referred by consumer processes. Deallocation might be significantly slowed down. We assume it will never going to be the case, but if it is, please file but to https://github.com/pytorch/pytorch
Train Epoch: 7 [64/2648 (2%)] loss: 0.0081 L_si: 0.0081 L_grad: 0.0000 
Train Epoch: 7 [80/2648 (3%)] loss: 0.0073 L_si: 0.0073 L_grad: 0.0000 
Train Epoch: 7 [96/2648 (4%)] loss: 0.0060 L_si: 0.0060 L_grad: 0.0000 
Train Epoch: 7 [112/2648 (4%)] loss: 0.0072 L_si: 0.0072 L_grad: 0.0000 
Train Epoch: 7 [128/2648 (5%)] loss: 0.0074 L_si: 0.0074 L_grad: 0.0000 
Train Epoch: 7 [144/2648 (5%)] loss: 0.0085 L_si: 0.0085 L_grad: 0.0000 
Train Epoch: 7 [160/2648 (6%)] loss: 0.0087 L_si: 0.0087 L_grad: 0.0000 
Train Epoch: 7 [176/2648 (7%)] loss: 0.0081 L_si: 0.0081 L_grad: 0.0000 
Train Epoch: 7 [192/2648 (7%)] loss: 0.0081 L_si: 0.0081 L_grad: 0.0000 
Train Epoch: 7 [208/2648 (8%)] loss: 0.0077 L_si: 0.0077 L_grad: 0.0000 
Train Epoch: 7 [224/2648 (8%)] loss: 0.0083 L_si: 0.0083 L_grad: 0.0000 
Train Epoch: 7 [240/2648 (9%)] loss: 0.0073 L_si: 0.0073 L_grad: 0.0000 
Train Epoch: 7 [256/2648 (10%)] loss: 0.0076 L_si: 0.0076 L_grad: 0.0000 
Train Epoch: 7 [272/2648 (10%)] loss: 0.0065 L_si: 0.0065 L_grad: 0.0000 
Train Epoch: 7 [288/2648 (11%)] loss: 0.0072 L_si: 0.0072 L_grad: 0.0000 
Train Epoch: 7 [304/2648 (11%)] loss: 0.0078 L_si: 0.0078 L_grad: 0.0000 
Train Epoch: 7 [320/2648 (12%)] loss: 0.0087 L_si: 0.0087 L_grad: 0.0000 
Train Epoch: 7 [336/2648 (13%)] loss: 0.0071 L_si: 0.0071 L_grad: 0.0000 
Train Epoch: 7 [352/2648 (13%)] loss: 0.0087 L_si: 0.0087 L_grad: 0.0000 
Train Epoch: 7 [368/2648 (14%)] loss: 0.0081 L_si: 0.0081 L_grad: 0.0000 
Train Epoch: 7 [384/2648 (15%)] loss: 0.0068 L_si: 0.0068 L_grad: 0.0000 
Train Epoch: 7 [400/2648 (15%)] loss: 0.0085 L_si: 0.0085 L_grad: 0.0000 
Train Epoch: 7 [416/2648 (16%)] loss: 0.0057 L_si: 0.0057 L_grad: 0.0000 
Train Epoch: 7 [432/2648 (16%)] loss: 0.0079 L_si: 0.0079 L_grad: 0.0000 
Train Epoch: 7 [448/2648 (17%)] loss: 0.0072 L_si: 0.0072 L_grad: 0.0000 
Train Epoch: 7 [464/2648 (18%)] loss: 0.0090 L_si: 0.0090 L_grad: 0.0000 
Train Epoch: 7 [480/2648 (18%)] loss: 0.0082 L_si: 0.0082 L_grad: 0.0000 
Train Epoch: 7 [496/2648 (19%)] loss: 0.0079 L_si: 0.0079 L_grad: 0.0000 
Train Epoch: 7 [512/2648 (19%)] loss: 0.0079 L_si: 0.0079 L_grad: 0.0000 
Train Epoch: 7 [528/2648 (20%)] loss: 0.0076 L_si: 0.0076 L_grad: 0.0000 
Train Epoch: 7 [544/2648 (21%)] loss: 0.0073 L_si: 0.0073 L_grad: 0.0000 
Train Epoch: 7 [560/2648 (21%)] loss: 0.0073 L_si: 0.0073 L_grad: 0.0000 
Train Epoch: 7 [576/2648 (22%)] loss: 0.0081 L_si: 0.0081 L_grad: 0.0000 
Train Epoch: 7 [592/2648 (22%)] loss: 0.0069 L_si: 0.0069 L_grad: 0.0000 
Train Epoch: 7 [608/2648 (23%)] loss: 0.0068 L_si: 0.0068 L_grad: 0.0000 
Train Epoch: 7 [624/2648 (24%)] loss: 0.0086 L_si: 0.0086 L_grad: 0.0000 
Train Epoch: 7 [640/2648 (24%)] loss: 0.0075 L_si: 0.0075 L_grad: 0.0000 
Train Epoch: 7 [656/2648 (25%)] loss: 0.0071 L_si: 0.0071 L_grad: 0.0000 
Train Epoch: 7 [672/2648 (25%)] loss: 0.0065 L_si: 0.0065 L_grad: 0.0000 
Train Epoch: 7 [688/2648 (26%)] loss: 0.0069 L_si: 0.0069 L_grad: 0.0000 
Train Epoch: 7 [704/2648 (27%)] loss: 0.0075 L_si: 0.0075 L_grad: 0.0000 
Train Epoch: 7 [720/2648 (27%)] loss: 0.0083 L_si: 0.0083 L_grad: 0.0000 
Train Epoch: 7 [736/2648 (28%)] loss: 0.0060 L_si: 0.0060 L_grad: 0.0000 
Train Epoch: 7 [752/2648 (28%)] loss: 0.0078 L_si: 0.0078 L_grad: 0.0000 
Train Epoch: 7 [768/2648 (29%)] loss: 0.0065 L_si: 0.0065 L_grad: 0.0000 
Train Epoch: 7 [784/2648 (30%)] loss: 0.0067 L_si: 0.0067 L_grad: 0.0000 
Train Epoch: 7 [800/2648 (30%)] loss: 0.0084 L_si: 0.0084 L_grad: 0.0000 
Train Epoch: 7 [816/2648 (31%)] loss: 0.0082 L_si: 0.0082 L_grad: 0.0000 
Train Epoch: 7 [832/2648 (31%)] loss: 0.0074 L_si: 0.0074 L_grad: 0.0000 
Train Epoch: 7 [848/2648 (32%)] loss: 0.0088 L_si: 0.0088 L_grad: 0.0000 
Train Epoch: 7 [864/2648 (33%)] loss: 0.0076 L_si: 0.0076 L_grad: 0.0000 
Train Epoch: 7 [880/2648 (33%)] loss: 0.0064 L_si: 0.0064 L_grad: 0.0000 
Train Epoch: 7 [896/2648 (34%)] loss: 0.0066 L_si: 0.0066 L_grad: 0.0000 
Train Epoch: 7 [912/2648 (34%)] loss: 0.0084 L_si: 0.0084 L_grad: 0.0000 
Train Epoch: 7 [928/2648 (35%)] loss: 0.0075 L_si: 0.0075 L_grad: 0.0000 
Train Epoch: 7 [944/2648 (36%)] loss: 0.0070 L_si: 0.0070 L_grad: 0.0000 
Train Epoch: 7 [960/2648 (36%)] loss: 0.0083 L_si: 0.0083 L_grad: 0.0000 
Train Epoch: 7 [976/2648 (37%)] loss: 0.0073 L_si: 0.0073 L_grad: 0.0000 
Train Epoch: 7 [992/2648 (37%)] loss: 0.0086 L_si: 0.0086 L_grad: 0.0000 
Train Epoch: 7 [1008/2648 (38%)] loss: 0.0078 L_si: 0.0078 L_grad: 0.0000 
Train Epoch: 7 [1024/2648 (39%)] loss: 0.0072 L_si: 0.0072 L_grad: 0.0000 
Train Epoch: 7 [1040/2648 (39%)] loss: 0.0075 L_si: 0.0075 L_grad: 0.0000 
Train Epoch: 7 [1056/2648 (40%)] loss: 0.0067 L_si: 0.0067 L_grad: 0.0000 
Train Epoch: 7 [1072/2648 (40%)] loss: 0.0061 L_si: 0.0061 L_grad: 0.0000 
Train Epoch: 7 [1088/2648 (41%)] loss: 0.0083 L_si: 0.0083 L_grad: 0.0000 
Train Epoch: 7 [1104/2648 (42%)] loss: 0.0081 L_si: 0.0081 L_grad: 0.0000 
Train Epoch: 7 [1120/2648 (42%)] loss: 0.0074 L_si: 0.0074 L_grad: 0.0000 
Train Epoch: 7 [1136/2648 (43%)] loss: 0.0066 L_si: 0.0066 L_grad: 0.0000 
Train Epoch: 7 [1152/2648 (44%)] loss: 0.0074 L_si: 0.0074 L_grad: 0.0000 
Train Epoch: 7 [1168/2648 (44%)] loss: 0.0078 L_si: 0.0078 L_grad: 0.0000 
Train Epoch: 7 [1184/2648 (45%)] loss: 0.0077 L_si: 0.0077 L_grad: 0.0000 
Train Epoch: 7 [1200/2648 (45%)] loss: 0.0077 L_si: 0.0077 L_grad: 0.0000 
Train Epoch: 7 [1216/2648 (46%)] loss: 0.0068 L_si: 0.0068 L_grad: 0.0000 
Train Epoch: 7 [1232/2648 (47%)] loss: 0.0073 L_si: 0.0073 L_grad: 0.0000 
Train Epoch: 7 [1248/2648 (47%)] loss: 0.0074 L_si: 0.0074 L_grad: 0.0000 
Train Epoch: 7 [1264/2648 (48%)] loss: 0.0076 L_si: 0.0076 L_grad: 0.0000 
Train Epoch: 7 [1280/2648 (48%)] loss: 0.0067 L_si: 0.0067 L_grad: 0.0000 
Train Epoch: 7 [1296/2648 (49%)] loss: 0.0084 L_si: 0.0084 L_grad: 0.0000 
Train Epoch: 7 [1312/2648 (50%)] loss: 0.0083 L_si: 0.0083 L_grad: 0.0000 
Train Epoch: 7 [1328/2648 (50%)] loss: 0.0074 L_si: 0.0074 L_grad: 0.0000 
Train Epoch: 7 [1344/2648 (51%)] loss: 0.0071 L_si: 0.0071 L_grad: 0.0000 
Train Epoch: 7 [1360/2648 (51%)] loss: 0.0077 L_si: 0.0077 L_grad: 0.0000 
Train Epoch: 7 [1376/2648 (52%)] loss: 0.0078 L_si: 0.0078 L_grad: 0.0000 
Train Epoch: 7 [1392/2648 (53%)] loss: 0.0071 L_si: 0.0071 L_grad: 0.0000 
Train Epoch: 7 [1408/2648 (53%)] loss: 0.0082 L_si: 0.0082 L_grad: 0.0000 
Train Epoch: 7 [1424/2648 (54%)] loss: 0.0082 L_si: 0.0082 L_grad: 0.0000 
Train Epoch: 7 [1440/2648 (54%)] loss: 0.0081 L_si: 0.0081 L_grad: 0.0000 
Train Epoch: 7 [1456/2648 (55%)] loss: 0.0076 L_si: 0.0076 L_grad: 0.0000 
Train Epoch: 7 [1472/2648 (56%)] loss: 0.0080 L_si: 0.0080 L_grad: 0.0000 
[W CudaIPCTypes.cpp:92] Producer process tried to deallocate over 1000 memory blocks referred by consumer processes. Deallocation might be significantly slowed down. We assume it will never going to be the case, but if it is, please file but to https://github.com/pytorch/pytorch
Train Epoch: 7 [1488/2648 (56%)] loss: 0.0068 L_si: 0.0068 L_grad: 0.0000 
Train Epoch: 7 [1504/2648 (57%)] loss: 0.0082 L_si: 0.0082 L_grad: 0.0000 
Train Epoch: 7 [1520/2648 (57%)] loss: 0.0084 L_si: 0.0084 L_grad: 0.0000 
[W CudaIPCTypes.cpp:92] Producer process tried to deallocate over 1000 memory blocks referred by consumer processes. Deallocation might be significantly slowed down. We assume it will never going to be the case, but if it is, please file but to https://github.com/pytorch/pytorch
Train Epoch: 7 [1536/2648 (58%)] loss: 0.0072 L_si: 0.0072 L_grad: 0.0000 
[W CudaIPCTypes.cpp:92] Producer process tried to deallocate over 1000 memory blocks referred by consumer processes. Deallocation might be significantly slowed down. We assume it will never going to be the case, but if it is, please file but to https://github.com/pytorch/pytorch
Train Epoch: 7 [1552/2648 (59%)] loss: 0.0073 L_si: 0.0073 L_grad: 0.0000 
Train Epoch: 7 [1568/2648 (59%)] loss: 0.0069 L_si: 0.0069 L_grad: 0.0000 
Train Epoch: 7 [1584/2648 (60%)] loss: 0.0074 L_si: 0.0074 L_grad: 0.0000 
Train Epoch: 7 [1600/2648 (60%)] loss: 0.0079 L_si: 0.0079 L_grad: 0.0000 
Train Epoch: 7 [1616/2648 (61%)] loss: 0.0070 L_si: 0.0070 L_grad: 0.0000 
Train Epoch: 7 [1632/2648 (62%)] loss: 0.0079 L_si: 0.0079 L_grad: 0.0000 
Train Epoch: 7 [1648/2648 (62%)] loss: 0.0058 L_si: 0.0058 L_grad: 0.0000 
Train Epoch: 7 [1664/2648 (63%)] loss: 0.0066 L_si: 0.0066 L_grad: 0.0000 
Train Epoch: 7 [1680/2648 (63%)] loss: 0.0085 L_si: 0.0085 L_grad: 0.0000 
[W CudaIPCTypes.cpp:92] Producer process tried to deallocate over 1000 memory blocks referred by consumer processes. Deallocation might be significantly slowed down. We assume it will never going to be the case, but if it is, please file but to https://github.com/pytorch/pytorch
Train Epoch: 7 [1696/2648 (64%)] loss: 0.0076 L_si: 0.0076 L_grad: 0.0000 
Train Epoch: 7 [1712/2648 (65%)] loss: 0.0076 L_si: 0.0076 L_grad: 0.0000 
Train Epoch: 7 [1728/2648 (65%)] loss: 0.0079 L_si: 0.0079 L_grad: 0.0000 
Train Epoch: 7 [1744/2648 (66%)] loss: 0.0069 L_si: 0.0069 L_grad: 0.0000 
Train Epoch: 7 [1760/2648 (66%)] loss: 0.0073 L_si: 0.0073 L_grad: 0.0000 
Train Epoch: 7 [1776/2648 (67%)] loss: 0.0080 L_si: 0.0080 L_grad: 0.0000 
Train Epoch: 7 [1792/2648 (68%)] loss: 0.0071 L_si: 0.0071 L_grad: 0.0000 
Train Epoch: 7 [1808/2648 (68%)] loss: 0.0070 L_si: 0.0070 L_grad: 0.0000 
Train Epoch: 7 [1824/2648 (69%)] loss: 0.0081 L_si: 0.0081 L_grad: 0.0000 
Train Epoch: 7 [1840/2648 (69%)] loss: 0.0080 L_si: 0.0080 L_grad: 0.0000 
Train Epoch: 7 [1856/2648 (70%)] loss: 0.0073 L_si: 0.0073 L_grad: 0.0000 
Train Epoch: 7 [1872/2648 (71%)] loss: 0.0069 L_si: 0.0069 L_grad: 0.0000 
Train Epoch: 7 [1888/2648 (71%)] loss: 0.0067 L_si: 0.0067 L_grad: 0.0000 
Train Epoch: 7 [1904/2648 (72%)] loss: 0.0078 L_si: 0.0078 L_grad: 0.0000 
Train Epoch: 7 [1920/2648 (73%)] loss: 0.0073 L_si: 0.0073 L_grad: 0.0000 
Train Epoch: 7 [1936/2648 (73%)] loss: 0.0074 L_si: 0.0074 L_grad: 0.0000 
Train Epoch: 7 [1952/2648 (74%)] loss: 0.0061 L_si: 0.0061 L_grad: 0.0000 
Train Epoch: 7 [1968/2648 (74%)] loss: 0.0081 L_si: 0.0081 L_grad: 0.0000 
Train Epoch: 7 [1984/2648 (75%)] loss: 0.0081 L_si: 0.0081 L_grad: 0.0000 
Train Epoch: 7 [2000/2648 (76%)] loss: 0.0067 L_si: 0.0067 L_grad: 0.0000 
Train Epoch: 7 [2016/2648 (76%)] loss: 0.0083 L_si: 0.0083 L_grad: 0.0000 
Train Epoch: 7 [2032/2648 (77%)] loss: 0.0056 L_si: 0.0056 L_grad: 0.0000 
Train Epoch: 7 [2048/2648 (77%)] loss: 0.0073 L_si: 0.0073 L_grad: 0.0000 
Train Epoch: 7 [2064/2648 (78%)] loss: 0.0067 L_si: 0.0067 L_grad: 0.0000 
Train Epoch: 7 [2080/2648 (79%)] loss: 0.0079 L_si: 0.0079 L_grad: 0.0000 
Train Epoch: 7 [2096/2648 (79%)] loss: 0.0069 L_si: 0.0069 L_grad: 0.0000 
Train Epoch: 7 [2112/2648 (80%)] loss: 0.0079 L_si: 0.0079 L_grad: 0.0000 
Train Epoch: 7 [2128/2648 (80%)] loss: 0.0074 L_si: 0.0074 L_grad: 0.0000 
Train Epoch: 7 [2144/2648 (81%)] loss: 0.0079 L_si: 0.0079 L_grad: 0.0000 
Train Epoch: 7 [2160/2648 (82%)] loss: 0.0078 L_si: 0.0078 L_grad: 0.0000 
Train Epoch: 7 [2176/2648 (82%)] loss: 0.0054 L_si: 0.0054 L_grad: 0.0000 
Train Epoch: 7 [2192/2648 (83%)] loss: 0.0073 L_si: 0.0073 L_grad: 0.0000 
Train Epoch: 7 [2208/2648 (83%)] loss: 0.0076 L_si: 0.0076 L_grad: 0.0000 
Train Epoch: 7 [2224/2648 (84%)] loss: 0.0069 L_si: 0.0069 L_grad: 0.0000 
Train Epoch: 7 [2240/2648 (85%)] loss: 0.0075 L_si: 0.0075 L_grad: 0.0000 
Train Epoch: 7 [2256/2648 (85%)] loss: 0.0068 L_si: 0.0068 L_grad: 0.0000 
Train Epoch: 7 [2272/2648 (86%)] loss: 0.0072 L_si: 0.0072 L_grad: 0.0000 
Train Epoch: 7 [2288/2648 (86%)] loss: 0.0077 L_si: 0.0077 L_grad: 0.0000 
Train Epoch: 7 [2304/2648 (87%)] loss: 0.0076 L_si: 0.0076 L_grad: 0.0000 
Train Epoch: 7 [2320/2648 (88%)] loss: 0.0076 L_si: 0.0076 L_grad: 0.0000 
Train Epoch: 7 [2336/2648 (88%)] loss: 0.0071 L_si: 0.0071 L_grad: 0.0000 
Train Epoch: 7 [2352/2648 (89%)] loss: 0.0078 L_si: 0.0078 L_grad: 0.0000 
Train Epoch: 7 [2368/2648 (89%)] loss: 0.0078 L_si: 0.0078 L_grad: 0.0000 
Train Epoch: 7 [2384/2648 (90%)] loss: 0.0081 L_si: 0.0081 L_grad: 0.0000 
Train Epoch: 7 [2400/2648 (91%)] loss: 0.0060 L_si: 0.0060 L_grad: 0.0000 
Train Epoch: 7 [2416/2648 (91%)] loss: 0.0080 L_si: 0.0080 L_grad: 0.0000 
Train Epoch: 7 [2432/2648 (92%)] loss: 0.0078 L_si: 0.0078 L_grad: 0.0000 
Train Epoch: 7 [2448/2648 (92%)] loss: 0.0070 L_si: 0.0070 L_grad: 0.0000 
Train Epoch: 7 [2464/2648 (93%)] loss: 0.0077 L_si: 0.0077 L_grad: 0.0000 
Train Epoch: 7 [2480/2648 (94%)] loss: 0.0081 L_si: 0.0081 L_grad: 0.0000 
Train Epoch: 7 [2496/2648 (94%)] loss: 0.0070 L_si: 0.0070 L_grad: 0.0000 
Train Epoch: 7 [2512/2648 (95%)] loss: 0.0067 L_si: 0.0067 L_grad: 0.0000 
Train Epoch: 7 [2528/2648 (95%)] loss: 0.0060 L_si: 0.0060 L_grad: 0.0000 
Train Epoch: 7 [2544/2648 (96%)] loss: 0.0068 L_si: 0.0068 L_grad: 0.0000 
Train Epoch: 7 [2560/2648 (97%)] loss: 0.0069 L_si: 0.0069 L_grad: 0.0000 
Train Epoch: 7 [2576/2648 (97%)] loss: 0.0084 L_si: 0.0084 L_grad: 0.0000 
Train Epoch: 7 [2592/2648 (98%)] loss: 0.0086 L_si: 0.0086 L_grad: 0.0000 
Train Epoch: 7 [2608/2648 (98%)] loss: 0.0074 L_si: 0.0074 L_grad: 0.0000 
Train Epoch: 7 [2624/2648 (99%)] loss: 0.0077 L_si: 0.0077 L_grad: 0.0000 
Train Epoch: 7 [2640/2648 (100%)] loss: 0.0077 L_si: 0.0077 L_grad: 0.0000 
[W CudaIPCTypes.cpp:15] Producer process has been terminated before all shared CUDA tensors released. See Note [Sharing CUDA tensors]
/home/yl3836/.conda/envs/mevent/lib/python3.9/site-packages/torchvision/models/_utils.py:208: UserWarning: The parameter 'pretrained' is deprecated since 0.13 and will be removed in 0.15, please use 'weights' instead.
  warnings.warn(
/home/yl3836/.conda/envs/mevent/lib/python3.9/site-packages/torchvision/models/_utils.py:223: UserWarning: Arguments other than a weight enum or `None` for 'weights' are deprecated since 0.13 and will be removed in 0.15. The current behavior is equivalent to passing `weights=VGG16_Weights.IMAGENET1K_V1`. You can also use `weights=VGG16_Weights.DEFAULT` to get the most up-to-date weights.
  warnings.warn(msg)
/home/yl3836/.conda/envs/mevent/lib/python3.9/site-packages/torchvision/models/_utils.py:208: UserWarning: The parameter 'pretrained' is deprecated since 0.13 and will be removed in 0.15, please use 'weights' instead.
  warnings.warn(
/home/yl3836/.conda/envs/mevent/lib/python3.9/site-packages/torchvision/models/_utils.py:223: UserWarning: Arguments other than a weight enum or `None` for 'weights' are deprecated since 0.13 and will be removed in 0.15. The current behavior is equivalent to passing `weights=VGG16_Weights.IMAGENET1K_V1`. You can also use `weights=VGG16_Weights.DEFAULT` to get the most up-to-date weights.
  warnings.warn(msg)
/home/yl3836/.conda/envs/mevent/lib/python3.9/site-packages/torchvision/models/_utils.py:208: UserWarning: The parameter 'pretrained' is deprecated since 0.13 and will be removed in 0.15, please use 'weights' instead.
  warnings.warn(
/home/yl3836/.conda/envs/mevent/lib/python3.9/site-packages/torchvision/models/_utils.py:223: UserWarning: Arguments other than a weight enum or `None` for 'weights' are deprecated since 0.13 and will be removed in 0.15. The current behavior is equivalent to passing `weights=VGG16_Weights.IMAGENET1K_V1`. You can also use `weights=VGG16_Weights.DEFAULT` to get the most up-to-date weights.
  warnings.warn(msg)
/home/yl3836/.conda/envs/mevent/lib/python3.9/site-packages/torchvision/models/_utils.py:208: UserWarning: The parameter 'pretrained' is deprecated since 0.13 and will be removed in 0.15, please use 'weights' instead.
  warnings.warn(
/home/yl3836/.conda/envs/mevent/lib/python3.9/site-packages/torchvision/models/_utils.py:223: UserWarning: Arguments other than a weight enum or `None` for 'weights' are deprecated since 0.13 and will be removed in 0.15. The current behavior is equivalent to passing `weights=VGG16_Weights.IMAGENET1K_V1`. You can also use `weights=VGG16_Weights.DEFAULT` to get the most up-to-date weights.
  warnings.warn(msg)
/home/yl3836/.conda/envs/mevent/lib/python3.9/site-packages/torchvision/models/_utils.py:208: UserWarning: The parameter 'pretrained' is deprecated since 0.13 and will be removed in 0.15, please use 'weights' instead.
  warnings.warn(
/home/yl3836/.conda/envs/mevent/lib/python3.9/site-packages/torchvision/models/_utils.py:223: UserWarning: Arguments other than a weight enum or `None` for 'weights' are deprecated since 0.13 and will be removed in 0.15. The current behavior is equivalent to passing `weights=VGG16_Weights.IMAGENET1K_V1`. You can also use `weights=VGG16_Weights.DEFAULT` to get the most up-to-date weights.
  warnings.warn(msg)
/home/yl3836/.conda/envs/mevent/lib/python3.9/site-packages/torchvision/models/_utils.py:208: UserWarning: The parameter 'pretrained' is deprecated since 0.13 and will be removed in 0.15, please use 'weights' instead.
  warnings.warn(
/home/yl3836/.conda/envs/mevent/lib/python3.9/site-packages/torchvision/models/_utils.py:223: UserWarning: Arguments other than a weight enum or `None` for 'weights' are deprecated since 0.13 and will be removed in 0.15. The current behavior is equivalent to passing `weights=VGG16_Weights.IMAGENET1K_V1`. You can also use `weights=VGG16_Weights.DEFAULT` to get the most up-to-date weights.
  warnings.warn(msg)
/home/yl3836/.conda/envs/mevent/lib/python3.9/site-packages/torchvision/models/_utils.py:208: UserWarning: The parameter 'pretrained' is deprecated since 0.13 and will be removed in 0.15, please use 'weights' instead.
  warnings.warn(
/home/yl3836/.conda/envs/mevent/lib/python3.9/site-packages/torchvision/models/_utils.py:223: UserWarning: Arguments other than a weight enum or `None` for 'weights' are deprecated since 0.13 and will be removed in 0.15. The current behavior is equivalent to passing `weights=VGG16_Weights.IMAGENET1K_V1`. You can also use `weights=VGG16_Weights.DEFAULT` to get the most up-to-date weights.
  warnings.warn(msg)
/home/yl3836/.conda/envs/mevent/lib/python3.9/site-packages/torchvision/models/_utils.py:208: UserWarning: The parameter 'pretrained' is deprecated since 0.13 and will be removed in 0.15, please use 'weights' instead.
  warnings.warn(
/home/yl3836/.conda/envs/mevent/lib/python3.9/site-packages/torchvision/models/_utils.py:223: UserWarning: Arguments other than a weight enum or `None` for 'weights' are deprecated since 0.13 and will be removed in 0.15. The current behavior is equivalent to passing `weights=VGG16_Weights.IMAGENET1K_V1`. You can also use `weights=VGG16_Weights.DEFAULT` to get the most up-to-date weights.
  warnings.warn(msg)
/home/yl3836/.conda/envs/mevent/lib/python3.9/site-packages/torchvision/models/_utils.py:208: UserWarning: The parameter 'pretrained' is deprecated since 0.13 and will be removed in 0.15, please use 'weights' instead.
  warnings.warn(
/home/yl3836/.conda/envs/mevent/lib/python3.9/site-packages/torchvision/models/_utils.py:223: UserWarning: Arguments other than a weight enum or `None` for 'weights' are deprecated since 0.13 and will be removed in 0.15. The current behavior is equivalent to passing `weights=VGG16_Weights.IMAGENET1K_V1`. You can also use `weights=VGG16_Weights.DEFAULT` to get the most up-to-date weights.
  warnings.warn(msg)
/home/yl3836/.conda/envs/mevent/lib/python3.9/site-packages/torchvision/models/_utils.py:208: UserWarning: The parameter 'pretrained' is deprecated since 0.13 and will be removed in 0.15, please use 'weights' instead.
  warnings.warn(
/home/yl3836/.conda/envs/mevent/lib/python3.9/site-packages/torchvision/models/_utils.py:223: UserWarning: Arguments other than a weight enum or `None` for 'weights' are deprecated since 0.13 and will be removed in 0.15. The current behavior is equivalent to passing `weights=VGG16_Weights.IMAGENET1K_V1`. You can also use `weights=VGG16_Weights.DEFAULT` to get the most up-to-date weights.
  warnings.warn(msg)
/home/yl3836/.conda/envs/mevent/lib/python3.9/site-packages/torchvision/models/_utils.py:208: UserWarning: The parameter 'pretrained' is deprecated since 0.13 and will be removed in 0.15, please use 'weights' instead.
  warnings.warn(
/home/yl3836/.conda/envs/mevent/lib/python3.9/site-packages/torchvision/models/_utils.py:223: UserWarning: Arguments other than a weight enum or `None` for 'weights' are deprecated since 0.13 and will be removed in 0.15. The current behavior is equivalent to passing `weights=VGG16_Weights.IMAGENET1K_V1`. You can also use `weights=VGG16_Weights.DEFAULT` to get the most up-to-date weights.
  warnings.warn(msg)
/home/yl3836/.conda/envs/mevent/lib/python3.9/site-packages/torchvision/models/_utils.py:208: UserWarning: The parameter 'pretrained' is deprecated since 0.13 and will be removed in 0.15, please use 'weights' instead.
  warnings.warn(
/home/yl3836/.conda/envs/mevent/lib/python3.9/site-packages/torchvision/models/_utils.py:223: UserWarning: Arguments other than a weight enum or `None` for 'weights' are deprecated since 0.13 and will be removed in 0.15. The current behavior is equivalent to passing `weights=VGG16_Weights.IMAGENET1K_V1`. You can also use `weights=VGG16_Weights.DEFAULT` to get the most up-to-date weights.
  warnings.warn(msg)
/home/yl3836/.conda/envs/mevent/lib/python3.9/site-packages/torchvision/models/_utils.py:208: UserWarning: The parameter 'pretrained' is deprecated since 0.13 and will be removed in 0.15, please use 'weights' instead.
  warnings.warn(
/home/yl3836/.conda/envs/mevent/lib/python3.9/site-packages/torchvision/models/_utils.py:223: UserWarning: Arguments other than a weight enum or `None` for 'weights' are deprecated since 0.13 and will be removed in 0.15. The current behavior is equivalent to passing `weights=VGG16_Weights.IMAGENET1K_V1`. You can also use `weights=VGG16_Weights.DEFAULT` to get the most up-to-date weights.
  warnings.warn(msg)
/home/yl3836/.conda/envs/mevent/lib/python3.9/site-packages/torchvision/models/_utils.py:208: UserWarning: The parameter 'pretrained' is deprecated since 0.13 and will be removed in 0.15, please use 'weights' instead.
  warnings.warn(
/home/yl3836/.conda/envs/mevent/lib/python3.9/site-packages/torchvision/models/_utils.py:223: UserWarning: Arguments other than a weight enum or `None` for 'weights' are deprecated since 0.13 and will be removed in 0.15. The current behavior is equivalent to passing `weights=VGG16_Weights.IMAGENET1K_V1`. You can also use `weights=VGG16_Weights.DEFAULT` to get the most up-to-date weights.
  warnings.warn(msg)
Validation: [0/888 (0%)]
Validation: [16/888 (2%)]
Validation: [32/888 (4%)]
Validation: [48/888 (5%)]
[W CudaIPCTypes.cpp:92] Producer process tried to deallocate over 1000 memory blocks referred by consumer processes. Deallocation might be significantly slowed down. We assume it will never going to be the case, but if it is, please file but to https://github.com/pytorch/pytorch
Validation: [64/888 (7%)]
Validation: [80/888 (9%)]
Validation: [96/888 (11%)]
Validation: [112/888 (13%)]
Validation: [128/888 (14%)]
Validation: [144/888 (16%)]
Validation: [160/888 (18%)]
Validation: [176/888 (20%)]
Validation: [192/888 (22%)]
Validation: [208/888 (23%)]
Validation: [224/888 (25%)]
Validation: [240/888 (27%)]
Validation: [256/888 (29%)]
Validation: [272/888 (31%)]
Validation: [288/888 (32%)]
Validation: [304/888 (34%)]
Validation: [320/888 (36%)]
Validation: [336/888 (38%)]
Validation: [352/888 (40%)]
Validation: [368/888 (41%)]
Validation: [384/888 (43%)]
Validation: [400/888 (45%)]
Validation: [416/888 (47%)]
Validation: [432/888 (49%)]
Validation: [448/888 (50%)]
Validation: [464/888 (52%)]
Validation: [480/888 (54%)]
Validation: [496/888 (56%)]
Validation: [512/888 (58%)]
Validation: [528/888 (59%)]
Validation: [544/888 (61%)]
Validation: [560/888 (63%)]
Validation: [576/888 (65%)]
Validation: [592/888 (67%)]
Validation: [608/888 (68%)]
Validation: [624/888 (70%)]
Validation: [640/888 (72%)]
Validation: [656/888 (74%)]
Validation: [672/888 (76%)]
Validation: [688/888 (77%)]
Validation: [704/888 (79%)]
Validation: [720/888 (81%)]
Validation: [736/888 (83%)]
Validation: [752/888 (85%)]
Validation: [768/888 (86%)]
Validation: [784/888 (88%)]
Validation: [800/888 (90%)]
Validation: [816/888 (92%)]
Validation: [832/888 (94%)]
Validation: [848/888 (95%)]
Validation: [864/888 (97%)]
Validation: [880/888 (99%)]
[W CudaIPCTypes.cpp:15] Producer process has been terminated before all shared CUDA tensors released. See Note [Sharing CUDA tensors]
/home/yl3836/.conda/envs/mevent/lib/python3.9/site-packages/torchvision/models/_utils.py:208: UserWarning: The parameter 'pretrained' is deprecated since 0.13 and will be removed in 0.15, please use 'weights' instead.
  warnings.warn(
/home/yl3836/.conda/envs/mevent/lib/python3.9/site-packages/torchvision/models/_utils.py:223: UserWarning: Arguments other than a weight enum or `None` for 'weights' are deprecated since 0.13 and will be removed in 0.15. The current behavior is equivalent to passing `weights=VGG16_Weights.IMAGENET1K_V1`. You can also use `weights=VGG16_Weights.DEFAULT` to get the most up-to-date weights.
  warnings.warn(msg)
/home/yl3836/.conda/envs/mevent/lib/python3.9/site-packages/torchvision/models/_utils.py:208: UserWarning: The parameter 'pretrained' is deprecated since 0.13 and will be removed in 0.15, please use 'weights' instead.
  warnings.warn(
/home/yl3836/.conda/envs/mevent/lib/python3.9/site-packages/torchvision/models/_utils.py:223: UserWarning: Arguments other than a weight enum or `None` for 'weights' are deprecated since 0.13 and will be removed in 0.15. The current behavior is equivalent to passing `weights=VGG16_Weights.IMAGENET1K_V1`. You can also use `weights=VGG16_Weights.DEFAULT` to get the most up-to-date weights.
  warnings.warn(msg)
/home/yl3836/.conda/envs/mevent/lib/python3.9/site-packages/torchvision/models/_utils.py:208: UserWarning: The parameter 'pretrained' is deprecated since 0.13 and will be removed in 0.15, please use 'weights' instead.
  warnings.warn(
/home/yl3836/.conda/envs/mevent/lib/python3.9/site-packages/torchvision/models/_utils.py:223: UserWarning: Arguments other than a weight enum or `None` for 'weights' are deprecated since 0.13 and will be removed in 0.15. The current behavior is equivalent to passing `weights=VGG16_Weights.IMAGENET1K_V1`. You can also use `weights=VGG16_Weights.DEFAULT` to get the most up-to-date weights.
  warnings.warn(msg)
/home/yl3836/.conda/envs/mevent/lib/python3.9/site-packages/torchvision/models/_utils.py:208: UserWarning: The parameter 'pretrained' is deprecated since 0.13 and will be removed in 0.15, please use 'weights' instead.
  warnings.warn(
/home/yl3836/.conda/envs/mevent/lib/python3.9/site-packages/torchvision/models/_utils.py:223: UserWarning: Arguments other than a weight enum or `None` for 'weights' are deprecated since 0.13 and will be removed in 0.15. The current behavior is equivalent to passing `weights=VGG16_Weights.IMAGENET1K_V1`. You can also use `weights=VGG16_Weights.DEFAULT` to get the most up-to-date weights.
  warnings.warn(msg)
/home/yl3836/.conda/envs/mevent/lib/python3.9/site-packages/torchvision/models/_utils.py:208: UserWarning: The parameter 'pretrained' is deprecated since 0.13 and will be removed in 0.15, please use 'weights' instead.
  warnings.warn(
/home/yl3836/.conda/envs/mevent/lib/python3.9/site-packages/torchvision/models/_utils.py:223: UserWarning: Arguments other than a weight enum or `None` for 'weights' are deprecated since 0.13 and will be removed in 0.15. The current behavior is equivalent to passing `weights=VGG16_Weights.IMAGENET1K_V1`. You can also use `weights=VGG16_Weights.DEFAULT` to get the most up-to-date weights.
  warnings.warn(msg)
/home/yl3836/.conda/envs/mevent/lib/python3.9/site-packages/torchvision/models/_utils.py:208: UserWarning: The parameter 'pretrained' is deprecated since 0.13 and will be removed in 0.15, please use 'weights' instead.
  warnings.warn(
/home/yl3836/.conda/envs/mevent/lib/python3.9/site-packages/torchvision/models/_utils.py:223: UserWarning: Arguments other than a weight enum or `None` for 'weights' are deprecated since 0.13 and will be removed in 0.15. The current behavior is equivalent to passing `weights=VGG16_Weights.IMAGENET1K_V1`. You can also use `weights=VGG16_Weights.DEFAULT` to get the most up-to-date weights.
  warnings.warn(msg)
/home/yl3836/.conda/envs/mevent/lib/python3.9/site-packages/torchvision/models/_utils.py:208: UserWarning: The parameter 'pretrained' is deprecated since 0.13 and will be removed in 0.15, please use 'weights' instead.
  warnings.warn(
/home/yl3836/.conda/envs/mevent/lib/python3.9/site-packages/torchvision/models/_utils.py:223: UserWarning: Arguments other than a weight enum or `None` for 'weights' are deprecated since 0.13 and will be removed in 0.15. The current behavior is equivalent to passing `weights=VGG16_Weights.IMAGENET1K_V1`. You can also use `weights=VGG16_Weights.DEFAULT` to get the most up-to-date weights.
  warnings.warn(msg)
/home/yl3836/.conda/envs/mevent/lib/python3.9/site-packages/torchvision/models/_utils.py:208: UserWarning: The parameter 'pretrained' is deprecated since 0.13 and will be removed in 0.15, please use 'weights' instead.
  warnings.warn(
/home/yl3836/.conda/envs/mevent/lib/python3.9/site-packages/torchvision/models/_utils.py:223: UserWarning: Arguments other than a weight enum or `None` for 'weights' are deprecated since 0.13 and will be removed in 0.15. The current behavior is equivalent to passing `weights=VGG16_Weights.IMAGENET1K_V1`. You can also use `weights=VGG16_Weights.DEFAULT` to get the most up-to-date weights.
  warnings.warn(msg)
/home/yl3836/.conda/envs/mevent/lib/python3.9/site-packages/torchvision/models/_utils.py:208: UserWarning: The parameter 'pretrained' is deprecated since 0.13 and will be removed in 0.15, please use 'weights' instead.
  warnings.warn(
/home/yl3836/.conda/envs/mevent/lib/python3.9/site-packages/torchvision/models/_utils.py:223: UserWarning: Arguments other than a weight enum or `None` for 'weights' are deprecated since 0.13 and will be removed in 0.15. The current behavior is equivalent to passing `weights=VGG16_Weights.IMAGENET1K_V1`. You can also use `weights=VGG16_Weights.DEFAULT` to get the most up-to-date weights.
  warnings.warn(msg)
/home/yl3836/.conda/envs/mevent/lib/python3.9/site-packages/torchvision/models/_utils.py:208: UserWarning: The parameter 'pretrained' is deprecated since 0.13 and will be removed in 0.15, please use 'weights' instead.
  warnings.warn(
/home/yl3836/.conda/envs/mevent/lib/python3.9/site-packages/torchvision/models/_utils.py:223: UserWarning: Arguments other than a weight enum or `None` for 'weights' are deprecated since 0.13 and will be removed in 0.15. The current behavior is equivalent to passing `weights=VGG16_Weights.IMAGENET1K_V1`. You can also use `weights=VGG16_Weights.DEFAULT` to get the most up-to-date weights.
  warnings.warn(msg)
/home/yl3836/.conda/envs/mevent/lib/python3.9/site-packages/torchvision/models/_utils.py:208: UserWarning: The parameter 'pretrained' is deprecated since 0.13 and will be removed in 0.15, please use 'weights' instead.
  warnings.warn(
/home/yl3836/.conda/envs/mevent/lib/python3.9/site-packages/torchvision/models/_utils.py:223: UserWarning: Arguments other than a weight enum or `None` for 'weights' are deprecated since 0.13 and will be removed in 0.15. The current behavior is equivalent to passing `weights=VGG16_Weights.IMAGENET1K_V1`. You can also use `weights=VGG16_Weights.DEFAULT` to get the most up-to-date weights.
  warnings.warn(msg)
/home/yl3836/.conda/envs/mevent/lib/python3.9/site-packages/torchvision/models/_utils.py:208: UserWarning: The parameter 'pretrained' is deprecated since 0.13 and will be removed in 0.15, please use 'weights' instead.
  warnings.warn(
/home/yl3836/.conda/envs/mevent/lib/python3.9/site-packages/torchvision/models/_utils.py:223: UserWarning: Arguments other than a weight enum or `None` for 'weights' are deprecated since 0.13 and will be removed in 0.15. The current behavior is equivalent to passing `weights=VGG16_Weights.IMAGENET1K_V1`. You can also use `weights=VGG16_Weights.DEFAULT` to get the most up-to-date weights.
  warnings.warn(msg)
/home/yl3836/.conda/envs/mevent/lib/python3.9/site-packages/torchvision/models/_utils.py:208: UserWarning: The parameter 'pretrained' is deprecated since 0.13 and will be removed in 0.15, please use 'weights' instead.
  warnings.warn(
/home/yl3836/.conda/envs/mevent/lib/python3.9/site-packages/torchvision/models/_utils.py:223: UserWarning: Arguments other than a weight enum or `None` for 'weights' are deprecated since 0.13 and will be removed in 0.15. The current behavior is equivalent to passing `weights=VGG16_Weights.IMAGENET1K_V1`. You can also use `weights=VGG16_Weights.DEFAULT` to get the most up-to-date weights.
  warnings.warn(msg)
/home/yl3836/.conda/envs/mevent/lib/python3.9/site-packages/torchvision/models/_utils.py:208: UserWarning: The parameter 'pretrained' is deprecated since 0.13 and will be removed in 0.15, please use 'weights' instead.
  warnings.warn(
/home/yl3836/.conda/envs/mevent/lib/python3.9/site-packages/torchvision/models/_utils.py:223: UserWarning: Arguments other than a weight enum or `None` for 'weights' are deprecated since 0.13 and will be removed in 0.15. The current behavior is equivalent to passing `weights=VGG16_Weights.IMAGENET1K_V1`. You can also use `weights=VGG16_Weights.DEFAULT` to get the most up-to-date weights.
  warnings.warn(msg)
Train Epoch: 8 [0/2648 (0%)] loss: 0.0061 L_si: 0.0061 L_grad: 0.0000 
Train Epoch: 8 [16/2648 (1%)] loss: 0.0081 L_si: 0.0081 L_grad: 0.0000 
Train Epoch: 8 [32/2648 (1%)] loss: 0.0076 L_si: 0.0076 L_grad: 0.0000 
Train Epoch: 8 [48/2648 (2%)] loss: 0.0080 L_si: 0.0080 L_grad: 0.0000 
[W CudaIPCTypes.cpp:92] Producer process tried to deallocate over 1000 memory blocks referred by consumer processes. Deallocation might be significantly slowed down. We assume it will never going to be the case, but if it is, please file but to https://github.com/pytorch/pytorch
Train Epoch: 8 [64/2648 (2%)] loss: 0.0076 L_si: 0.0076 L_grad: 0.0000 
Train Epoch: 8 [80/2648 (3%)] loss: 0.0062 L_si: 0.0062 L_grad: 0.0000 
Train Epoch: 8 [96/2648 (4%)] loss: 0.0061 L_si: 0.0061 L_grad: 0.0000 
Train Epoch: 8 [112/2648 (4%)] loss: 0.0071 L_si: 0.0071 L_grad: 0.0000 
Train Epoch: 8 [128/2648 (5%)] loss: 0.0081 L_si: 0.0081 L_grad: 0.0000 
Train Epoch: 8 [144/2648 (5%)] loss: 0.0082 L_si: 0.0082 L_grad: 0.0000 
Train Epoch: 8 [160/2648 (6%)] loss: 0.0072 L_si: 0.0072 L_grad: 0.0000 
Train Epoch: 8 [176/2648 (7%)] loss: 0.0081 L_si: 0.0081 L_grad: 0.0000 
Train Epoch: 8 [192/2648 (7%)] loss: 0.0059 L_si: 0.0059 L_grad: 0.0000 
Train Epoch: 8 [208/2648 (8%)] loss: 0.0069 L_si: 0.0069 L_grad: 0.0000 
Train Epoch: 8 [224/2648 (8%)] loss: 0.0074 L_si: 0.0074 L_grad: 0.0000 
Train Epoch: 8 [240/2648 (9%)] loss: 0.0075 L_si: 0.0075 L_grad: 0.0000 
Train Epoch: 8 [256/2648 (10%)] loss: 0.0068 L_si: 0.0068 L_grad: 0.0000 
Train Epoch: 8 [272/2648 (10%)] loss: 0.0071 L_si: 0.0071 L_grad: 0.0000 
Train Epoch: 8 [288/2648 (11%)] loss: 0.0078 L_si: 0.0078 L_grad: 0.0000 
Train Epoch: 8 [304/2648 (11%)] loss: 0.0076 L_si: 0.0076 L_grad: 0.0000 
Train Epoch: 8 [320/2648 (12%)] loss: 0.0070 L_si: 0.0070 L_grad: 0.0000 
Train Epoch: 8 [336/2648 (13%)] loss: 0.0061 L_si: 0.0061 L_grad: 0.0000 
Train Epoch: 8 [352/2648 (13%)] loss: 0.0080 L_si: 0.0080 L_grad: 0.0000 
Train Epoch: 8 [368/2648 (14%)] loss: 0.0076 L_si: 0.0076 L_grad: 0.0000 
Train Epoch: 8 [384/2648 (15%)] loss: 0.0081 L_si: 0.0081 L_grad: 0.0000 
Train Epoch: 8 [400/2648 (15%)] loss: 0.0064 L_si: 0.0064 L_grad: 0.0000 
Train Epoch: 8 [416/2648 (16%)] loss: 0.0072 L_si: 0.0072 L_grad: 0.0000 
Train Epoch: 8 [432/2648 (16%)] loss: 0.0066 L_si: 0.0066 L_grad: 0.0000 
Train Epoch: 8 [448/2648 (17%)] loss: 0.0080 L_si: 0.0080 L_grad: 0.0000 
Train Epoch: 8 [464/2648 (18%)] loss: 0.0066 L_si: 0.0066 L_grad: 0.0000 
Train Epoch: 8 [480/2648 (18%)] loss: 0.0086 L_si: 0.0086 L_grad: 0.0000 
Train Epoch: 8 [496/2648 (19%)] loss: 0.0072 L_si: 0.0072 L_grad: 0.0000 
Train Epoch: 8 [512/2648 (19%)] loss: 0.0071 L_si: 0.0071 L_grad: 0.0000 
Train Epoch: 8 [528/2648 (20%)] loss: 0.0080 L_si: 0.0080 L_grad: 0.0000 
Train Epoch: 8 [544/2648 (21%)] loss: 0.0062 L_si: 0.0062 L_grad: 0.0000 
Train Epoch: 8 [560/2648 (21%)] loss: 0.0082 L_si: 0.0082 L_grad: 0.0000 
Train Epoch: 8 [576/2648 (22%)] loss: 0.0083 L_si: 0.0083 L_grad: 0.0000 
Train Epoch: 8 [592/2648 (22%)] loss: 0.0066 L_si: 0.0066 L_grad: 0.0000 
Train Epoch: 8 [608/2648 (23%)] loss: 0.0073 L_si: 0.0073 L_grad: 0.0000 
Train Epoch: 8 [624/2648 (24%)] loss: 0.0079 L_si: 0.0079 L_grad: 0.0000 
Train Epoch: 8 [640/2648 (24%)] loss: 0.0080 L_si: 0.0080 L_grad: 0.0000 
Train Epoch: 8 [656/2648 (25%)] loss: 0.0085 L_si: 0.0085 L_grad: 0.0000 
Train Epoch: 8 [672/2648 (25%)] loss: 0.0080 L_si: 0.0080 L_grad: 0.0000 
Train Epoch: 8 [688/2648 (26%)] loss: 0.0066 L_si: 0.0066 L_grad: 0.0000 
Train Epoch: 8 [704/2648 (27%)] loss: 0.0084 L_si: 0.0084 L_grad: 0.0000 
Train Epoch: 8 [720/2648 (27%)] loss: 0.0075 L_si: 0.0075 L_grad: 0.0000 
Train Epoch: 8 [736/2648 (28%)] loss: 0.0079 L_si: 0.0079 L_grad: 0.0000 
Train Epoch: 8 [752/2648 (28%)] loss: 0.0066 L_si: 0.0066 L_grad: 0.0000 
Train Epoch: 8 [768/2648 (29%)] loss: 0.0083 L_si: 0.0083 L_grad: 0.0000 
Train Epoch: 8 [784/2648 (30%)] loss: 0.0077 L_si: 0.0077 L_grad: 0.0000 
Train Epoch: 8 [800/2648 (30%)] loss: 0.0072 L_si: 0.0072 L_grad: 0.0000 
Train Epoch: 8 [816/2648 (31%)] loss: 0.0078 L_si: 0.0078 L_grad: 0.0000 
Train Epoch: 8 [832/2648 (31%)] loss: 0.0079 L_si: 0.0079 L_grad: 0.0000 
Train Epoch: 8 [848/2648 (32%)] loss: 0.0076 L_si: 0.0076 L_grad: 0.0000 
Train Epoch: 8 [864/2648 (33%)] loss: 0.0067 L_si: 0.0067 L_grad: 0.0000 
Train Epoch: 8 [880/2648 (33%)] loss: 0.0085 L_si: 0.0085 L_grad: 0.0000 
Train Epoch: 8 [896/2648 (34%)] loss: 0.0082 L_si: 0.0082 L_grad: 0.0000 
Train Epoch: 8 [912/2648 (34%)] loss: 0.0071 L_si: 0.0071 L_grad: 0.0000 
Train Epoch: 8 [928/2648 (35%)] loss: 0.0076 L_si: 0.0076 L_grad: 0.0000 
Train Epoch: 8 [944/2648 (36%)] loss: 0.0060 L_si: 0.0060 L_grad: 0.0000 
Train Epoch: 8 [960/2648 (36%)] loss: 0.0075 L_si: 0.0075 L_grad: 0.0000 
Train Epoch: 8 [976/2648 (37%)] loss: 0.0069 L_si: 0.0069 L_grad: 0.0000 
Train Epoch: 8 [992/2648 (37%)] loss: 0.0064 L_si: 0.0064 L_grad: 0.0000 
Train Epoch: 8 [1008/2648 (38%)] loss: 0.0069 L_si: 0.0069 L_grad: 0.0000 
Train Epoch: 8 [1024/2648 (39%)] loss: 0.0064 L_si: 0.0064 L_grad: 0.0000 
Train Epoch: 8 [1040/2648 (39%)] loss: 0.0085 L_si: 0.0085 L_grad: 0.0000 
Train Epoch: 8 [1056/2648 (40%)] loss: 0.0079 L_si: 0.0079 L_grad: 0.0000 
Train Epoch: 8 [1072/2648 (40%)] loss: 0.0067 L_si: 0.0067 L_grad: 0.0000 
Train Epoch: 8 [1088/2648 (41%)] loss: 0.0076 L_si: 0.0076 L_grad: 0.0000 
Train Epoch: 8 [1104/2648 (42%)] loss: 0.0075 L_si: 0.0075 L_grad: 0.0000 
Train Epoch: 8 [1120/2648 (42%)] loss: 0.0059 L_si: 0.0059 L_grad: 0.0000 
Train Epoch: 8 [1136/2648 (43%)] loss: 0.0075 L_si: 0.0075 L_grad: 0.0000 
Train Epoch: 8 [1152/2648 (44%)] loss: 0.0080 L_si: 0.0080 L_grad: 0.0000 
Train Epoch: 8 [1168/2648 (44%)] loss: 0.0054 L_si: 0.0054 L_grad: 0.0000 
Train Epoch: 8 [1184/2648 (45%)] loss: 0.0065 L_si: 0.0065 L_grad: 0.0000 
Train Epoch: 8 [1200/2648 (45%)] loss: 0.0072 L_si: 0.0072 L_grad: 0.0000 
Train Epoch: 8 [1216/2648 (46%)] loss: 0.0083 L_si: 0.0083 L_grad: 0.0000 
Train Epoch: 8 [1232/2648 (47%)] loss: 0.0079 L_si: 0.0079 L_grad: 0.0000 
Train Epoch: 8 [1248/2648 (47%)] loss: 0.0086 L_si: 0.0086 L_grad: 0.0000 
Train Epoch: 8 [1264/2648 (48%)] loss: 0.0063 L_si: 0.0063 L_grad: 0.0000 
Train Epoch: 8 [1280/2648 (48%)] loss: 0.0061 L_si: 0.0061 L_grad: 0.0000 
Train Epoch: 8 [1296/2648 (49%)] loss: 0.0076 L_si: 0.0076 L_grad: 0.0000 
Train Epoch: 8 [1312/2648 (50%)] loss: 0.0086 L_si: 0.0086 L_grad: 0.0000 
Train Epoch: 8 [1328/2648 (50%)] loss: 0.0084 L_si: 0.0084 L_grad: 0.0000 
Train Epoch: 8 [1344/2648 (51%)] loss: 0.0068 L_si: 0.0068 L_grad: 0.0000 
Train Epoch: 8 [1360/2648 (51%)] loss: 0.0082 L_si: 0.0082 L_grad: 0.0000 
Train Epoch: 8 [1376/2648 (52%)] loss: 0.0070 L_si: 0.0070 L_grad: 0.0000 
[W CudaIPCTypes.cpp:92] Producer process tried to deallocate over 1000 memory blocks referred by consumer processes. Deallocation might be significantly slowed down. We assume it will never going to be the case, but if it is, please file but to https://github.com/pytorch/pytorch
Train Epoch: 8 [1392/2648 (53%)] loss: 0.0067 L_si: 0.0067 L_grad: 0.0000 
Train Epoch: 8 [1408/2648 (53%)] loss: 0.0073 L_si: 0.0073 L_grad: 0.0000 
Train Epoch: 8 [1424/2648 (54%)] loss: 0.0085 L_si: 0.0085 L_grad: 0.0000 
Train Epoch: 8 [1440/2648 (54%)] loss: 0.0069 L_si: 0.0069 L_grad: 0.0000 
Train Epoch: 8 [1456/2648 (55%)] loss: 0.0061 L_si: 0.0061 L_grad: 0.0000 
Train Epoch: 8 [1472/2648 (56%)] loss: 0.0073 L_si: 0.0073 L_grad: 0.0000 
Train Epoch: 8 [1488/2648 (56%)] loss: 0.0090 L_si: 0.0090 L_grad: 0.0000 
Train Epoch: 8 [1504/2648 (57%)] loss: 0.0075 L_si: 0.0075 L_grad: 0.0000 
Train Epoch: 8 [1520/2648 (57%)] loss: 0.0055 L_si: 0.0055 L_grad: 0.0000 
Train Epoch: 8 [1536/2648 (58%)] loss: 0.0082 L_si: 0.0082 L_grad: 0.0000 
Train Epoch: 8 [1552/2648 (59%)] loss: 0.0070 L_si: 0.0070 L_grad: 0.0000 
Train Epoch: 8 [1568/2648 (59%)] loss: 0.0061 L_si: 0.0061 L_grad: 0.0000 
Train Epoch: 8 [1584/2648 (60%)] loss: 0.0073 L_si: 0.0073 L_grad: 0.0000 
Train Epoch: 8 [1600/2648 (60%)] loss: 0.0078 L_si: 0.0078 L_grad: 0.0000 
Train Epoch: 8 [1616/2648 (61%)] loss: 0.0078 L_si: 0.0078 L_grad: 0.0000 
Train Epoch: 8 [1632/2648 (62%)] loss: 0.0075 L_si: 0.0075 L_grad: 0.0000 
Train Epoch: 8 [1648/2648 (62%)] loss: 0.0079 L_si: 0.0079 L_grad: 0.0000 
Train Epoch: 8 [1664/2648 (63%)] loss: 0.0078 L_si: 0.0078 L_grad: 0.0000 
Train Epoch: 8 [1680/2648 (63%)] loss: 0.0055 L_si: 0.0055 L_grad: 0.0000 
Train Epoch: 8 [1696/2648 (64%)] loss: 0.0082 L_si: 0.0082 L_grad: 0.0000 
[W CudaIPCTypes.cpp:92] Producer process tried to deallocate over 1000 memory blocks referred by consumer processes. Deallocation might be significantly slowed down. We assume it will never going to be the case, but if it is, please file but to https://github.com/pytorch/pytorch
Train Epoch: 8 [1712/2648 (65%)] loss: 0.0076 L_si: 0.0076 L_grad: 0.0000 
Train Epoch: 8 [1728/2648 (65%)] loss: 0.0078 L_si: 0.0078 L_grad: 0.0000 
Train Epoch: 8 [1744/2648 (66%)] loss: 0.0071 L_si: 0.0071 L_grad: 0.0000 
Train Epoch: 8 [1760/2648 (66%)] loss: 0.0072 L_si: 0.0072 L_grad: 0.0000 
Train Epoch: 8 [1776/2648 (67%)] loss: 0.0075 L_si: 0.0075 L_grad: 0.0000 
Train Epoch: 8 [1792/2648 (68%)] loss: 0.0079 L_si: 0.0079 L_grad: 0.0000 
Train Epoch: 8 [1808/2648 (68%)] loss: 0.0070 L_si: 0.0070 L_grad: 0.0000 
Train Epoch: 8 [1824/2648 (69%)] loss: 0.0072 L_si: 0.0072 L_grad: 0.0000 
Train Epoch: 8 [1840/2648 (69%)] loss: 0.0064 L_si: 0.0064 L_grad: 0.0000 
Train Epoch: 8 [1856/2648 (70%)] loss: 0.0068 L_si: 0.0068 L_grad: 0.0000 
Train Epoch: 8 [1872/2648 (71%)] loss: 0.0079 L_si: 0.0079 L_grad: 0.0000 
Train Epoch: 8 [1888/2648 (71%)] loss: 0.0075 L_si: 0.0075 L_grad: 0.0000 
Train Epoch: 8 [1904/2648 (72%)] loss: 0.0078 L_si: 0.0078 L_grad: 0.0000 
Train Epoch: 8 [1920/2648 (73%)] loss: 0.0067 L_si: 0.0067 L_grad: 0.0000 
Train Epoch: 8 [1936/2648 (73%)] loss: 0.0069 L_si: 0.0069 L_grad: 0.0000 
Train Epoch: 8 [1952/2648 (74%)] loss: 0.0075 L_si: 0.0075 L_grad: 0.0000 
Train Epoch: 8 [1968/2648 (74%)] loss: 0.0069 L_si: 0.0069 L_grad: 0.0000 
Train Epoch: 8 [1984/2648 (75%)] loss: 0.0083 L_si: 0.0083 L_grad: 0.0000 
Train Epoch: 8 [2000/2648 (76%)] loss: 0.0085 L_si: 0.0085 L_grad: 0.0000 
Train Epoch: 8 [2016/2648 (76%)] loss: 0.0060 L_si: 0.0060 L_grad: 0.0000 
Train Epoch: 8 [2032/2648 (77%)] loss: 0.0068 L_si: 0.0068 L_grad: 0.0000 
Train Epoch: 8 [2048/2648 (77%)] loss: 0.0077 L_si: 0.0077 L_grad: 0.0000 
Train Epoch: 8 [2064/2648 (78%)] loss: 0.0067 L_si: 0.0067 L_grad: 0.0000 
Train Epoch: 8 [2080/2648 (79%)] loss: 0.0069 L_si: 0.0069 L_grad: 0.0000 
Train Epoch: 8 [2096/2648 (79%)] loss: 0.0080 L_si: 0.0080 L_grad: 0.0000 
Train Epoch: 8 [2112/2648 (80%)] loss: 0.0081 L_si: 0.0081 L_grad: 0.0000 
Train Epoch: 8 [2128/2648 (80%)] loss: 0.0067 L_si: 0.0067 L_grad: 0.0000 
Train Epoch: 8 [2144/2648 (81%)] loss: 0.0079 L_si: 0.0079 L_grad: 0.0000 
Train Epoch: 8 [2160/2648 (82%)] loss: 0.0080 L_si: 0.0080 L_grad: 0.0000 
Train Epoch: 8 [2176/2648 (82%)] loss: 0.0082 L_si: 0.0082 L_grad: 0.0000 
Train Epoch: 8 [2192/2648 (83%)] loss: 0.0085 L_si: 0.0085 L_grad: 0.0000 
Train Epoch: 8 [2208/2648 (83%)] loss: 0.0083 L_si: 0.0083 L_grad: 0.0000 
Train Epoch: 8 [2224/2648 (84%)] loss: 0.0068 L_si: 0.0068 L_grad: 0.0000 
Train Epoch: 8 [2240/2648 (85%)] loss: 0.0082 L_si: 0.0082 L_grad: 0.0000 
Train Epoch: 8 [2256/2648 (85%)] loss: 0.0080 L_si: 0.0080 L_grad: 0.0000 
Train Epoch: 8 [2272/2648 (86%)] loss: 0.0076 L_si: 0.0076 L_grad: 0.0000 
Train Epoch: 8 [2288/2648 (86%)] loss: 0.0080 L_si: 0.0080 L_grad: 0.0000 
Train Epoch: 8 [2304/2648 (87%)] loss: 0.0072 L_si: 0.0072 L_grad: 0.0000 
Train Epoch: 8 [2320/2648 (88%)] loss: 0.0070 L_si: 0.0070 L_grad: 0.0000 
Train Epoch: 8 [2336/2648 (88%)] loss: 0.0074 L_si: 0.0074 L_grad: 0.0000 
Train Epoch: 8 [2352/2648 (89%)] loss: 0.0075 L_si: 0.0075 L_grad: 0.0000 
Train Epoch: 8 [2368/2648 (89%)] loss: 0.0063 L_si: 0.0063 L_grad: 0.0000 
Train Epoch: 8 [2384/2648 (90%)] loss: 0.0070 L_si: 0.0070 L_grad: 0.0000 
Train Epoch: 8 [2400/2648 (91%)] loss: 0.0072 L_si: 0.0072 L_grad: 0.0000 
Train Epoch: 8 [2416/2648 (91%)] loss: 0.0080 L_si: 0.0080 L_grad: 0.0000 
Train Epoch: 8 [2432/2648 (92%)] loss: 0.0072 L_si: 0.0072 L_grad: 0.0000 
Train Epoch: 8 [2448/2648 (92%)] loss: 0.0066 L_si: 0.0066 L_grad: 0.0000 
Train Epoch: 8 [2464/2648 (93%)] loss: 0.0064 L_si: 0.0064 L_grad: 0.0000 
Train Epoch: 8 [2480/2648 (94%)] loss: 0.0083 L_si: 0.0083 L_grad: 0.0000 
Train Epoch: 8 [2496/2648 (94%)] loss: 0.0077 L_si: 0.0077 L_grad: 0.0000 
Train Epoch: 8 [2512/2648 (95%)] loss: 0.0067 L_si: 0.0067 L_grad: 0.0000 
Train Epoch: 8 [2528/2648 (95%)] loss: 0.0070 L_si: 0.0070 L_grad: 0.0000 
Train Epoch: 8 [2544/2648 (96%)] loss: 0.0060 L_si: 0.0060 L_grad: 0.0000 
Train Epoch: 8 [2560/2648 (97%)] loss: 0.0074 L_si: 0.0074 L_grad: 0.0000 
Train Epoch: 8 [2576/2648 (97%)] loss: 0.0075 L_si: 0.0075 L_grad: 0.0000 
Train Epoch: 8 [2592/2648 (98%)] loss: 0.0078 L_si: 0.0078 L_grad: 0.0000 
Train Epoch: 8 [2608/2648 (98%)] loss: 0.0067 L_si: 0.0067 L_grad: 0.0000 
Train Epoch: 8 [2624/2648 (99%)] loss: 0.0065 L_si: 0.0065 L_grad: 0.0000 
Train Epoch: 8 [2640/2648 (100%)] loss: 0.0059 L_si: 0.0059 L_grad: 0.0000 
[W CudaIPCTypes.cpp:15] Producer process has been terminated before all shared CUDA tensors released. See Note [Sharing CUDA tensors]
/home/yl3836/.conda/envs/mevent/lib/python3.9/site-packages/torchvision/models/_utils.py:208: UserWarning: The parameter 'pretrained' is deprecated since 0.13 and will be removed in 0.15, please use 'weights' instead.
  warnings.warn(
/home/yl3836/.conda/envs/mevent/lib/python3.9/site-packages/torchvision/models/_utils.py:223: UserWarning: Arguments other than a weight enum or `None` for 'weights' are deprecated since 0.13 and will be removed in 0.15. The current behavior is equivalent to passing `weights=VGG16_Weights.IMAGENET1K_V1`. You can also use `weights=VGG16_Weights.DEFAULT` to get the most up-to-date weights.
  warnings.warn(msg)
/home/yl3836/.conda/envs/mevent/lib/python3.9/site-packages/torchvision/models/_utils.py:208: UserWarning: The parameter 'pretrained' is deprecated since 0.13 and will be removed in 0.15, please use 'weights' instead.
  warnings.warn(
/home/yl3836/.conda/envs/mevent/lib/python3.9/site-packages/torchvision/models/_utils.py:223: UserWarning: Arguments other than a weight enum or `None` for 'weights' are deprecated since 0.13 and will be removed in 0.15. The current behavior is equivalent to passing `weights=VGG16_Weights.IMAGENET1K_V1`. You can also use `weights=VGG16_Weights.DEFAULT` to get the most up-to-date weights.
  warnings.warn(msg)
/home/yl3836/.conda/envs/mevent/lib/python3.9/site-packages/torchvision/models/_utils.py:208: UserWarning: The parameter 'pretrained' is deprecated since 0.13 and will be removed in 0.15, please use 'weights' instead.
  warnings.warn(
/home/yl3836/.conda/envs/mevent/lib/python3.9/site-packages/torchvision/models/_utils.py:223: UserWarning: Arguments other than a weight enum or `None` for 'weights' are deprecated since 0.13 and will be removed in 0.15. The current behavior is equivalent to passing `weights=VGG16_Weights.IMAGENET1K_V1`. You can also use `weights=VGG16_Weights.DEFAULT` to get the most up-to-date weights.
  warnings.warn(msg)
/home/yl3836/.conda/envs/mevent/lib/python3.9/site-packages/torchvision/models/_utils.py:208: UserWarning: The parameter 'pretrained' is deprecated since 0.13 and will be removed in 0.15, please use 'weights' instead.
  warnings.warn(
/home/yl3836/.conda/envs/mevent/lib/python3.9/site-packages/torchvision/models/_utils.py:223: UserWarning: Arguments other than a weight enum or `None` for 'weights' are deprecated since 0.13 and will be removed in 0.15. The current behavior is equivalent to passing `weights=VGG16_Weights.IMAGENET1K_V1`. You can also use `weights=VGG16_Weights.DEFAULT` to get the most up-to-date weights.
  warnings.warn(msg)
/home/yl3836/.conda/envs/mevent/lib/python3.9/site-packages/torchvision/models/_utils.py:208: UserWarning: The parameter 'pretrained' is deprecated since 0.13 and will be removed in 0.15, please use 'weights' instead.
  warnings.warn(
/home/yl3836/.conda/envs/mevent/lib/python3.9/site-packages/torchvision/models/_utils.py:223: UserWarning: Arguments other than a weight enum or `None` for 'weights' are deprecated since 0.13 and will be removed in 0.15. The current behavior is equivalent to passing `weights=VGG16_Weights.IMAGENET1K_V1`. You can also use `weights=VGG16_Weights.DEFAULT` to get the most up-to-date weights.
  warnings.warn(msg)
/home/yl3836/.conda/envs/mevent/lib/python3.9/site-packages/torchvision/models/_utils.py:208: UserWarning: The parameter 'pretrained' is deprecated since 0.13 and will be removed in 0.15, please use 'weights' instead.
  warnings.warn(
/home/yl3836/.conda/envs/mevent/lib/python3.9/site-packages/torchvision/models/_utils.py:223: UserWarning: Arguments other than a weight enum or `None` for 'weights' are deprecated since 0.13 and will be removed in 0.15. The current behavior is equivalent to passing `weights=VGG16_Weights.IMAGENET1K_V1`. You can also use `weights=VGG16_Weights.DEFAULT` to get the most up-to-date weights.
  warnings.warn(msg)
/home/yl3836/.conda/envs/mevent/lib/python3.9/site-packages/torchvision/models/_utils.py:208: UserWarning: The parameter 'pretrained' is deprecated since 0.13 and will be removed in 0.15, please use 'weights' instead.
  warnings.warn(
/home/yl3836/.conda/envs/mevent/lib/python3.9/site-packages/torchvision/models/_utils.py:223: UserWarning: Arguments other than a weight enum or `None` for 'weights' are deprecated since 0.13 and will be removed in 0.15. The current behavior is equivalent to passing `weights=VGG16_Weights.IMAGENET1K_V1`. You can also use `weights=VGG16_Weights.DEFAULT` to get the most up-to-date weights.
  warnings.warn(msg)
/home/yl3836/.conda/envs/mevent/lib/python3.9/site-packages/torchvision/models/_utils.py:208: UserWarning: The parameter 'pretrained' is deprecated since 0.13 and will be removed in 0.15, please use 'weights' instead.
  warnings.warn(
/home/yl3836/.conda/envs/mevent/lib/python3.9/site-packages/torchvision/models/_utils.py:223: UserWarning: Arguments other than a weight enum or `None` for 'weights' are deprecated since 0.13 and will be removed in 0.15. The current behavior is equivalent to passing `weights=VGG16_Weights.IMAGENET1K_V1`. You can also use `weights=VGG16_Weights.DEFAULT` to get the most up-to-date weights.
  warnings.warn(msg)
/home/yl3836/.conda/envs/mevent/lib/python3.9/site-packages/torchvision/models/_utils.py:208: UserWarning: The parameter 'pretrained' is deprecated since 0.13 and will be removed in 0.15, please use 'weights' instead.
  warnings.warn(
/home/yl3836/.conda/envs/mevent/lib/python3.9/site-packages/torchvision/models/_utils.py:223: UserWarning: Arguments other than a weight enum or `None` for 'weights' are deprecated since 0.13 and will be removed in 0.15. The current behavior is equivalent to passing `weights=VGG16_Weights.IMAGENET1K_V1`. You can also use `weights=VGG16_Weights.DEFAULT` to get the most up-to-date weights.
  warnings.warn(msg)
/home/yl3836/.conda/envs/mevent/lib/python3.9/site-packages/torchvision/models/_utils.py:208: UserWarning: The parameter 'pretrained' is deprecated since 0.13 and will be removed in 0.15, please use 'weights' instead.
  warnings.warn(
/home/yl3836/.conda/envs/mevent/lib/python3.9/site-packages/torchvision/models/_utils.py:223: UserWarning: Arguments other than a weight enum or `None` for 'weights' are deprecated since 0.13 and will be removed in 0.15. The current behavior is equivalent to passing `weights=VGG16_Weights.IMAGENET1K_V1`. You can also use `weights=VGG16_Weights.DEFAULT` to get the most up-to-date weights.
  warnings.warn(msg)
/home/yl3836/.conda/envs/mevent/lib/python3.9/site-packages/torchvision/models/_utils.py:208: UserWarning: The parameter 'pretrained' is deprecated since 0.13 and will be removed in 0.15, please use 'weights' instead.
  warnings.warn(
/home/yl3836/.conda/envs/mevent/lib/python3.9/site-packages/torchvision/models/_utils.py:223: UserWarning: Arguments other than a weight enum or `None` for 'weights' are deprecated since 0.13 and will be removed in 0.15. The current behavior is equivalent to passing `weights=VGG16_Weights.IMAGENET1K_V1`. You can also use `weights=VGG16_Weights.DEFAULT` to get the most up-to-date weights.
  warnings.warn(msg)
/home/yl3836/.conda/envs/mevent/lib/python3.9/site-packages/torchvision/models/_utils.py:208: UserWarning: The parameter 'pretrained' is deprecated since 0.13 and will be removed in 0.15, please use 'weights' instead.
  warnings.warn(
/home/yl3836/.conda/envs/mevent/lib/python3.9/site-packages/torchvision/models/_utils.py:223: UserWarning: Arguments other than a weight enum or `None` for 'weights' are deprecated since 0.13 and will be removed in 0.15. The current behavior is equivalent to passing `weights=VGG16_Weights.IMAGENET1K_V1`. You can also use `weights=VGG16_Weights.DEFAULT` to get the most up-to-date weights.
  warnings.warn(msg)
/home/yl3836/.conda/envs/mevent/lib/python3.9/site-packages/torchvision/models/_utils.py:208: UserWarning: The parameter 'pretrained' is deprecated since 0.13 and will be removed in 0.15, please use 'weights' instead.
  warnings.warn(
/home/yl3836/.conda/envs/mevent/lib/python3.9/site-packages/torchvision/models/_utils.py:223: UserWarning: Arguments other than a weight enum or `None` for 'weights' are deprecated since 0.13 and will be removed in 0.15. The current behavior is equivalent to passing `weights=VGG16_Weights.IMAGENET1K_V1`. You can also use `weights=VGG16_Weights.DEFAULT` to get the most up-to-date weights.
  warnings.warn(msg)
/home/yl3836/.conda/envs/mevent/lib/python3.9/site-packages/torchvision/models/_utils.py:208: UserWarning: The parameter 'pretrained' is deprecated since 0.13 and will be removed in 0.15, please use 'weights' instead.
  warnings.warn(
/home/yl3836/.conda/envs/mevent/lib/python3.9/site-packages/torchvision/models/_utils.py:223: UserWarning: Arguments other than a weight enum or `None` for 'weights' are deprecated since 0.13 and will be removed in 0.15. The current behavior is equivalent to passing `weights=VGG16_Weights.IMAGENET1K_V1`. You can also use `weights=VGG16_Weights.DEFAULT` to get the most up-to-date weights.
  warnings.warn(msg)
Validation: [0/888 (0%)]
Validation: [16/888 (2%)]
Validation: [32/888 (4%)]
Validation: [48/888 (5%)]
[W CudaIPCTypes.cpp:92] Producer process tried to deallocate over 1000 memory blocks referred by consumer processes. Deallocation might be significantly slowed down. We assume it will never going to be the case, but if it is, please file but to https://github.com/pytorch/pytorch
Validation: [64/888 (7%)]
Validation: [80/888 (9%)]
Validation: [96/888 (11%)]
Validation: [112/888 (13%)]
Validation: [128/888 (14%)]
Validation: [144/888 (16%)]
Validation: [160/888 (18%)]
Validation: [176/888 (20%)]
Validation: [192/888 (22%)]
Validation: [208/888 (23%)]
Validation: [224/888 (25%)]
Validation: [240/888 (27%)]
Validation: [256/888 (29%)]
Validation: [272/888 (31%)]
Validation: [288/888 (32%)]
Validation: [304/888 (34%)]
Validation: [320/888 (36%)]
Validation: [336/888 (38%)]
Validation: [352/888 (40%)]
Validation: [368/888 (41%)]
Validation: [384/888 (43%)]
Validation: [400/888 (45%)]
Validation: [416/888 (47%)]
Validation: [432/888 (49%)]
Validation: [448/888 (50%)]
Validation: [464/888 (52%)]
Validation: [480/888 (54%)]
Validation: [496/888 (56%)]
Validation: [512/888 (58%)]
Validation: [528/888 (59%)]
Validation: [544/888 (61%)]
Validation: [560/888 (63%)]
Validation: [576/888 (65%)]
Validation: [592/888 (67%)]
Validation: [608/888 (68%)]
Validation: [624/888 (70%)]
Validation: [640/888 (72%)]
Validation: [656/888 (74%)]
Validation: [672/888 (76%)]
Validation: [688/888 (77%)]
Validation: [704/888 (79%)]
Validation: [720/888 (81%)]
Validation: [736/888 (83%)]
Validation: [752/888 (85%)]
Validation: [768/888 (86%)]
Validation: [784/888 (88%)]
Validation: [800/888 (90%)]
Validation: [816/888 (92%)]
Validation: [832/888 (94%)]
Validation: [848/888 (95%)]
Validation: [864/888 (97%)]
Validation: [880/888 (99%)]
[W CudaIPCTypes.cpp:15] Producer process has been terminated before all shared CUDA tensors released. See Note [Sharing CUDA tensors]
Saving current best: model_best.pth.tar ...
Saving checkpoint: saved/1027_sparse_v2_two_points_[space_5]_0_75/example_psf/checkpoint-epoch008-loss-0.0074.pth.tar ...
/home/yl3836/.conda/envs/mevent/lib/python3.9/site-packages/torchvision/models/_utils.py:208: UserWarning: The parameter 'pretrained' is deprecated since 0.13 and will be removed in 0.15, please use 'weights' instead.
  warnings.warn(
/home/yl3836/.conda/envs/mevent/lib/python3.9/site-packages/torchvision/models/_utils.py:223: UserWarning: Arguments other than a weight enum or `None` for 'weights' are deprecated since 0.13 and will be removed in 0.15. The current behavior is equivalent to passing `weights=VGG16_Weights.IMAGENET1K_V1`. You can also use `weights=VGG16_Weights.DEFAULT` to get the most up-to-date weights.
  warnings.warn(msg)
/home/yl3836/.conda/envs/mevent/lib/python3.9/site-packages/torchvision/models/_utils.py:208: UserWarning: The parameter 'pretrained' is deprecated since 0.13 and will be removed in 0.15, please use 'weights' instead.
  warnings.warn(
/home/yl3836/.conda/envs/mevent/lib/python3.9/site-packages/torchvision/models/_utils.py:223: UserWarning: Arguments other than a weight enum or `None` for 'weights' are deprecated since 0.13 and will be removed in 0.15. The current behavior is equivalent to passing `weights=VGG16_Weights.IMAGENET1K_V1`. You can also use `weights=VGG16_Weights.DEFAULT` to get the most up-to-date weights.
  warnings.warn(msg)
/home/yl3836/.conda/envs/mevent/lib/python3.9/site-packages/torchvision/models/_utils.py:208: UserWarning: The parameter 'pretrained' is deprecated since 0.13 and will be removed in 0.15, please use 'weights' instead.
  warnings.warn(
/home/yl3836/.conda/envs/mevent/lib/python3.9/site-packages/torchvision/models/_utils.py:223: UserWarning: Arguments other than a weight enum or `None` for 'weights' are deprecated since 0.13 and will be removed in 0.15. The current behavior is equivalent to passing `weights=VGG16_Weights.IMAGENET1K_V1`. You can also use `weights=VGG16_Weights.DEFAULT` to get the most up-to-date weights.
  warnings.warn(msg)
/home/yl3836/.conda/envs/mevent/lib/python3.9/site-packages/torchvision/models/_utils.py:208: UserWarning: The parameter 'pretrained' is deprecated since 0.13 and will be removed in 0.15, please use 'weights' instead.
  warnings.warn(
/home/yl3836/.conda/envs/mevent/lib/python3.9/site-packages/torchvision/models/_utils.py:223: UserWarning: Arguments other than a weight enum or `None` for 'weights' are deprecated since 0.13 and will be removed in 0.15. The current behavior is equivalent to passing `weights=VGG16_Weights.IMAGENET1K_V1`. You can also use `weights=VGG16_Weights.DEFAULT` to get the most up-to-date weights.
  warnings.warn(msg)
/home/yl3836/.conda/envs/mevent/lib/python3.9/site-packages/torchvision/models/_utils.py:208: UserWarning: The parameter 'pretrained' is deprecated since 0.13 and will be removed in 0.15, please use 'weights' instead.
  warnings.warn(
/home/yl3836/.conda/envs/mevent/lib/python3.9/site-packages/torchvision/models/_utils.py:223: UserWarning: Arguments other than a weight enum or `None` for 'weights' are deprecated since 0.13 and will be removed in 0.15. The current behavior is equivalent to passing `weights=VGG16_Weights.IMAGENET1K_V1`. You can also use `weights=VGG16_Weights.DEFAULT` to get the most up-to-date weights.
  warnings.warn(msg)
/home/yl3836/.conda/envs/mevent/lib/python3.9/site-packages/torchvision/models/_utils.py:208: UserWarning: The parameter 'pretrained' is deprecated since 0.13 and will be removed in 0.15, please use 'weights' instead.
  warnings.warn(
/home/yl3836/.conda/envs/mevent/lib/python3.9/site-packages/torchvision/models/_utils.py:223: UserWarning: Arguments other than a weight enum or `None` for 'weights' are deprecated since 0.13 and will be removed in 0.15. The current behavior is equivalent to passing `weights=VGG16_Weights.IMAGENET1K_V1`. You can also use `weights=VGG16_Weights.DEFAULT` to get the most up-to-date weights.
  warnings.warn(msg)
/home/yl3836/.conda/envs/mevent/lib/python3.9/site-packages/torchvision/models/_utils.py:208: UserWarning: The parameter 'pretrained' is deprecated since 0.13 and will be removed in 0.15, please use 'weights' instead.
  warnings.warn(
/home/yl3836/.conda/envs/mevent/lib/python3.9/site-packages/torchvision/models/_utils.py:223: UserWarning: Arguments other than a weight enum or `None` for 'weights' are deprecated since 0.13 and will be removed in 0.15. The current behavior is equivalent to passing `weights=VGG16_Weights.IMAGENET1K_V1`. You can also use `weights=VGG16_Weights.DEFAULT` to get the most up-to-date weights.
  warnings.warn(msg)
/home/yl3836/.conda/envs/mevent/lib/python3.9/site-packages/torchvision/models/_utils.py:208: UserWarning: The parameter 'pretrained' is deprecated since 0.13 and will be removed in 0.15, please use 'weights' instead.
  warnings.warn(
/home/yl3836/.conda/envs/mevent/lib/python3.9/site-packages/torchvision/models/_utils.py:223: UserWarning: Arguments other than a weight enum or `None` for 'weights' are deprecated since 0.13 and will be removed in 0.15. The current behavior is equivalent to passing `weights=VGG16_Weights.IMAGENET1K_V1`. You can also use `weights=VGG16_Weights.DEFAULT` to get the most up-to-date weights.
  warnings.warn(msg)
/home/yl3836/.conda/envs/mevent/lib/python3.9/site-packages/torchvision/models/_utils.py:208: UserWarning: The parameter 'pretrained' is deprecated since 0.13 and will be removed in 0.15, please use 'weights' instead.
  warnings.warn(
/home/yl3836/.conda/envs/mevent/lib/python3.9/site-packages/torchvision/models/_utils.py:223: UserWarning: Arguments other than a weight enum or `None` for 'weights' are deprecated since 0.13 and will be removed in 0.15. The current behavior is equivalent to passing `weights=VGG16_Weights.IMAGENET1K_V1`. You can also use `weights=VGG16_Weights.DEFAULT` to get the most up-to-date weights.
  warnings.warn(msg)
/home/yl3836/.conda/envs/mevent/lib/python3.9/site-packages/torchvision/models/_utils.py:208: UserWarning: The parameter 'pretrained' is deprecated since 0.13 and will be removed in 0.15, please use 'weights' instead.
  warnings.warn(
/home/yl3836/.conda/envs/mevent/lib/python3.9/site-packages/torchvision/models/_utils.py:223: UserWarning: Arguments other than a weight enum or `None` for 'weights' are deprecated since 0.13 and will be removed in 0.15. The current behavior is equivalent to passing `weights=VGG16_Weights.IMAGENET1K_V1`. You can also use `weights=VGG16_Weights.DEFAULT` to get the most up-to-date weights.
  warnings.warn(msg)
/home/yl3836/.conda/envs/mevent/lib/python3.9/site-packages/torchvision/models/_utils.py:208: UserWarning: The parameter 'pretrained' is deprecated since 0.13 and will be removed in 0.15, please use 'weights' instead.
  warnings.warn(
/home/yl3836/.conda/envs/mevent/lib/python3.9/site-packages/torchvision/models/_utils.py:223: UserWarning: Arguments other than a weight enum or `None` for 'weights' are deprecated since 0.13 and will be removed in 0.15. The current behavior is equivalent to passing `weights=VGG16_Weights.IMAGENET1K_V1`. You can also use `weights=VGG16_Weights.DEFAULT` to get the most up-to-date weights.
  warnings.warn(msg)
/home/yl3836/.conda/envs/mevent/lib/python3.9/site-packages/torchvision/models/_utils.py:208: UserWarning: The parameter 'pretrained' is deprecated since 0.13 and will be removed in 0.15, please use 'weights' instead.
  warnings.warn(
/home/yl3836/.conda/envs/mevent/lib/python3.9/site-packages/torchvision/models/_utils.py:223: UserWarning: Arguments other than a weight enum or `None` for 'weights' are deprecated since 0.13 and will be removed in 0.15. The current behavior is equivalent to passing `weights=VGG16_Weights.IMAGENET1K_V1`. You can also use `weights=VGG16_Weights.DEFAULT` to get the most up-to-date weights.
  warnings.warn(msg)
/home/yl3836/.conda/envs/mevent/lib/python3.9/site-packages/torchvision/models/_utils.py:208: UserWarning: The parameter 'pretrained' is deprecated since 0.13 and will be removed in 0.15, please use 'weights' instead.
  warnings.warn(
/home/yl3836/.conda/envs/mevent/lib/python3.9/site-packages/torchvision/models/_utils.py:223: UserWarning: Arguments other than a weight enum or `None` for 'weights' are deprecated since 0.13 and will be removed in 0.15. The current behavior is equivalent to passing `weights=VGG16_Weights.IMAGENET1K_V1`. You can also use `weights=VGG16_Weights.DEFAULT` to get the most up-to-date weights.
  warnings.warn(msg)
/home/yl3836/.conda/envs/mevent/lib/python3.9/site-packages/torchvision/models/_utils.py:208: UserWarning: The parameter 'pretrained' is deprecated since 0.13 and will be removed in 0.15, please use 'weights' instead.
  warnings.warn(
/home/yl3836/.conda/envs/mevent/lib/python3.9/site-packages/torchvision/models/_utils.py:223: UserWarning: Arguments other than a weight enum or `None` for 'weights' are deprecated since 0.13 and will be removed in 0.15. The current behavior is equivalent to passing `weights=VGG16_Weights.IMAGENET1K_V1`. You can also use `weights=VGG16_Weights.DEFAULT` to get the most up-to-date weights.
  warnings.warn(msg)
Train Epoch: 9 [0/2648 (0%)] loss: 0.0081 L_si: 0.0081 L_grad: 0.0000 
Train Epoch: 9 [16/2648 (1%)] loss: 0.0076 L_si: 0.0076 L_grad: 0.0000 
Train Epoch: 9 [32/2648 (1%)] loss: 0.0080 L_si: 0.0080 L_grad: 0.0000 
Train Epoch: 9 [48/2648 (2%)] loss: 0.0085 L_si: 0.0085 L_grad: 0.0000 
[W CudaIPCTypes.cpp:92] Producer process tried to deallocate over 1000 memory blocks referred by consumer processes. Deallocation might be significantly slowed down. We assume it will never going to be the case, but if it is, please file but to https://github.com/pytorch/pytorch
Train Epoch: 9 [64/2648 (2%)] loss: 0.0079 L_si: 0.0079 L_grad: 0.0000 
Train Epoch: 9 [80/2648 (3%)] loss: 0.0074 L_si: 0.0074 L_grad: 0.0000 
Train Epoch: 9 [96/2648 (4%)] loss: 0.0073 L_si: 0.0073 L_grad: 0.0000 
Train Epoch: 9 [112/2648 (4%)] loss: 0.0077 L_si: 0.0077 L_grad: 0.0000 
Train Epoch: 9 [128/2648 (5%)] loss: 0.0067 L_si: 0.0067 L_grad: 0.0000 
Train Epoch: 9 [144/2648 (5%)] loss: 0.0073 L_si: 0.0073 L_grad: 0.0000 
Train Epoch: 9 [160/2648 (6%)] loss: 0.0069 L_si: 0.0069 L_grad: 0.0000 
Train Epoch: 9 [176/2648 (7%)] loss: 0.0078 L_si: 0.0078 L_grad: 0.0000 
Train Epoch: 9 [192/2648 (7%)] loss: 0.0076 L_si: 0.0076 L_grad: 0.0000 
Train Epoch: 9 [208/2648 (8%)] loss: 0.0071 L_si: 0.0071 L_grad: 0.0000 
Train Epoch: 9 [224/2648 (8%)] loss: 0.0077 L_si: 0.0077 L_grad: 0.0000 
Train Epoch: 9 [240/2648 (9%)] loss: 0.0080 L_si: 0.0080 L_grad: 0.0000 
Train Epoch: 9 [256/2648 (10%)] loss: 0.0084 L_si: 0.0084 L_grad: 0.0000 
Train Epoch: 9 [272/2648 (10%)] loss: 0.0071 L_si: 0.0071 L_grad: 0.0000 
Train Epoch: 9 [288/2648 (11%)] loss: 0.0084 L_si: 0.0084 L_grad: 0.0000 
Train Epoch: 9 [304/2648 (11%)] loss: 0.0077 L_si: 0.0077 L_grad: 0.0000 
Train Epoch: 9 [320/2648 (12%)] loss: 0.0080 L_si: 0.0080 L_grad: 0.0000 
Train Epoch: 9 [336/2648 (13%)] loss: 0.0066 L_si: 0.0066 L_grad: 0.0000 
Train Epoch: 9 [352/2648 (13%)] loss: 0.0071 L_si: 0.0071 L_grad: 0.0000 
Train Epoch: 9 [368/2648 (14%)] loss: 0.0084 L_si: 0.0084 L_grad: 0.0000 
Train Epoch: 9 [384/2648 (15%)] loss: 0.0079 L_si: 0.0079 L_grad: 0.0000 
Train Epoch: 9 [400/2648 (15%)] loss: 0.0080 L_si: 0.0080 L_grad: 0.0000 
Train Epoch: 9 [416/2648 (16%)] loss: 0.0071 L_si: 0.0071 L_grad: 0.0000 
Train Epoch: 9 [432/2648 (16%)] loss: 0.0077 L_si: 0.0077 L_grad: 0.0000 
Train Epoch: 9 [448/2648 (17%)] loss: 0.0060 L_si: 0.0060 L_grad: 0.0000 
Train Epoch: 9 [464/2648 (18%)] loss: 0.0080 L_si: 0.0080 L_grad: 0.0000 
Train Epoch: 9 [480/2648 (18%)] loss: 0.0070 L_si: 0.0070 L_grad: 0.0000 
Train Epoch: 9 [496/2648 (19%)] loss: 0.0074 L_si: 0.0074 L_grad: 0.0000 
Train Epoch: 9 [512/2648 (19%)] loss: 0.0087 L_si: 0.0087 L_grad: 0.0000 
Train Epoch: 9 [528/2648 (20%)] loss: 0.0075 L_si: 0.0075 L_grad: 0.0000 
Train Epoch: 9 [544/2648 (21%)] loss: 0.0071 L_si: 0.0071 L_grad: 0.0000 
Train Epoch: 9 [560/2648 (21%)] loss: 0.0079 L_si: 0.0079 L_grad: 0.0000 
Train Epoch: 9 [576/2648 (22%)] loss: 0.0069 L_si: 0.0069 L_grad: 0.0000 
Train Epoch: 9 [592/2648 (22%)] loss: 0.0072 L_si: 0.0072 L_grad: 0.0000 
Train Epoch: 9 [608/2648 (23%)] loss: 0.0078 L_si: 0.0078 L_grad: 0.0000 
Train Epoch: 9 [624/2648 (24%)] loss: 0.0069 L_si: 0.0069 L_grad: 0.0000 
Train Epoch: 9 [640/2648 (24%)] loss: 0.0076 L_si: 0.0076 L_grad: 0.0000 
[W CudaIPCTypes.cpp:92] Producer process tried to deallocate over 1000 memory blocks referred by consumer processes. Deallocation might be significantly slowed down. We assume it will never going to be the case, but if it is, please file but to https://github.com/pytorch/pytorch
Train Epoch: 9 [656/2648 (25%)] loss: 0.0085 L_si: 0.0085 L_grad: 0.0000 
Train Epoch: 9 [672/2648 (25%)] loss: 0.0080 L_si: 0.0080 L_grad: 0.0000 
Train Epoch: 9 [688/2648 (26%)] loss: 0.0080 L_si: 0.0080 L_grad: 0.0000 
Train Epoch: 9 [704/2648 (27%)] loss: 0.0069 L_si: 0.0069 L_grad: 0.0000 
Train Epoch: 9 [720/2648 (27%)] loss: 0.0070 L_si: 0.0070 L_grad: 0.0000 
Train Epoch: 9 [736/2648 (28%)] loss: 0.0081 L_si: 0.0081 L_grad: 0.0000 
Train Epoch: 9 [752/2648 (28%)] loss: 0.0081 L_si: 0.0081 L_grad: 0.0000 
Train Epoch: 9 [768/2648 (29%)] loss: 0.0073 L_si: 0.0073 L_grad: 0.0000 
Train Epoch: 9 [784/2648 (30%)] loss: 0.0073 L_si: 0.0073 L_grad: 0.0000 
Train Epoch: 9 [800/2648 (30%)] loss: 0.0075 L_si: 0.0075 L_grad: 0.0000 
Train Epoch: 9 [816/2648 (31%)] loss: 0.0080 L_si: 0.0080 L_grad: 0.0000 
Train Epoch: 9 [832/2648 (31%)] loss: 0.0066 L_si: 0.0066 L_grad: 0.0000 
Train Epoch: 9 [848/2648 (32%)] loss: 0.0074 L_si: 0.0074 L_grad: 0.0000 
Train Epoch: 9 [864/2648 (33%)] loss: 0.0072 L_si: 0.0072 L_grad: 0.0000 
Train Epoch: 9 [880/2648 (33%)] loss: 0.0069 L_si: 0.0069 L_grad: 0.0000 
Train Epoch: 9 [896/2648 (34%)] loss: 0.0064 L_si: 0.0064 L_grad: 0.0000 
Train Epoch: 9 [912/2648 (34%)] loss: 0.0083 L_si: 0.0083 L_grad: 0.0000 
Train Epoch: 9 [928/2648 (35%)] loss: 0.0065 L_si: 0.0065 L_grad: 0.0000 
Train Epoch: 9 [944/2648 (36%)] loss: 0.0080 L_si: 0.0080 L_grad: 0.0000 
Train Epoch: 9 [960/2648 (36%)] loss: 0.0066 L_si: 0.0066 L_grad: 0.0000 
Train Epoch: 9 [976/2648 (37%)] loss: 0.0073 L_si: 0.0073 L_grad: 0.0000 
Train Epoch: 9 [992/2648 (37%)] loss: 0.0083 L_si: 0.0083 L_grad: 0.0000 
Train Epoch: 9 [1008/2648 (38%)] loss: 0.0071 L_si: 0.0071 L_grad: 0.0000 
Train Epoch: 9 [1024/2648 (39%)] loss: 0.0062 L_si: 0.0062 L_grad: 0.0000 
Train Epoch: 9 [1040/2648 (39%)] loss: 0.0087 L_si: 0.0087 L_grad: 0.0000 
Train Epoch: 9 [1056/2648 (40%)] loss: 0.0077 L_si: 0.0077 L_grad: 0.0000 
Train Epoch: 9 [1072/2648 (40%)] loss: 0.0080 L_si: 0.0080 L_grad: 0.0000 
Train Epoch: 9 [1088/2648 (41%)] loss: 0.0069 L_si: 0.0069 L_grad: 0.0000 
Train Epoch: 9 [1104/2648 (42%)] loss: 0.0076 L_si: 0.0076 L_grad: 0.0000 
Train Epoch: 9 [1120/2648 (42%)] loss: 0.0061 L_si: 0.0061 L_grad: 0.0000 
Train Epoch: 9 [1136/2648 (43%)] loss: 0.0072 L_si: 0.0072 L_grad: 0.0000 
Train Epoch: 9 [1152/2648 (44%)] loss: 0.0078 L_si: 0.0078 L_grad: 0.0000 
Train Epoch: 9 [1168/2648 (44%)] loss: 0.0073 L_si: 0.0073 L_grad: 0.0000 
Train Epoch: 9 [1184/2648 (45%)] loss: 0.0084 L_si: 0.0084 L_grad: 0.0000 
Train Epoch: 9 [1200/2648 (45%)] loss: 0.0079 L_si: 0.0079 L_grad: 0.0000 
Train Epoch: 9 [1216/2648 (46%)] loss: 0.0067 L_si: 0.0067 L_grad: 0.0000 
Train Epoch: 9 [1232/2648 (47%)] loss: 0.0079 L_si: 0.0079 L_grad: 0.0000 
Train Epoch: 9 [1248/2648 (47%)] loss: 0.0078 L_si: 0.0078 L_grad: 0.0000 
Train Epoch: 9 [1264/2648 (48%)] loss: 0.0069 L_si: 0.0069 L_grad: 0.0000 
Train Epoch: 9 [1280/2648 (48%)] loss: 0.0084 L_si: 0.0084 L_grad: 0.0000 
Train Epoch: 9 [1296/2648 (49%)] loss: 0.0060 L_si: 0.0060 L_grad: 0.0000 
Train Epoch: 9 [1312/2648 (50%)] loss: 0.0078 L_si: 0.0078 L_grad: 0.0000 
Train Epoch: 9 [1328/2648 (50%)] loss: 0.0069 L_si: 0.0069 L_grad: 0.0000 
Train Epoch: 9 [1344/2648 (51%)] loss: 0.0064 L_si: 0.0064 L_grad: 0.0000 
Train Epoch: 9 [1360/2648 (51%)] loss: 0.0074 L_si: 0.0074 L_grad: 0.0000 
Train Epoch: 9 [1376/2648 (52%)] loss: 0.0072 L_si: 0.0072 L_grad: 0.0000 
Train Epoch: 9 [1392/2648 (53%)] loss: 0.0083 L_si: 0.0083 L_grad: 0.0000 
Train Epoch: 9 [1408/2648 (53%)] loss: 0.0081 L_si: 0.0081 L_grad: 0.0000 
Train Epoch: 9 [1424/2648 (54%)] loss: 0.0076 L_si: 0.0076 L_grad: 0.0000 
Train Epoch: 9 [1440/2648 (54%)] loss: 0.0079 L_si: 0.0079 L_grad: 0.0000 
Train Epoch: 9 [1456/2648 (55%)] loss: 0.0082 L_si: 0.0082 L_grad: 0.0000 
Train Epoch: 9 [1472/2648 (56%)] loss: 0.0069 L_si: 0.0069 L_grad: 0.0000 
Train Epoch: 9 [1488/2648 (56%)] loss: 0.0060 L_si: 0.0060 L_grad: 0.0000 
Train Epoch: 9 [1504/2648 (57%)] loss: 0.0075 L_si: 0.0075 L_grad: 0.0000 
Train Epoch: 9 [1520/2648 (57%)] loss: 0.0067 L_si: 0.0067 L_grad: 0.0000 
Train Epoch: 9 [1536/2648 (58%)] loss: 0.0074 L_si: 0.0074 L_grad: 0.0000 
Train Epoch: 9 [1552/2648 (59%)] loss: 0.0066 L_si: 0.0066 L_grad: 0.0000 
Train Epoch: 9 [1568/2648 (59%)] loss: 0.0069 L_si: 0.0069 L_grad: 0.0000 
Train Epoch: 9 [1584/2648 (60%)] loss: 0.0079 L_si: 0.0079 L_grad: 0.0000 
[W CudaIPCTypes.cpp:92] Producer process tried to deallocate over 1000 memory blocks referred by consumer processes. Deallocation might be significantly slowed down. We assume it will never going to be the case, but if it is, please file but to https://github.com/pytorch/pytorch
Train Epoch: 9 [1600/2648 (60%)] loss: 0.0072 L_si: 0.0072 L_grad: 0.0000 
Train Epoch: 9 [1616/2648 (61%)] loss: 0.0089 L_si: 0.0089 L_grad: 0.0000 
Train Epoch: 9 [1632/2648 (62%)] loss: 0.0080 L_si: 0.0080 L_grad: 0.0000 
Train Epoch: 9 [1648/2648 (62%)] loss: 0.0062 L_si: 0.0062 L_grad: 0.0000 
Train Epoch: 9 [1664/2648 (63%)] loss: 0.0072 L_si: 0.0072 L_grad: 0.0000 
Train Epoch: 9 [1680/2648 (63%)] loss: 0.0060 L_si: 0.0060 L_grad: 0.0000 
Train Epoch: 9 [1696/2648 (64%)] loss: 0.0074 L_si: 0.0074 L_grad: 0.0000 
Train Epoch: 9 [1712/2648 (65%)] loss: 0.0077 L_si: 0.0077 L_grad: 0.0000 
Train Epoch: 9 [1728/2648 (65%)] loss: 0.0072 L_si: 0.0072 L_grad: 0.0000 
Train Epoch: 9 [1744/2648 (66%)] loss: 0.0082 L_si: 0.0082 L_grad: 0.0000 
Train Epoch: 9 [1760/2648 (66%)] loss: 0.0082 L_si: 0.0082 L_grad: 0.0000 
Train Epoch: 9 [1776/2648 (67%)] loss: 0.0083 L_si: 0.0083 L_grad: 0.0000 
Train Epoch: 9 [1792/2648 (68%)] loss: 0.0061 L_si: 0.0061 L_grad: 0.0000 
Train Epoch: 9 [1808/2648 (68%)] loss: 0.0074 L_si: 0.0074 L_grad: 0.0000 
Train Epoch: 9 [1824/2648 (69%)] loss: 0.0068 L_si: 0.0068 L_grad: 0.0000 
Train Epoch: 9 [1840/2648 (69%)] loss: 0.0075 L_si: 0.0075 L_grad: 0.0000 
Train Epoch: 9 [1856/2648 (70%)] loss: 0.0074 L_si: 0.0074 L_grad: 0.0000 
Train Epoch: 9 [1872/2648 (71%)] loss: 0.0082 L_si: 0.0082 L_grad: 0.0000 
Train Epoch: 9 [1888/2648 (71%)] loss: 0.0075 L_si: 0.0075 L_grad: 0.0000 
Train Epoch: 9 [1904/2648 (72%)] loss: 0.0074 L_si: 0.0074 L_grad: 0.0000 
Train Epoch: 9 [1920/2648 (73%)] loss: 0.0078 L_si: 0.0078 L_grad: 0.0000 
Train Epoch: 9 [1936/2648 (73%)] loss: 0.0074 L_si: 0.0074 L_grad: 0.0000 
Train Epoch: 9 [1952/2648 (74%)] loss: 0.0080 L_si: 0.0080 L_grad: 0.0000 
Train Epoch: 9 [1968/2648 (74%)] loss: 0.0070 L_si: 0.0070 L_grad: 0.0000 
Train Epoch: 9 [1984/2648 (75%)] loss: 0.0074 L_si: 0.0074 L_grad: 0.0000 
Train Epoch: 9 [2000/2648 (76%)] loss: 0.0077 L_si: 0.0077 L_grad: 0.0000 
Train Epoch: 9 [2016/2648 (76%)] loss: 0.0071 L_si: 0.0071 L_grad: 0.0000 
Train Epoch: 9 [2032/2648 (77%)] loss: 0.0064 L_si: 0.0064 L_grad: 0.0000 
Train Epoch: 9 [2048/2648 (77%)] loss: 0.0073 L_si: 0.0073 L_grad: 0.0000 
Train Epoch: 9 [2064/2648 (78%)] loss: 0.0082 L_si: 0.0082 L_grad: 0.0000 
Train Epoch: 9 [2080/2648 (79%)] loss: 0.0070 L_si: 0.0070 L_grad: 0.0000 
Train Epoch: 9 [2096/2648 (79%)] loss: 0.0071 L_si: 0.0071 L_grad: 0.0000 
Train Epoch: 9 [2112/2648 (80%)] loss: 0.0065 L_si: 0.0065 L_grad: 0.0000 
Train Epoch: 9 [2128/2648 (80%)] loss: 0.0082 L_si: 0.0082 L_grad: 0.0000 
Train Epoch: 9 [2144/2648 (81%)] loss: 0.0076 L_si: 0.0076 L_grad: 0.0000 
Train Epoch: 9 [2160/2648 (82%)] loss: 0.0078 L_si: 0.0078 L_grad: 0.0000 
Train Epoch: 9 [2176/2648 (82%)] loss: 0.0069 L_si: 0.0069 L_grad: 0.0000 
Train Epoch: 9 [2192/2648 (83%)] loss: 0.0068 L_si: 0.0068 L_grad: 0.0000 
Train Epoch: 9 [2208/2648 (83%)] loss: 0.0069 L_si: 0.0069 L_grad: 0.0000 
Train Epoch: 9 [2224/2648 (84%)] loss: 0.0084 L_si: 0.0084 L_grad: 0.0000 
Train Epoch: 9 [2240/2648 (85%)] loss: 0.0080 L_si: 0.0080 L_grad: 0.0000 
Train Epoch: 9 [2256/2648 (85%)] loss: 0.0076 L_si: 0.0076 L_grad: 0.0000 
Train Epoch: 9 [2272/2648 (86%)] loss: 0.0072 L_si: 0.0072 L_grad: 0.0000 
Train Epoch: 9 [2288/2648 (86%)] loss: 0.0061 L_si: 0.0061 L_grad: 0.0000 
Train Epoch: 9 [2304/2648 (87%)] loss: 0.0071 L_si: 0.0071 L_grad: 0.0000 
Train Epoch: 9 [2320/2648 (88%)] loss: 0.0077 L_si: 0.0077 L_grad: 0.0000 
Train Epoch: 9 [2336/2648 (88%)] loss: 0.0073 L_si: 0.0073 L_grad: 0.0000 
Train Epoch: 9 [2352/2648 (89%)] loss: 0.0071 L_si: 0.0071 L_grad: 0.0000 
Train Epoch: 9 [2368/2648 (89%)] loss: 0.0066 L_si: 0.0066 L_grad: 0.0000 
Train Epoch: 9 [2384/2648 (90%)] loss: 0.0068 L_si: 0.0068 L_grad: 0.0000 
Train Epoch: 9 [2400/2648 (91%)] loss: 0.0059 L_si: 0.0059 L_grad: 0.0000 
Train Epoch: 9 [2416/2648 (91%)] loss: 0.0079 L_si: 0.0079 L_grad: 0.0000 
Train Epoch: 9 [2432/2648 (92%)] loss: 0.0080 L_si: 0.0080 L_grad: 0.0000 
Train Epoch: 9 [2448/2648 (92%)] loss: 0.0073 L_si: 0.0073 L_grad: 0.0000 
Train Epoch: 9 [2464/2648 (93%)] loss: 0.0070 L_si: 0.0070 L_grad: 0.0000 
Train Epoch: 9 [2480/2648 (94%)] loss: 0.0077 L_si: 0.0077 L_grad: 0.0000 
Train Epoch: 9 [2496/2648 (94%)] loss: 0.0068 L_si: 0.0068 L_grad: 0.0000 
Train Epoch: 9 [2512/2648 (95%)] loss: 0.0075 L_si: 0.0075 L_grad: 0.0000 
Train Epoch: 9 [2528/2648 (95%)] loss: 0.0079 L_si: 0.0079 L_grad: 0.0000 
Train Epoch: 9 [2544/2648 (96%)] loss: 0.0069 L_si: 0.0069 L_grad: 0.0000 
Train Epoch: 9 [2560/2648 (97%)] loss: 0.0072 L_si: 0.0072 L_grad: 0.0000 
Train Epoch: 9 [2576/2648 (97%)] loss: 0.0082 L_si: 0.0082 L_grad: 0.0000 
Train Epoch: 9 [2592/2648 (98%)] loss: 0.0078 L_si: 0.0078 L_grad: 0.0000 
Train Epoch: 9 [2608/2648 (98%)] loss: 0.0070 L_si: 0.0070 L_grad: 0.0000 
Train Epoch: 9 [2624/2648 (99%)] loss: 0.0082 L_si: 0.0082 L_grad: 0.0000 
Train Epoch: 9 [2640/2648 (100%)] loss: 0.0074 L_si: 0.0074 L_grad: 0.0000 
[W CudaIPCTypes.cpp:15] Producer process has been terminated before all shared CUDA tensors released. See Note [Sharing CUDA tensors]
/home/yl3836/.conda/envs/mevent/lib/python3.9/site-packages/torchvision/models/_utils.py:208: UserWarning: The parameter 'pretrained' is deprecated since 0.13 and will be removed in 0.15, please use 'weights' instead.
  warnings.warn(
/home/yl3836/.conda/envs/mevent/lib/python3.9/site-packages/torchvision/models/_utils.py:223: UserWarning: Arguments other than a weight enum or `None` for 'weights' are deprecated since 0.13 and will be removed in 0.15. The current behavior is equivalent to passing `weights=VGG16_Weights.IMAGENET1K_V1`. You can also use `weights=VGG16_Weights.DEFAULT` to get the most up-to-date weights.
  warnings.warn(msg)
/home/yl3836/.conda/envs/mevent/lib/python3.9/site-packages/torchvision/models/_utils.py:208: UserWarning: The parameter 'pretrained' is deprecated since 0.13 and will be removed in 0.15, please use 'weights' instead.
  warnings.warn(
/home/yl3836/.conda/envs/mevent/lib/python3.9/site-packages/torchvision/models/_utils.py:223: UserWarning: Arguments other than a weight enum or `None` for 'weights' are deprecated since 0.13 and will be removed in 0.15. The current behavior is equivalent to passing `weights=VGG16_Weights.IMAGENET1K_V1`. You can also use `weights=VGG16_Weights.DEFAULT` to get the most up-to-date weights.
  warnings.warn(msg)
/home/yl3836/.conda/envs/mevent/lib/python3.9/site-packages/torchvision/models/_utils.py:208: UserWarning: The parameter 'pretrained' is deprecated since 0.13 and will be removed in 0.15, please use 'weights' instead.
  warnings.warn(
/home/yl3836/.conda/envs/mevent/lib/python3.9/site-packages/torchvision/models/_utils.py:223: UserWarning: Arguments other than a weight enum or `None` for 'weights' are deprecated since 0.13 and will be removed in 0.15. The current behavior is equivalent to passing `weights=VGG16_Weights.IMAGENET1K_V1`. You can also use `weights=VGG16_Weights.DEFAULT` to get the most up-to-date weights.
  warnings.warn(msg)
/home/yl3836/.conda/envs/mevent/lib/python3.9/site-packages/torchvision/models/_utils.py:208: UserWarning: The parameter 'pretrained' is deprecated since 0.13 and will be removed in 0.15, please use 'weights' instead.
  warnings.warn(
/home/yl3836/.conda/envs/mevent/lib/python3.9/site-packages/torchvision/models/_utils.py:223: UserWarning: Arguments other than a weight enum or `None` for 'weights' are deprecated since 0.13 and will be removed in 0.15. The current behavior is equivalent to passing `weights=VGG16_Weights.IMAGENET1K_V1`. You can also use `weights=VGG16_Weights.DEFAULT` to get the most up-to-date weights.
  warnings.warn(msg)
/home/yl3836/.conda/envs/mevent/lib/python3.9/site-packages/torchvision/models/_utils.py:208: UserWarning: The parameter 'pretrained' is deprecated since 0.13 and will be removed in 0.15, please use 'weights' instead.
  warnings.warn(
/home/yl3836/.conda/envs/mevent/lib/python3.9/site-packages/torchvision/models/_utils.py:223: UserWarning: Arguments other than a weight enum or `None` for 'weights' are deprecated since 0.13 and will be removed in 0.15. The current behavior is equivalent to passing `weights=VGG16_Weights.IMAGENET1K_V1`. You can also use `weights=VGG16_Weights.DEFAULT` to get the most up-to-date weights.
  warnings.warn(msg)
/home/yl3836/.conda/envs/mevent/lib/python3.9/site-packages/torchvision/models/_utils.py:208: UserWarning: The parameter 'pretrained' is deprecated since 0.13 and will be removed in 0.15, please use 'weights' instead.
  warnings.warn(
/home/yl3836/.conda/envs/mevent/lib/python3.9/site-packages/torchvision/models/_utils.py:223: UserWarning: Arguments other than a weight enum or `None` for 'weights' are deprecated since 0.13 and will be removed in 0.15. The current behavior is equivalent to passing `weights=VGG16_Weights.IMAGENET1K_V1`. You can also use `weights=VGG16_Weights.DEFAULT` to get the most up-to-date weights.
  warnings.warn(msg)
/home/yl3836/.conda/envs/mevent/lib/python3.9/site-packages/torchvision/models/_utils.py:208: UserWarning: The parameter 'pretrained' is deprecated since 0.13 and will be removed in 0.15, please use 'weights' instead.
  warnings.warn(
/home/yl3836/.conda/envs/mevent/lib/python3.9/site-packages/torchvision/models/_utils.py:223: UserWarning: Arguments other than a weight enum or `None` for 'weights' are deprecated since 0.13 and will be removed in 0.15. The current behavior is equivalent to passing `weights=VGG16_Weights.IMAGENET1K_V1`. You can also use `weights=VGG16_Weights.DEFAULT` to get the most up-to-date weights.
  warnings.warn(msg)
/home/yl3836/.conda/envs/mevent/lib/python3.9/site-packages/torchvision/models/_utils.py:208: UserWarning: The parameter 'pretrained' is deprecated since 0.13 and will be removed in 0.15, please use 'weights' instead.
  warnings.warn(
/home/yl3836/.conda/envs/mevent/lib/python3.9/site-packages/torchvision/models/_utils.py:223: UserWarning: Arguments other than a weight enum or `None` for 'weights' are deprecated since 0.13 and will be removed in 0.15. The current behavior is equivalent to passing `weights=VGG16_Weights.IMAGENET1K_V1`. You can also use `weights=VGG16_Weights.DEFAULT` to get the most up-to-date weights.
  warnings.warn(msg)
/home/yl3836/.conda/envs/mevent/lib/python3.9/site-packages/torchvision/models/_utils.py:208: UserWarning: The parameter 'pretrained' is deprecated since 0.13 and will be removed in 0.15, please use 'weights' instead.
  warnings.warn(
/home/yl3836/.conda/envs/mevent/lib/python3.9/site-packages/torchvision/models/_utils.py:223: UserWarning: Arguments other than a weight enum or `None` for 'weights' are deprecated since 0.13 and will be removed in 0.15. The current behavior is equivalent to passing `weights=VGG16_Weights.IMAGENET1K_V1`. You can also use `weights=VGG16_Weights.DEFAULT` to get the most up-to-date weights.
  warnings.warn(msg)
/home/yl3836/.conda/envs/mevent/lib/python3.9/site-packages/torchvision/models/_utils.py:208: UserWarning: The parameter 'pretrained' is deprecated since 0.13 and will be removed in 0.15, please use 'weights' instead.
  warnings.warn(
/home/yl3836/.conda/envs/mevent/lib/python3.9/site-packages/torchvision/models/_utils.py:223: UserWarning: Arguments other than a weight enum or `None` for 'weights' are deprecated since 0.13 and will be removed in 0.15. The current behavior is equivalent to passing `weights=VGG16_Weights.IMAGENET1K_V1`. You can also use `weights=VGG16_Weights.DEFAULT` to get the most up-to-date weights.
  warnings.warn(msg)
/home/yl3836/.conda/envs/mevent/lib/python3.9/site-packages/torchvision/models/_utils.py:208: UserWarning: The parameter 'pretrained' is deprecated since 0.13 and will be removed in 0.15, please use 'weights' instead.
  warnings.warn(
/home/yl3836/.conda/envs/mevent/lib/python3.9/site-packages/torchvision/models/_utils.py:223: UserWarning: Arguments other than a weight enum or `None` for 'weights' are deprecated since 0.13 and will be removed in 0.15. The current behavior is equivalent to passing `weights=VGG16_Weights.IMAGENET1K_V1`. You can also use `weights=VGG16_Weights.DEFAULT` to get the most up-to-date weights.
  warnings.warn(msg)
/home/yl3836/.conda/envs/mevent/lib/python3.9/site-packages/torchvision/models/_utils.py:208: UserWarning: The parameter 'pretrained' is deprecated since 0.13 and will be removed in 0.15, please use 'weights' instead.
  warnings.warn(
/home/yl3836/.conda/envs/mevent/lib/python3.9/site-packages/torchvision/models/_utils.py:223: UserWarning: Arguments other than a weight enum or `None` for 'weights' are deprecated since 0.13 and will be removed in 0.15. The current behavior is equivalent to passing `weights=VGG16_Weights.IMAGENET1K_V1`. You can also use `weights=VGG16_Weights.DEFAULT` to get the most up-to-date weights.
  warnings.warn(msg)
/home/yl3836/.conda/envs/mevent/lib/python3.9/site-packages/torchvision/models/_utils.py:208: UserWarning: The parameter 'pretrained' is deprecated since 0.13 and will be removed in 0.15, please use 'weights' instead.
  warnings.warn(
/home/yl3836/.conda/envs/mevent/lib/python3.9/site-packages/torchvision/models/_utils.py:223: UserWarning: Arguments other than a weight enum or `None` for 'weights' are deprecated since 0.13 and will be removed in 0.15. The current behavior is equivalent to passing `weights=VGG16_Weights.IMAGENET1K_V1`. You can also use `weights=VGG16_Weights.DEFAULT` to get the most up-to-date weights.
  warnings.warn(msg)
/home/yl3836/.conda/envs/mevent/lib/python3.9/site-packages/torchvision/models/_utils.py:208: UserWarning: The parameter 'pretrained' is deprecated since 0.13 and will be removed in 0.15, please use 'weights' instead.
  warnings.warn(
/home/yl3836/.conda/envs/mevent/lib/python3.9/site-packages/torchvision/models/_utils.py:223: UserWarning: Arguments other than a weight enum or `None` for 'weights' are deprecated since 0.13 and will be removed in 0.15. The current behavior is equivalent to passing `weights=VGG16_Weights.IMAGENET1K_V1`. You can also use `weights=VGG16_Weights.DEFAULT` to get the most up-to-date weights.
  warnings.warn(msg)
Validation: [0/888 (0%)]
Validation: [16/888 (2%)]
Validation: [32/888 (4%)]
Validation: [48/888 (5%)]
Validation: [64/888 (7%)]
Validation: [80/888 (9%)]
Validation: [96/888 (11%)]
[W CudaIPCTypes.cpp:92] Producer process tried to deallocate over 1000 memory blocks referred by consumer processes. Deallocation might be significantly slowed down. We assume it will never going to be the case, but if it is, please file but to https://github.com/pytorch/pytorch
Validation: [112/888 (13%)]
Validation: [128/888 (14%)]
Validation: [144/888 (16%)]
Validation: [160/888 (18%)]
Validation: [176/888 (20%)]
Validation: [192/888 (22%)]
Validation: [208/888 (23%)]
Validation: [224/888 (25%)]
Validation: [240/888 (27%)]
Validation: [256/888 (29%)]
Validation: [272/888 (31%)]
Validation: [288/888 (32%)]
Validation: [304/888 (34%)]
Validation: [320/888 (36%)]
Validation: [336/888 (38%)]
Validation: [352/888 (40%)]
Validation: [368/888 (41%)]
Validation: [384/888 (43%)]
Validation: [400/888 (45%)]
Validation: [416/888 (47%)]
Validation: [432/888 (49%)]
Validation: [448/888 (50%)]
Validation: [464/888 (52%)]
Validation: [480/888 (54%)]
Validation: [496/888 (56%)]
Validation: [512/888 (58%)]
Validation: [528/888 (59%)]
Validation: [544/888 (61%)]
Validation: [560/888 (63%)]
Validation: [576/888 (65%)]
Validation: [592/888 (67%)]
Validation: [608/888 (68%)]
Validation: [624/888 (70%)]
Validation: [640/888 (72%)]
Validation: [656/888 (74%)]
Validation: [672/888 (76%)]
Validation: [688/888 (77%)]
Validation: [704/888 (79%)]
Validation: [720/888 (81%)]
Validation: [736/888 (83%)]
Validation: [752/888 (85%)]
Validation: [768/888 (86%)]
Validation: [784/888 (88%)]
Validation: [800/888 (90%)]
Validation: [816/888 (92%)]
Validation: [832/888 (94%)]
Validation: [848/888 (95%)]
Validation: [864/888 (97%)]
Validation: [880/888 (99%)]
[W CudaIPCTypes.cpp:15] Producer process has been terminated before all shared CUDA tensors released. See Note [Sharing CUDA tensors]
/home/yl3836/.conda/envs/mevent/lib/python3.9/site-packages/torchvision/models/_utils.py:208: UserWarning: The parameter 'pretrained' is deprecated since 0.13 and will be removed in 0.15, please use 'weights' instead.
  warnings.warn(
/home/yl3836/.conda/envs/mevent/lib/python3.9/site-packages/torchvision/models/_utils.py:223: UserWarning: Arguments other than a weight enum or `None` for 'weights' are deprecated since 0.13 and will be removed in 0.15. The current behavior is equivalent to passing `weights=VGG16_Weights.IMAGENET1K_V1`. You can also use `weights=VGG16_Weights.DEFAULT` to get the most up-to-date weights.
  warnings.warn(msg)
/home/yl3836/.conda/envs/mevent/lib/python3.9/site-packages/torchvision/models/_utils.py:208: UserWarning: The parameter 'pretrained' is deprecated since 0.13 and will be removed in 0.15, please use 'weights' instead.
  warnings.warn(
/home/yl3836/.conda/envs/mevent/lib/python3.9/site-packages/torchvision/models/_utils.py:223: UserWarning: Arguments other than a weight enum or `None` for 'weights' are deprecated since 0.13 and will be removed in 0.15. The current behavior is equivalent to passing `weights=VGG16_Weights.IMAGENET1K_V1`. You can also use `weights=VGG16_Weights.DEFAULT` to get the most up-to-date weights.
  warnings.warn(msg)
/home/yl3836/.conda/envs/mevent/lib/python3.9/site-packages/torchvision/models/_utils.py:208: UserWarning: The parameter 'pretrained' is deprecated since 0.13 and will be removed in 0.15, please use 'weights' instead.
  warnings.warn(
/home/yl3836/.conda/envs/mevent/lib/python3.9/site-packages/torchvision/models/_utils.py:223: UserWarning: Arguments other than a weight enum or `None` for 'weights' are deprecated since 0.13 and will be removed in 0.15. The current behavior is equivalent to passing `weights=VGG16_Weights.IMAGENET1K_V1`. You can also use `weights=VGG16_Weights.DEFAULT` to get the most up-to-date weights.
  warnings.warn(msg)
/home/yl3836/.conda/envs/mevent/lib/python3.9/site-packages/torchvision/models/_utils.py:208: UserWarning: The parameter 'pretrained' is deprecated since 0.13 and will be removed in 0.15, please use 'weights' instead.
  warnings.warn(
/home/yl3836/.conda/envs/mevent/lib/python3.9/site-packages/torchvision/models/_utils.py:223: UserWarning: Arguments other than a weight enum or `None` for 'weights' are deprecated since 0.13 and will be removed in 0.15. The current behavior is equivalent to passing `weights=VGG16_Weights.IMAGENET1K_V1`. You can also use `weights=VGG16_Weights.DEFAULT` to get the most up-to-date weights.
  warnings.warn(msg)
/home/yl3836/.conda/envs/mevent/lib/python3.9/site-packages/torchvision/models/_utils.py:208: UserWarning: The parameter 'pretrained' is deprecated since 0.13 and will be removed in 0.15, please use 'weights' instead.
  warnings.warn(
/home/yl3836/.conda/envs/mevent/lib/python3.9/site-packages/torchvision/models/_utils.py:223: UserWarning: Arguments other than a weight enum or `None` for 'weights' are deprecated since 0.13 and will be removed in 0.15. The current behavior is equivalent to passing `weights=VGG16_Weights.IMAGENET1K_V1`. You can also use `weights=VGG16_Weights.DEFAULT` to get the most up-to-date weights.
  warnings.warn(msg)
/home/yl3836/.conda/envs/mevent/lib/python3.9/site-packages/torchvision/models/_utils.py:208: UserWarning: The parameter 'pretrained' is deprecated since 0.13 and will be removed in 0.15, please use 'weights' instead.
  warnings.warn(
/home/yl3836/.conda/envs/mevent/lib/python3.9/site-packages/torchvision/models/_utils.py:223: UserWarning: Arguments other than a weight enum or `None` for 'weights' are deprecated since 0.13 and will be removed in 0.15. The current behavior is equivalent to passing `weights=VGG16_Weights.IMAGENET1K_V1`. You can also use `weights=VGG16_Weights.DEFAULT` to get the most up-to-date weights.
  warnings.warn(msg)
/home/yl3836/.conda/envs/mevent/lib/python3.9/site-packages/torchvision/models/_utils.py:208: UserWarning: The parameter 'pretrained' is deprecated since 0.13 and will be removed in 0.15, please use 'weights' instead.
  warnings.warn(
/home/yl3836/.conda/envs/mevent/lib/python3.9/site-packages/torchvision/models/_utils.py:223: UserWarning: Arguments other than a weight enum or `None` for 'weights' are deprecated since 0.13 and will be removed in 0.15. The current behavior is equivalent to passing `weights=VGG16_Weights.IMAGENET1K_V1`. You can also use `weights=VGG16_Weights.DEFAULT` to get the most up-to-date weights.
  warnings.warn(msg)
/home/yl3836/.conda/envs/mevent/lib/python3.9/site-packages/torchvision/models/_utils.py:208: UserWarning: The parameter 'pretrained' is deprecated since 0.13 and will be removed in 0.15, please use 'weights' instead.
  warnings.warn(
/home/yl3836/.conda/envs/mevent/lib/python3.9/site-packages/torchvision/models/_utils.py:223: UserWarning: Arguments other than a weight enum or `None` for 'weights' are deprecated since 0.13 and will be removed in 0.15. The current behavior is equivalent to passing `weights=VGG16_Weights.IMAGENET1K_V1`. You can also use `weights=VGG16_Weights.DEFAULT` to get the most up-to-date weights.
  warnings.warn(msg)
/home/yl3836/.conda/envs/mevent/lib/python3.9/site-packages/torchvision/models/_utils.py:208: UserWarning: The parameter 'pretrained' is deprecated since 0.13 and will be removed in 0.15, please use 'weights' instead.
  warnings.warn(
/home/yl3836/.conda/envs/mevent/lib/python3.9/site-packages/torchvision/models/_utils.py:223: UserWarning: Arguments other than a weight enum or `None` for 'weights' are deprecated since 0.13 and will be removed in 0.15. The current behavior is equivalent to passing `weights=VGG16_Weights.IMAGENET1K_V1`. You can also use `weights=VGG16_Weights.DEFAULT` to get the most up-to-date weights.
  warnings.warn(msg)
/home/yl3836/.conda/envs/mevent/lib/python3.9/site-packages/torchvision/models/_utils.py:208: UserWarning: The parameter 'pretrained' is deprecated since 0.13 and will be removed in 0.15, please use 'weights' instead.
  warnings.warn(
/home/yl3836/.conda/envs/mevent/lib/python3.9/site-packages/torchvision/models/_utils.py:223: UserWarning: Arguments other than a weight enum or `None` for 'weights' are deprecated since 0.13 and will be removed in 0.15. The current behavior is equivalent to passing `weights=VGG16_Weights.IMAGENET1K_V1`. You can also use `weights=VGG16_Weights.DEFAULT` to get the most up-to-date weights.
  warnings.warn(msg)
/home/yl3836/.conda/envs/mevent/lib/python3.9/site-packages/torchvision/models/_utils.py:208: UserWarning: The parameter 'pretrained' is deprecated since 0.13 and will be removed in 0.15, please use 'weights' instead.
  warnings.warn(
/home/yl3836/.conda/envs/mevent/lib/python3.9/site-packages/torchvision/models/_utils.py:223: UserWarning: Arguments other than a weight enum or `None` for 'weights' are deprecated since 0.13 and will be removed in 0.15. The current behavior is equivalent to passing `weights=VGG16_Weights.IMAGENET1K_V1`. You can also use `weights=VGG16_Weights.DEFAULT` to get the most up-to-date weights.
  warnings.warn(msg)
/home/yl3836/.conda/envs/mevent/lib/python3.9/site-packages/torchvision/models/_utils.py:208: UserWarning: The parameter 'pretrained' is deprecated since 0.13 and will be removed in 0.15, please use 'weights' instead.
  warnings.warn(
/home/yl3836/.conda/envs/mevent/lib/python3.9/site-packages/torchvision/models/_utils.py:223: UserWarning: Arguments other than a weight enum or `None` for 'weights' are deprecated since 0.13 and will be removed in 0.15. The current behavior is equivalent to passing `weights=VGG16_Weights.IMAGENET1K_V1`. You can also use `weights=VGG16_Weights.DEFAULT` to get the most up-to-date weights.
  warnings.warn(msg)
/home/yl3836/.conda/envs/mevent/lib/python3.9/site-packages/torchvision/models/_utils.py:208: UserWarning: The parameter 'pretrained' is deprecated since 0.13 and will be removed in 0.15, please use 'weights' instead.
  warnings.warn(
/home/yl3836/.conda/envs/mevent/lib/python3.9/site-packages/torchvision/models/_utils.py:223: UserWarning: Arguments other than a weight enum or `None` for 'weights' are deprecated since 0.13 and will be removed in 0.15. The current behavior is equivalent to passing `weights=VGG16_Weights.IMAGENET1K_V1`. You can also use `weights=VGG16_Weights.DEFAULT` to get the most up-to-date weights.
  warnings.warn(msg)
/home/yl3836/.conda/envs/mevent/lib/python3.9/site-packages/torchvision/models/_utils.py:208: UserWarning: The parameter 'pretrained' is deprecated since 0.13 and will be removed in 0.15, please use 'weights' instead.
  warnings.warn(
/home/yl3836/.conda/envs/mevent/lib/python3.9/site-packages/torchvision/models/_utils.py:223: UserWarning: Arguments other than a weight enum or `None` for 'weights' are deprecated since 0.13 and will be removed in 0.15. The current behavior is equivalent to passing `weights=VGG16_Weights.IMAGENET1K_V1`. You can also use `weights=VGG16_Weights.DEFAULT` to get the most up-to-date weights.
  warnings.warn(msg)
Train Epoch: 10 [0/2648 (0%)] loss: 0.0062 L_si: 0.0062 L_grad: 0.0000 
Train Epoch: 10 [16/2648 (1%)] loss: 0.0061 L_si: 0.0061 L_grad: 0.0000 
Train Epoch: 10 [32/2648 (1%)] loss: 0.0077 L_si: 0.0077 L_grad: 0.0000 
Train Epoch: 10 [48/2648 (2%)] loss: 0.0064 L_si: 0.0064 L_grad: 0.0000 
[W CudaIPCTypes.cpp:92] Producer process tried to deallocate over 1000 memory blocks referred by consumer processes. Deallocation might be significantly slowed down. We assume it will never going to be the case, but if it is, please file but to https://github.com/pytorch/pytorch
Train Epoch: 10 [64/2648 (2%)] loss: 0.0078 L_si: 0.0078 L_grad: 0.0000 
Train Epoch: 10 [80/2648 (3%)] loss: 0.0070 L_si: 0.0070 L_grad: 0.0000 
Train Epoch: 10 [96/2648 (4%)] loss: 0.0073 L_si: 0.0073 L_grad: 0.0000 
Train Epoch: 10 [112/2648 (4%)] loss: 0.0076 L_si: 0.0076 L_grad: 0.0000 
Train Epoch: 10 [128/2648 (5%)] loss: 0.0083 L_si: 0.0083 L_grad: 0.0000 
Train Epoch: 10 [144/2648 (5%)] loss: 0.0070 L_si: 0.0070 L_grad: 0.0000 
Train Epoch: 10 [160/2648 (6%)] loss: 0.0071 L_si: 0.0071 L_grad: 0.0000 
Train Epoch: 10 [176/2648 (7%)] loss: 0.0066 L_si: 0.0066 L_grad: 0.0000 
Train Epoch: 10 [192/2648 (7%)] loss: 0.0078 L_si: 0.0078 L_grad: 0.0000 
Train Epoch: 10 [208/2648 (8%)] loss: 0.0065 L_si: 0.0065 L_grad: 0.0000 
Train Epoch: 10 [224/2648 (8%)] loss: 0.0067 L_si: 0.0067 L_grad: 0.0000 
Train Epoch: 10 [240/2648 (9%)] loss: 0.0071 L_si: 0.0071 L_grad: 0.0000 
Train Epoch: 10 [256/2648 (10%)] loss: 0.0076 L_si: 0.0076 L_grad: 0.0000 
Train Epoch: 10 [272/2648 (10%)] loss: 0.0090 L_si: 0.0090 L_grad: 0.0000 
Train Epoch: 10 [288/2648 (11%)] loss: 0.0068 L_si: 0.0068 L_grad: 0.0000 
Train Epoch: 10 [304/2648 (11%)] loss: 0.0073 L_si: 0.0073 L_grad: 0.0000 
Train Epoch: 10 [320/2648 (12%)] loss: 0.0080 L_si: 0.0080 L_grad: 0.0000 
Train Epoch: 10 [336/2648 (13%)] loss: 0.0070 L_si: 0.0070 L_grad: 0.0000 
Train Epoch: 10 [352/2648 (13%)] loss: 0.0079 L_si: 0.0079 L_grad: 0.0000 
Train Epoch: 10 [368/2648 (14%)] loss: 0.0070 L_si: 0.0070 L_grad: 0.0000 
Train Epoch: 10 [384/2648 (15%)] loss: 0.0063 L_si: 0.0063 L_grad: 0.0000 
Train Epoch: 10 [400/2648 (15%)] loss: 0.0074 L_si: 0.0074 L_grad: 0.0000 
Train Epoch: 10 [416/2648 (16%)] loss: 0.0082 L_si: 0.0082 L_grad: 0.0000 
Train Epoch: 10 [432/2648 (16%)] loss: 0.0078 L_si: 0.0078 L_grad: 0.0000 
Train Epoch: 10 [448/2648 (17%)] loss: 0.0078 L_si: 0.0078 L_grad: 0.0000 
Train Epoch: 10 [464/2648 (18%)] loss: 0.0082 L_si: 0.0082 L_grad: 0.0000 
Train Epoch: 10 [480/2648 (18%)] loss: 0.0069 L_si: 0.0069 L_grad: 0.0000 
Train Epoch: 10 [496/2648 (19%)] loss: 0.0072 L_si: 0.0072 L_grad: 0.0000 
Train Epoch: 10 [512/2648 (19%)] loss: 0.0061 L_si: 0.0061 L_grad: 0.0000 
Train Epoch: 10 [528/2648 (20%)] loss: 0.0072 L_si: 0.0072 L_grad: 0.0000 
Train Epoch: 10 [544/2648 (21%)] loss: 0.0066 L_si: 0.0066 L_grad: 0.0000 
Train Epoch: 10 [560/2648 (21%)] loss: 0.0080 L_si: 0.0080 L_grad: 0.0000 
Train Epoch: 10 [576/2648 (22%)] loss: 0.0074 L_si: 0.0074 L_grad: 0.0000 
Train Epoch: 10 [592/2648 (22%)] loss: 0.0082 L_si: 0.0082 L_grad: 0.0000 
Train Epoch: 10 [608/2648 (23%)] loss: 0.0076 L_si: 0.0076 L_grad: 0.0000 
Train Epoch: 10 [624/2648 (24%)] loss: 0.0068 L_si: 0.0068 L_grad: 0.0000 
Train Epoch: 10 [640/2648 (24%)] loss: 0.0080 L_si: 0.0080 L_grad: 0.0000 
Train Epoch: 10 [656/2648 (25%)] loss: 0.0077 L_si: 0.0077 L_grad: 0.0000 
Train Epoch: 10 [672/2648 (25%)] loss: 0.0065 L_si: 0.0065 L_grad: 0.0000 
Train Epoch: 10 [688/2648 (26%)] loss: 0.0070 L_si: 0.0070 L_grad: 0.0000 
Train Epoch: 10 [704/2648 (27%)] loss: 0.0077 L_si: 0.0077 L_grad: 0.0000 
Train Epoch: 10 [720/2648 (27%)] loss: 0.0083 L_si: 0.0083 L_grad: 0.0000 
Train Epoch: 10 [736/2648 (28%)] loss: 0.0074 L_si: 0.0074 L_grad: 0.0000 
Train Epoch: 10 [752/2648 (28%)] loss: 0.0079 L_si: 0.0079 L_grad: 0.0000 
Train Epoch: 10 [768/2648 (29%)] loss: 0.0059 L_si: 0.0059 L_grad: 0.0000 
Train Epoch: 10 [784/2648 (30%)] loss: 0.0065 L_si: 0.0065 L_grad: 0.0000 
Train Epoch: 10 [800/2648 (30%)] loss: 0.0059 L_si: 0.0059 L_grad: 0.0000 
Train Epoch: 10 [816/2648 (31%)] loss: 0.0053 L_si: 0.0053 L_grad: 0.0000 
Train Epoch: 10 [832/2648 (31%)] loss: 0.0062 L_si: 0.0062 L_grad: 0.0000 
Train Epoch: 10 [848/2648 (32%)] loss: 0.0061 L_si: 0.0061 L_grad: 0.0000 
Train Epoch: 10 [864/2648 (33%)] loss: 0.0075 L_si: 0.0075 L_grad: 0.0000 
Train Epoch: 10 [880/2648 (33%)] loss: 0.0076 L_si: 0.0076 L_grad: 0.0000 
Train Epoch: 10 [896/2648 (34%)] loss: 0.0080 L_si: 0.0080 L_grad: 0.0000 
Train Epoch: 10 [912/2648 (34%)] loss: 0.0060 L_si: 0.0060 L_grad: 0.0000 
Train Epoch: 10 [928/2648 (35%)] loss: 0.0064 L_si: 0.0064 L_grad: 0.0000 
Train Epoch: 10 [944/2648 (36%)] loss: 0.0080 L_si: 0.0080 L_grad: 0.0000 
Train Epoch: 10 [960/2648 (36%)] loss: 0.0083 L_si: 0.0083 L_grad: 0.0000 
Train Epoch: 10 [976/2648 (37%)] loss: 0.0084 L_si: 0.0084 L_grad: 0.0000 
Train Epoch: 10 [992/2648 (37%)] loss: 0.0068 L_si: 0.0068 L_grad: 0.0000 
Train Epoch: 10 [1008/2648 (38%)] loss: 0.0060 L_si: 0.0060 L_grad: 0.0000 
Train Epoch: 10 [1024/2648 (39%)] loss: 0.0078 L_si: 0.0078 L_grad: 0.0000 
Train Epoch: 10 [1040/2648 (39%)] loss: 0.0069 L_si: 0.0069 L_grad: 0.0000 
Train Epoch: 10 [1056/2648 (40%)] loss: 0.0079 L_si: 0.0079 L_grad: 0.0000 
Train Epoch: 10 [1072/2648 (40%)] loss: 0.0077 L_si: 0.0077 L_grad: 0.0000 
Train Epoch: 10 [1088/2648 (41%)] loss: 0.0089 L_si: 0.0089 L_grad: 0.0000 
Train Epoch: 10 [1104/2648 (42%)] loss: 0.0067 L_si: 0.0067 L_grad: 0.0000 
Train Epoch: 10 [1120/2648 (42%)] loss: 0.0071 L_si: 0.0071 L_grad: 0.0000 
Train Epoch: 10 [1136/2648 (43%)] loss: 0.0056 L_si: 0.0056 L_grad: 0.0000 
Train Epoch: 10 [1152/2648 (44%)] loss: 0.0071 L_si: 0.0071 L_grad: 0.0000 
Train Epoch: 10 [1168/2648 (44%)] loss: 0.0082 L_si: 0.0082 L_grad: 0.0000 
Train Epoch: 10 [1184/2648 (45%)] loss: 0.0077 L_si: 0.0077 L_grad: 0.0000 
Train Epoch: 10 [1200/2648 (45%)] loss: 0.0078 L_si: 0.0078 L_grad: 0.0000 
Train Epoch: 10 [1216/2648 (46%)] loss: 0.0072 L_si: 0.0072 L_grad: 0.0000 
Train Epoch: 10 [1232/2648 (47%)] loss: 0.0078 L_si: 0.0078 L_grad: 0.0000 
Train Epoch: 10 [1248/2648 (47%)] loss: 0.0068 L_si: 0.0068 L_grad: 0.0000 
Train Epoch: 10 [1264/2648 (48%)] loss: 0.0086 L_si: 0.0086 L_grad: 0.0000 
Train Epoch: 10 [1280/2648 (48%)] loss: 0.0077 L_si: 0.0077 L_grad: 0.0000 
Train Epoch: 10 [1296/2648 (49%)] loss: 0.0062 L_si: 0.0062 L_grad: 0.0000 
Train Epoch: 10 [1312/2648 (50%)] loss: 0.0080 L_si: 0.0080 L_grad: 0.0000 
Train Epoch: 10 [1328/2648 (50%)] loss: 0.0073 L_si: 0.0073 L_grad: 0.0000 
Train Epoch: 10 [1344/2648 (51%)] loss: 0.0076 L_si: 0.0076 L_grad: 0.0000 
Train Epoch: 10 [1360/2648 (51%)] loss: 0.0085 L_si: 0.0085 L_grad: 0.0000 
Train Epoch: 10 [1376/2648 (52%)] loss: 0.0069 L_si: 0.0069 L_grad: 0.0000 
[W CudaIPCTypes.cpp:92] Producer process tried to deallocate over 1000 memory blocks referred by consumer processes. Deallocation might be significantly slowed down. We assume it will never going to be the case, but if it is, please file but to https://github.com/pytorch/pytorch
Train Epoch: 10 [1392/2648 (53%)] loss: 0.0070 L_si: 0.0070 L_grad: 0.0000 
Train Epoch: 10 [1408/2648 (53%)] loss: 0.0075 L_si: 0.0075 L_grad: 0.0000 
Train Epoch: 10 [1424/2648 (54%)] loss: 0.0064 L_si: 0.0064 L_grad: 0.0000 
Train Epoch: 10 [1440/2648 (54%)] loss: 0.0069 L_si: 0.0069 L_grad: 0.0000 
Train Epoch: 10 [1456/2648 (55%)] loss: 0.0073 L_si: 0.0073 L_grad: 0.0000 
Train Epoch: 10 [1472/2648 (56%)] loss: 0.0082 L_si: 0.0082 L_grad: 0.0000 
Train Epoch: 10 [1488/2648 (56%)] loss: 0.0076 L_si: 0.0076 L_grad: 0.0000 
Train Epoch: 10 [1504/2648 (57%)] loss: 0.0084 L_si: 0.0084 L_grad: 0.0000 
Train Epoch: 10 [1520/2648 (57%)] loss: 0.0080 L_si: 0.0080 L_grad: 0.0000 
Train Epoch: 10 [1536/2648 (58%)] loss: 0.0083 L_si: 0.0083 L_grad: 0.0000 
Train Epoch: 10 [1552/2648 (59%)] loss: 0.0080 L_si: 0.0080 L_grad: 0.0000 
Train Epoch: 10 [1568/2648 (59%)] loss: 0.0062 L_si: 0.0062 L_grad: 0.0000 
Train Epoch: 10 [1584/2648 (60%)] loss: 0.0087 L_si: 0.0087 L_grad: 0.0000 
Train Epoch: 10 [1600/2648 (60%)] loss: 0.0079 L_si: 0.0079 L_grad: 0.0000 
Train Epoch: 10 [1616/2648 (61%)] loss: 0.0072 L_si: 0.0072 L_grad: 0.0000 
Train Epoch: 10 [1632/2648 (62%)] loss: 0.0078 L_si: 0.0078 L_grad: 0.0000 
Train Epoch: 10 [1648/2648 (62%)] loss: 0.0064 L_si: 0.0064 L_grad: 0.0000 
Train Epoch: 10 [1664/2648 (63%)] loss: 0.0058 L_si: 0.0058 L_grad: 0.0000 
Train Epoch: 10 [1680/2648 (63%)] loss: 0.0069 L_si: 0.0069 L_grad: 0.0000 
[W CudaIPCTypes.cpp:92] Producer process tried to deallocate over 1000 memory blocks referred by consumer processes. Deallocation might be significantly slowed down. We assume it will never going to be the case, but if it is, please file but to https://github.com/pytorch/pytorch
[W CudaIPCTypes.cpp:92] Producer process tried to deallocate over 1000 memory blocks referred by consumer processes. Deallocation might be significantly slowed down. We assume it will never going to be the case, but if it is, please file but to https://github.com/pytorch/pytorch
Train Epoch: 10 [1696/2648 (64%)] loss: 0.0071 L_si: 0.0071 L_grad: 0.0000 
Train Epoch: 10 [1712/2648 (65%)] loss: 0.0069 L_si: 0.0069 L_grad: 0.0000 
Train Epoch: 10 [1728/2648 (65%)] loss: 0.0079 L_si: 0.0079 L_grad: 0.0000 
Train Epoch: 10 [1744/2648 (66%)] loss: 0.0069 L_si: 0.0069 L_grad: 0.0000 
Train Epoch: 10 [1760/2648 (66%)] loss: 0.0075 L_si: 0.0075 L_grad: 0.0000 
Train Epoch: 10 [1776/2648 (67%)] loss: 0.0072 L_si: 0.0072 L_grad: 0.0000 
Train Epoch: 10 [1792/2648 (68%)] loss: 0.0066 L_si: 0.0066 L_grad: 0.0000 
Train Epoch: 10 [1808/2648 (68%)] loss: 0.0070 L_si: 0.0070 L_grad: 0.0000 
Train Epoch: 10 [1824/2648 (69%)] loss: 0.0079 L_si: 0.0079 L_grad: 0.0000 
Train Epoch: 10 [1840/2648 (69%)] loss: 0.0072 L_si: 0.0072 L_grad: 0.0000 
Train Epoch: 10 [1856/2648 (70%)] loss: 0.0053 L_si: 0.0053 L_grad: 0.0000 
Train Epoch: 10 [1872/2648 (71%)] loss: 0.0078 L_si: 0.0078 L_grad: 0.0000 
Train Epoch: 10 [1888/2648 (71%)] loss: 0.0064 L_si: 0.0064 L_grad: 0.0000 
Train Epoch: 10 [1904/2648 (72%)] loss: 0.0068 L_si: 0.0068 L_grad: 0.0000 
Train Epoch: 10 [1920/2648 (73%)] loss: 0.0074 L_si: 0.0074 L_grad: 0.0000 
Train Epoch: 10 [1936/2648 (73%)] loss: 0.0073 L_si: 0.0073 L_grad: 0.0000 
Train Epoch: 10 [1952/2648 (74%)] loss: 0.0077 L_si: 0.0077 L_grad: 0.0000 
Train Epoch: 10 [1968/2648 (74%)] loss: 0.0076 L_si: 0.0076 L_grad: 0.0000 
Train Epoch: 10 [1984/2648 (75%)] loss: 0.0079 L_si: 0.0079 L_grad: 0.0000 
Train Epoch: 10 [2000/2648 (76%)] loss: 0.0079 L_si: 0.0079 L_grad: 0.0000 
Train Epoch: 10 [2016/2648 (76%)] loss: 0.0065 L_si: 0.0065 L_grad: 0.0000 
Train Epoch: 10 [2032/2648 (77%)] loss: 0.0084 L_si: 0.0084 L_grad: 0.0000 
Train Epoch: 10 [2048/2648 (77%)] loss: 0.0071 L_si: 0.0071 L_grad: 0.0000 
Train Epoch: 10 [2064/2648 (78%)] loss: 0.0077 L_si: 0.0077 L_grad: 0.0000 
Train Epoch: 10 [2080/2648 (79%)] loss: 0.0078 L_si: 0.0078 L_grad: 0.0000 
Train Epoch: 10 [2096/2648 (79%)] loss: 0.0081 L_si: 0.0081 L_grad: 0.0000 
Train Epoch: 10 [2112/2648 (80%)] loss: 0.0077 L_si: 0.0077 L_grad: 0.0000 
Train Epoch: 10 [2128/2648 (80%)] loss: 0.0058 L_si: 0.0058 L_grad: 0.0000 
Train Epoch: 10 [2144/2648 (81%)] loss: 0.0074 L_si: 0.0074 L_grad: 0.0000 
Train Epoch: 10 [2160/2648 (82%)] loss: 0.0080 L_si: 0.0080 L_grad: 0.0000 
Train Epoch: 10 [2176/2648 (82%)] loss: 0.0076 L_si: 0.0076 L_grad: 0.0000 
Train Epoch: 10 [2192/2648 (83%)] loss: 0.0059 L_si: 0.0059 L_grad: 0.0000 
Train Epoch: 10 [2208/2648 (83%)] loss: 0.0063 L_si: 0.0063 L_grad: 0.0000 
Train Epoch: 10 [2224/2648 (84%)] loss: 0.0065 L_si: 0.0065 L_grad: 0.0000 
Train Epoch: 10 [2240/2648 (85%)] loss: 0.0071 L_si: 0.0071 L_grad: 0.0000 
Train Epoch: 10 [2256/2648 (85%)] loss: 0.0073 L_si: 0.0073 L_grad: 0.0000 
Train Epoch: 10 [2272/2648 (86%)] loss: 0.0070 L_si: 0.0070 L_grad: 0.0000 
Train Epoch: 10 [2288/2648 (86%)] loss: 0.0073 L_si: 0.0073 L_grad: 0.0000 
Train Epoch: 10 [2304/2648 (87%)] loss: 0.0077 L_si: 0.0077 L_grad: 0.0000 
Train Epoch: 10 [2320/2648 (88%)] loss: 0.0066 L_si: 0.0066 L_grad: 0.0000 
Train Epoch: 10 [2336/2648 (88%)] loss: 0.0077 L_si: 0.0077 L_grad: 0.0000 
Train Epoch: 10 [2352/2648 (89%)] loss: 0.0076 L_si: 0.0076 L_grad: 0.0000 
Train Epoch: 10 [2368/2648 (89%)] loss: 0.0066 L_si: 0.0066 L_grad: 0.0000 
Train Epoch: 10 [2384/2648 (90%)] loss: 0.0071 L_si: 0.0071 L_grad: 0.0000 
Train Epoch: 10 [2400/2648 (91%)] loss: 0.0076 L_si: 0.0076 L_grad: 0.0000 
Train Epoch: 10 [2416/2648 (91%)] loss: 0.0078 L_si: 0.0078 L_grad: 0.0000 
Train Epoch: 10 [2432/2648 (92%)] loss: 0.0069 L_si: 0.0069 L_grad: 0.0000 
Train Epoch: 10 [2448/2648 (92%)] loss: 0.0061 L_si: 0.0061 L_grad: 0.0000 
Train Epoch: 10 [2464/2648 (93%)] loss: 0.0066 L_si: 0.0066 L_grad: 0.0000 
Train Epoch: 10 [2480/2648 (94%)] loss: 0.0076 L_si: 0.0076 L_grad: 0.0000 
Train Epoch: 10 [2496/2648 (94%)] loss: 0.0075 L_si: 0.0075 L_grad: 0.0000 
Train Epoch: 10 [2512/2648 (95%)] loss: 0.0079 L_si: 0.0079 L_grad: 0.0000 
Train Epoch: 10 [2528/2648 (95%)] loss: 0.0079 L_si: 0.0079 L_grad: 0.0000 
Train Epoch: 10 [2544/2648 (96%)] loss: 0.0077 L_si: 0.0077 L_grad: 0.0000 
Train Epoch: 10 [2560/2648 (97%)] loss: 0.0076 L_si: 0.0076 L_grad: 0.0000 
Train Epoch: 10 [2576/2648 (97%)] loss: 0.0081 L_si: 0.0081 L_grad: 0.0000 
Train Epoch: 10 [2592/2648 (98%)] loss: 0.0072 L_si: 0.0072 L_grad: 0.0000 
Train Epoch: 10 [2608/2648 (98%)] loss: 0.0063 L_si: 0.0063 L_grad: 0.0000 
Train Epoch: 10 [2624/2648 (99%)] loss: 0.0069 L_si: 0.0069 L_grad: 0.0000 
Train Epoch: 10 [2640/2648 (100%)] loss: 0.0068 L_si: 0.0068 L_grad: 0.0000 
[W CudaIPCTypes.cpp:15] Producer process has been terminated before all shared CUDA tensors released. See Note [Sharing CUDA tensors]
/home/yl3836/.conda/envs/mevent/lib/python3.9/site-packages/torchvision/models/_utils.py:208: UserWarning: The parameter 'pretrained' is deprecated since 0.13 and will be removed in 0.15, please use 'weights' instead.
  warnings.warn(
/home/yl3836/.conda/envs/mevent/lib/python3.9/site-packages/torchvision/models/_utils.py:223: UserWarning: Arguments other than a weight enum or `None` for 'weights' are deprecated since 0.13 and will be removed in 0.15. The current behavior is equivalent to passing `weights=VGG16_Weights.IMAGENET1K_V1`. You can also use `weights=VGG16_Weights.DEFAULT` to get the most up-to-date weights.
  warnings.warn(msg)
/home/yl3836/.conda/envs/mevent/lib/python3.9/site-packages/torchvision/models/_utils.py:208: UserWarning: The parameter 'pretrained' is deprecated since 0.13 and will be removed in 0.15, please use 'weights' instead.
  warnings.warn(
/home/yl3836/.conda/envs/mevent/lib/python3.9/site-packages/torchvision/models/_utils.py:223: UserWarning: Arguments other than a weight enum or `None` for 'weights' are deprecated since 0.13 and will be removed in 0.15. The current behavior is equivalent to passing `weights=VGG16_Weights.IMAGENET1K_V1`. You can also use `weights=VGG16_Weights.DEFAULT` to get the most up-to-date weights.
  warnings.warn(msg)
/home/yl3836/.conda/envs/mevent/lib/python3.9/site-packages/torchvision/models/_utils.py:208: UserWarning: The parameter 'pretrained' is deprecated since 0.13 and will be removed in 0.15, please use 'weights' instead.
  warnings.warn(
/home/yl3836/.conda/envs/mevent/lib/python3.9/site-packages/torchvision/models/_utils.py:223: UserWarning: Arguments other than a weight enum or `None` for 'weights' are deprecated since 0.13 and will be removed in 0.15. The current behavior is equivalent to passing `weights=VGG16_Weights.IMAGENET1K_V1`. You can also use `weights=VGG16_Weights.DEFAULT` to get the most up-to-date weights.
  warnings.warn(msg)
/home/yl3836/.conda/envs/mevent/lib/python3.9/site-packages/torchvision/models/_utils.py:208: UserWarning: The parameter 'pretrained' is deprecated since 0.13 and will be removed in 0.15, please use 'weights' instead.
  warnings.warn(
/home/yl3836/.conda/envs/mevent/lib/python3.9/site-packages/torchvision/models/_utils.py:223: UserWarning: Arguments other than a weight enum or `None` for 'weights' are deprecated since 0.13 and will be removed in 0.15. The current behavior is equivalent to passing `weights=VGG16_Weights.IMAGENET1K_V1`. You can also use `weights=VGG16_Weights.DEFAULT` to get the most up-to-date weights.
  warnings.warn(msg)
/home/yl3836/.conda/envs/mevent/lib/python3.9/site-packages/torchvision/models/_utils.py:208: UserWarning: The parameter 'pretrained' is deprecated since 0.13 and will be removed in 0.15, please use 'weights' instead.
  warnings.warn(
/home/yl3836/.conda/envs/mevent/lib/python3.9/site-packages/torchvision/models/_utils.py:223: UserWarning: Arguments other than a weight enum or `None` for 'weights' are deprecated since 0.13 and will be removed in 0.15. The current behavior is equivalent to passing `weights=VGG16_Weights.IMAGENET1K_V1`. You can also use `weights=VGG16_Weights.DEFAULT` to get the most up-to-date weights.
  warnings.warn(msg)
/home/yl3836/.conda/envs/mevent/lib/python3.9/site-packages/torchvision/models/_utils.py:208: UserWarning: The parameter 'pretrained' is deprecated since 0.13 and will be removed in 0.15, please use 'weights' instead.
  warnings.warn(
/home/yl3836/.conda/envs/mevent/lib/python3.9/site-packages/torchvision/models/_utils.py:223: UserWarning: Arguments other than a weight enum or `None` for 'weights' are deprecated since 0.13 and will be removed in 0.15. The current behavior is equivalent to passing `weights=VGG16_Weights.IMAGENET1K_V1`. You can also use `weights=VGG16_Weights.DEFAULT` to get the most up-to-date weights.
  warnings.warn(msg)
/home/yl3836/.conda/envs/mevent/lib/python3.9/site-packages/torchvision/models/_utils.py:208: UserWarning: The parameter 'pretrained' is deprecated since 0.13 and will be removed in 0.15, please use 'weights' instead.
  warnings.warn(
/home/yl3836/.conda/envs/mevent/lib/python3.9/site-packages/torchvision/models/_utils.py:223: UserWarning: Arguments other than a weight enum or `None` for 'weights' are deprecated since 0.13 and will be removed in 0.15. The current behavior is equivalent to passing `weights=VGG16_Weights.IMAGENET1K_V1`. You can also use `weights=VGG16_Weights.DEFAULT` to get the most up-to-date weights.
  warnings.warn(msg)
/home/yl3836/.conda/envs/mevent/lib/python3.9/site-packages/torchvision/models/_utils.py:208: UserWarning: The parameter 'pretrained' is deprecated since 0.13 and will be removed in 0.15, please use 'weights' instead.
  warnings.warn(
/home/yl3836/.conda/envs/mevent/lib/python3.9/site-packages/torchvision/models/_utils.py:223: UserWarning: Arguments other than a weight enum or `None` for 'weights' are deprecated since 0.13 and will be removed in 0.15. The current behavior is equivalent to passing `weights=VGG16_Weights.IMAGENET1K_V1`. You can also use `weights=VGG16_Weights.DEFAULT` to get the most up-to-date weights.
  warnings.warn(msg)
/home/yl3836/.conda/envs/mevent/lib/python3.9/site-packages/torchvision/models/_utils.py:208: UserWarning: The parameter 'pretrained' is deprecated since 0.13 and will be removed in 0.15, please use 'weights' instead.
  warnings.warn(
/home/yl3836/.conda/envs/mevent/lib/python3.9/site-packages/torchvision/models/_utils.py:223: UserWarning: Arguments other than a weight enum or `None` for 'weights' are deprecated since 0.13 and will be removed in 0.15. The current behavior is equivalent to passing `weights=VGG16_Weights.IMAGENET1K_V1`. You can also use `weights=VGG16_Weights.DEFAULT` to get the most up-to-date weights.
  warnings.warn(msg)
/home/yl3836/.conda/envs/mevent/lib/python3.9/site-packages/torchvision/models/_utils.py:208: UserWarning: The parameter 'pretrained' is deprecated since 0.13 and will be removed in 0.15, please use 'weights' instead.
  warnings.warn(
/home/yl3836/.conda/envs/mevent/lib/python3.9/site-packages/torchvision/models/_utils.py:223: UserWarning: Arguments other than a weight enum or `None` for 'weights' are deprecated since 0.13 and will be removed in 0.15. The current behavior is equivalent to passing `weights=VGG16_Weights.IMAGENET1K_V1`. You can also use `weights=VGG16_Weights.DEFAULT` to get the most up-to-date weights.
  warnings.warn(msg)
/home/yl3836/.conda/envs/mevent/lib/python3.9/site-packages/torchvision/models/_utils.py:208: UserWarning: The parameter 'pretrained' is deprecated since 0.13 and will be removed in 0.15, please use 'weights' instead.
  warnings.warn(
/home/yl3836/.conda/envs/mevent/lib/python3.9/site-packages/torchvision/models/_utils.py:223: UserWarning: Arguments other than a weight enum or `None` for 'weights' are deprecated since 0.13 and will be removed in 0.15. The current behavior is equivalent to passing `weights=VGG16_Weights.IMAGENET1K_V1`. You can also use `weights=VGG16_Weights.DEFAULT` to get the most up-to-date weights.
  warnings.warn(msg)
/home/yl3836/.conda/envs/mevent/lib/python3.9/site-packages/torchvision/models/_utils.py:208: UserWarning: The parameter 'pretrained' is deprecated since 0.13 and will be removed in 0.15, please use 'weights' instead.
  warnings.warn(
/home/yl3836/.conda/envs/mevent/lib/python3.9/site-packages/torchvision/models/_utils.py:223: UserWarning: Arguments other than a weight enum or `None` for 'weights' are deprecated since 0.13 and will be removed in 0.15. The current behavior is equivalent to passing `weights=VGG16_Weights.IMAGENET1K_V1`. You can also use `weights=VGG16_Weights.DEFAULT` to get the most up-to-date weights.
  warnings.warn(msg)
/home/yl3836/.conda/envs/mevent/lib/python3.9/site-packages/torchvision/models/_utils.py:208: UserWarning: The parameter 'pretrained' is deprecated since 0.13 and will be removed in 0.15, please use 'weights' instead.
  warnings.warn(
/home/yl3836/.conda/envs/mevent/lib/python3.9/site-packages/torchvision/models/_utils.py:223: UserWarning: Arguments other than a weight enum or `None` for 'weights' are deprecated since 0.13 and will be removed in 0.15. The current behavior is equivalent to passing `weights=VGG16_Weights.IMAGENET1K_V1`. You can also use `weights=VGG16_Weights.DEFAULT` to get the most up-to-date weights.
  warnings.warn(msg)
/home/yl3836/.conda/envs/mevent/lib/python3.9/site-packages/torchvision/models/_utils.py:208: UserWarning: The parameter 'pretrained' is deprecated since 0.13 and will be removed in 0.15, please use 'weights' instead.
  warnings.warn(
/home/yl3836/.conda/envs/mevent/lib/python3.9/site-packages/torchvision/models/_utils.py:223: UserWarning: Arguments other than a weight enum or `None` for 'weights' are deprecated since 0.13 and will be removed in 0.15. The current behavior is equivalent to passing `weights=VGG16_Weights.IMAGENET1K_V1`. You can also use `weights=VGG16_Weights.DEFAULT` to get the most up-to-date weights.
  warnings.warn(msg)
Validation: [0/888 (0%)]
Validation: [16/888 (2%)]
Validation: [32/888 (4%)]
Validation: [48/888 (5%)]
[W CudaIPCTypes.cpp:92] Producer process tried to deallocate over 1000 memory blocks referred by consumer processes. Deallocation might be significantly slowed down. We assume it will never going to be the case, but if it is, please file but to https://github.com/pytorch/pytorch
Validation: [64/888 (7%)]
Validation: [80/888 (9%)]
Validation: [96/888 (11%)]
Validation: [112/888 (13%)]
Validation: [128/888 (14%)]
Validation: [144/888 (16%)]
Validation: [160/888 (18%)]
Validation: [176/888 (20%)]
Validation: [192/888 (22%)]
Validation: [208/888 (23%)]
Validation: [224/888 (25%)]
Validation: [240/888 (27%)]
Validation: [256/888 (29%)]
Validation: [272/888 (31%)]
Validation: [288/888 (32%)]
Validation: [304/888 (34%)]
Validation: [320/888 (36%)]
Validation: [336/888 (38%)]
Validation: [352/888 (40%)]
Validation: [368/888 (41%)]
Validation: [384/888 (43%)]
Validation: [400/888 (45%)]
Validation: [416/888 (47%)]
Validation: [432/888 (49%)]
Validation: [448/888 (50%)]
Validation: [464/888 (52%)]
Validation: [480/888 (54%)]
Validation: [496/888 (56%)]
Validation: [512/888 (58%)]
Validation: [528/888 (59%)]
Validation: [544/888 (61%)]
Validation: [560/888 (63%)]
Validation: [576/888 (65%)]
Validation: [592/888 (67%)]
Validation: [608/888 (68%)]
Validation: [624/888 (70%)]
Validation: [640/888 (72%)]
Validation: [656/888 (74%)]
Validation: [672/888 (76%)]
Validation: [688/888 (77%)]
Validation: [704/888 (79%)]
Validation: [720/888 (81%)]
Validation: [736/888 (83%)]
Validation: [752/888 (85%)]
Validation: [768/888 (86%)]
Validation: [784/888 (88%)]
Validation: [800/888 (90%)]
Validation: [816/888 (92%)]
Validation: [832/888 (94%)]
Validation: [848/888 (95%)]
Validation: [864/888 (97%)]
Validation: [880/888 (99%)]
[W CudaIPCTypes.cpp:15] Producer process has been terminated before all shared CUDA tensors released. See Note [Sharing CUDA tensors]
/home/yl3836/.conda/envs/mevent/lib/python3.9/site-packages/torchvision/models/_utils.py:208: UserWarning: The parameter 'pretrained' is deprecated since 0.13 and will be removed in 0.15, please use 'weights' instead.
  warnings.warn(
/home/yl3836/.conda/envs/mevent/lib/python3.9/site-packages/torchvision/models/_utils.py:223: UserWarning: Arguments other than a weight enum or `None` for 'weights' are deprecated since 0.13 and will be removed in 0.15. The current behavior is equivalent to passing `weights=VGG16_Weights.IMAGENET1K_V1`. You can also use `weights=VGG16_Weights.DEFAULT` to get the most up-to-date weights.
  warnings.warn(msg)
/home/yl3836/.conda/envs/mevent/lib/python3.9/site-packages/torchvision/models/_utils.py:208: UserWarning: The parameter 'pretrained' is deprecated since 0.13 and will be removed in 0.15, please use 'weights' instead.
  warnings.warn(
/home/yl3836/.conda/envs/mevent/lib/python3.9/site-packages/torchvision/models/_utils.py:223: UserWarning: Arguments other than a weight enum or `None` for 'weights' are deprecated since 0.13 and will be removed in 0.15. The current behavior is equivalent to passing `weights=VGG16_Weights.IMAGENET1K_V1`. You can also use `weights=VGG16_Weights.DEFAULT` to get the most up-to-date weights.
  warnings.warn(msg)
/home/yl3836/.conda/envs/mevent/lib/python3.9/site-packages/torchvision/models/_utils.py:208: UserWarning: The parameter 'pretrained' is deprecated since 0.13 and will be removed in 0.15, please use 'weights' instead.
  warnings.warn(
/home/yl3836/.conda/envs/mevent/lib/python3.9/site-packages/torchvision/models/_utils.py:223: UserWarning: Arguments other than a weight enum or `None` for 'weights' are deprecated since 0.13 and will be removed in 0.15. The current behavior is equivalent to passing `weights=VGG16_Weights.IMAGENET1K_V1`. You can also use `weights=VGG16_Weights.DEFAULT` to get the most up-to-date weights.
  warnings.warn(msg)
/home/yl3836/.conda/envs/mevent/lib/python3.9/site-packages/torchvision/models/_utils.py:208: UserWarning: The parameter 'pretrained' is deprecated since 0.13 and will be removed in 0.15, please use 'weights' instead.
  warnings.warn(
/home/yl3836/.conda/envs/mevent/lib/python3.9/site-packages/torchvision/models/_utils.py:223: UserWarning: Arguments other than a weight enum or `None` for 'weights' are deprecated since 0.13 and will be removed in 0.15. The current behavior is equivalent to passing `weights=VGG16_Weights.IMAGENET1K_V1`. You can also use `weights=VGG16_Weights.DEFAULT` to get the most up-to-date weights.
  warnings.warn(msg)
/home/yl3836/.conda/envs/mevent/lib/python3.9/site-packages/torchvision/models/_utils.py:208: UserWarning: The parameter 'pretrained' is deprecated since 0.13 and will be removed in 0.15, please use 'weights' instead.
  warnings.warn(
/home/yl3836/.conda/envs/mevent/lib/python3.9/site-packages/torchvision/models/_utils.py:223: UserWarning: Arguments other than a weight enum or `None` for 'weights' are deprecated since 0.13 and will be removed in 0.15. The current behavior is equivalent to passing `weights=VGG16_Weights.IMAGENET1K_V1`. You can also use `weights=VGG16_Weights.DEFAULT` to get the most up-to-date weights.
  warnings.warn(msg)
/home/yl3836/.conda/envs/mevent/lib/python3.9/site-packages/torchvision/models/_utils.py:208: UserWarning: The parameter 'pretrained' is deprecated since 0.13 and will be removed in 0.15, please use 'weights' instead.
  warnings.warn(
/home/yl3836/.conda/envs/mevent/lib/python3.9/site-packages/torchvision/models/_utils.py:223: UserWarning: Arguments other than a weight enum or `None` for 'weights' are deprecated since 0.13 and will be removed in 0.15. The current behavior is equivalent to passing `weights=VGG16_Weights.IMAGENET1K_V1`. You can also use `weights=VGG16_Weights.DEFAULT` to get the most up-to-date weights.
  warnings.warn(msg)
/home/yl3836/.conda/envs/mevent/lib/python3.9/site-packages/torchvision/models/_utils.py:208: UserWarning: The parameter 'pretrained' is deprecated since 0.13 and will be removed in 0.15, please use 'weights' instead.
  warnings.warn(
/home/yl3836/.conda/envs/mevent/lib/python3.9/site-packages/torchvision/models/_utils.py:223: UserWarning: Arguments other than a weight enum or `None` for 'weights' are deprecated since 0.13 and will be removed in 0.15. The current behavior is equivalent to passing `weights=VGG16_Weights.IMAGENET1K_V1`. You can also use `weights=VGG16_Weights.DEFAULT` to get the most up-to-date weights.
  warnings.warn(msg)
/home/yl3836/.conda/envs/mevent/lib/python3.9/site-packages/torchvision/models/_utils.py:208: UserWarning: The parameter 'pretrained' is deprecated since 0.13 and will be removed in 0.15, please use 'weights' instead.
  warnings.warn(
/home/yl3836/.conda/envs/mevent/lib/python3.9/site-packages/torchvision/models/_utils.py:223: UserWarning: Arguments other than a weight enum or `None` for 'weights' are deprecated since 0.13 and will be removed in 0.15. The current behavior is equivalent to passing `weights=VGG16_Weights.IMAGENET1K_V1`. You can also use `weights=VGG16_Weights.DEFAULT` to get the most up-to-date weights.
  warnings.warn(msg)
/home/yl3836/.conda/envs/mevent/lib/python3.9/site-packages/torchvision/models/_utils.py:208: UserWarning: The parameter 'pretrained' is deprecated since 0.13 and will be removed in 0.15, please use 'weights' instead.
  warnings.warn(
/home/yl3836/.conda/envs/mevent/lib/python3.9/site-packages/torchvision/models/_utils.py:223: UserWarning: Arguments other than a weight enum or `None` for 'weights' are deprecated since 0.13 and will be removed in 0.15. The current behavior is equivalent to passing `weights=VGG16_Weights.IMAGENET1K_V1`. You can also use `weights=VGG16_Weights.DEFAULT` to get the most up-to-date weights.
  warnings.warn(msg)
/home/yl3836/.conda/envs/mevent/lib/python3.9/site-packages/torchvision/models/_utils.py:208: UserWarning: The parameter 'pretrained' is deprecated since 0.13 and will be removed in 0.15, please use 'weights' instead.
  warnings.warn(
/home/yl3836/.conda/envs/mevent/lib/python3.9/site-packages/torchvision/models/_utils.py:223: UserWarning: Arguments other than a weight enum or `None` for 'weights' are deprecated since 0.13 and will be removed in 0.15. The current behavior is equivalent to passing `weights=VGG16_Weights.IMAGENET1K_V1`. You can also use `weights=VGG16_Weights.DEFAULT` to get the most up-to-date weights.
  warnings.warn(msg)
/home/yl3836/.conda/envs/mevent/lib/python3.9/site-packages/torchvision/models/_utils.py:208: UserWarning: The parameter 'pretrained' is deprecated since 0.13 and will be removed in 0.15, please use 'weights' instead.
  warnings.warn(
/home/yl3836/.conda/envs/mevent/lib/python3.9/site-packages/torchvision/models/_utils.py:223: UserWarning: Arguments other than a weight enum or `None` for 'weights' are deprecated since 0.13 and will be removed in 0.15. The current behavior is equivalent to passing `weights=VGG16_Weights.IMAGENET1K_V1`. You can also use `weights=VGG16_Weights.DEFAULT` to get the most up-to-date weights.
  warnings.warn(msg)
/home/yl3836/.conda/envs/mevent/lib/python3.9/site-packages/torchvision/models/_utils.py:208: UserWarning: The parameter 'pretrained' is deprecated since 0.13 and will be removed in 0.15, please use 'weights' instead.
  warnings.warn(
/home/yl3836/.conda/envs/mevent/lib/python3.9/site-packages/torchvision/models/_utils.py:223: UserWarning: Arguments other than a weight enum or `None` for 'weights' are deprecated since 0.13 and will be removed in 0.15. The current behavior is equivalent to passing `weights=VGG16_Weights.IMAGENET1K_V1`. You can also use `weights=VGG16_Weights.DEFAULT` to get the most up-to-date weights.
  warnings.warn(msg)
/home/yl3836/.conda/envs/mevent/lib/python3.9/site-packages/torchvision/models/_utils.py:208: UserWarning: The parameter 'pretrained' is deprecated since 0.13 and will be removed in 0.15, please use 'weights' instead.
  warnings.warn(
/home/yl3836/.conda/envs/mevent/lib/python3.9/site-packages/torchvision/models/_utils.py:223: UserWarning: Arguments other than a weight enum or `None` for 'weights' are deprecated since 0.13 and will be removed in 0.15. The current behavior is equivalent to passing `weights=VGG16_Weights.IMAGENET1K_V1`. You can also use `weights=VGG16_Weights.DEFAULT` to get the most up-to-date weights.
  warnings.warn(msg)
/home/yl3836/.conda/envs/mevent/lib/python3.9/site-packages/torchvision/models/_utils.py:208: UserWarning: The parameter 'pretrained' is deprecated since 0.13 and will be removed in 0.15, please use 'weights' instead.
  warnings.warn(
/home/yl3836/.conda/envs/mevent/lib/python3.9/site-packages/torchvision/models/_utils.py:223: UserWarning: Arguments other than a weight enum or `None` for 'weights' are deprecated since 0.13 and will be removed in 0.15. The current behavior is equivalent to passing `weights=VGG16_Weights.IMAGENET1K_V1`. You can also use `weights=VGG16_Weights.DEFAULT` to get the most up-to-date weights.
  warnings.warn(msg)
Train Epoch: 11 [0/2648 (0%)] loss: 0.0068 L_si: 0.0068 L_grad: 0.0000 
Train Epoch: 11 [16/2648 (1%)] loss: 0.0079 L_si: 0.0079 L_grad: 0.0000 
Train Epoch: 11 [32/2648 (1%)] loss: 0.0083 L_si: 0.0083 L_grad: 0.0000 
Train Epoch: 11 [48/2648 (2%)] loss: 0.0072 L_si: 0.0072 L_grad: 0.0000 
Train Epoch: 11 [64/2648 (2%)] loss: 0.0070 L_si: 0.0070 L_grad: 0.0000 
Train Epoch: 11 [80/2648 (3%)] loss: 0.0079 L_si: 0.0079 L_grad: 0.0000 
Train Epoch: 11 [96/2648 (4%)] loss: 0.0071 L_si: 0.0071 L_grad: 0.0000 
Train Epoch: 11 [112/2648 (4%)] loss: 0.0078 L_si: 0.0078 L_grad: 0.0000 
Train Epoch: 11 [128/2648 (5%)] loss: 0.0072 L_si: 0.0072 L_grad: 0.0000 
Train Epoch: 11 [144/2648 (5%)] loss: 0.0075 L_si: 0.0075 L_grad: 0.0000 
Train Epoch: 11 [160/2648 (6%)] loss: 0.0074 L_si: 0.0074 L_grad: 0.0000 
Train Epoch: 11 [176/2648 (7%)] loss: 0.0077 L_si: 0.0077 L_grad: 0.0000 
Train Epoch: 11 [192/2648 (7%)] loss: 0.0081 L_si: 0.0081 L_grad: 0.0000 
Train Epoch: 11 [208/2648 (8%)] loss: 0.0058 L_si: 0.0058 L_grad: 0.0000 
Train Epoch: 11 [224/2648 (8%)] loss: 0.0064 L_si: 0.0064 L_grad: 0.0000 
Train Epoch: 11 [240/2648 (9%)] loss: 0.0067 L_si: 0.0067 L_grad: 0.0000 
Train Epoch: 11 [256/2648 (10%)] loss: 0.0068 L_si: 0.0068 L_grad: 0.0000 
Train Epoch: 11 [272/2648 (10%)] loss: 0.0070 L_si: 0.0070 L_grad: 0.0000 
Train Epoch: 11 [288/2648 (11%)] loss: 0.0073 L_si: 0.0073 L_grad: 0.0000 
Train Epoch: 11 [304/2648 (11%)] loss: 0.0077 L_si: 0.0077 L_grad: 0.0000 
Train Epoch: 11 [320/2648 (12%)] loss: 0.0058 L_si: 0.0058 L_grad: 0.0000 
Train Epoch: 11 [336/2648 (13%)] loss: 0.0069 L_si: 0.0069 L_grad: 0.0000 
Train Epoch: 11 [352/2648 (13%)] loss: 0.0073 L_si: 0.0073 L_grad: 0.0000 
Train Epoch: 11 [368/2648 (14%)] loss: 0.0065 L_si: 0.0065 L_grad: 0.0000 
Train Epoch: 11 [384/2648 (15%)] loss: 0.0075 L_si: 0.0075 L_grad: 0.0000 
Train Epoch: 11 [400/2648 (15%)] loss: 0.0075 L_si: 0.0075 L_grad: 0.0000 
Train Epoch: 11 [416/2648 (16%)] loss: 0.0082 L_si: 0.0082 L_grad: 0.0000 
Train Epoch: 11 [432/2648 (16%)] loss: 0.0068 L_si: 0.0068 L_grad: 0.0000 
Train Epoch: 11 [448/2648 (17%)] loss: 0.0084 L_si: 0.0084 L_grad: 0.0000 
Train Epoch: 11 [464/2648 (18%)] loss: 0.0082 L_si: 0.0082 L_grad: 0.0000 
Train Epoch: 11 [480/2648 (18%)] loss: 0.0079 L_si: 0.0079 L_grad: 0.0000 
Train Epoch: 11 [496/2648 (19%)] loss: 0.0075 L_si: 0.0075 L_grad: 0.0000 
Train Epoch: 11 [512/2648 (19%)] loss: 0.0085 L_si: 0.0085 L_grad: 0.0000 
Train Epoch: 11 [528/2648 (20%)] loss: 0.0055 L_si: 0.0055 L_grad: 0.0000 
Train Epoch: 11 [544/2648 (21%)] loss: 0.0071 L_si: 0.0071 L_grad: 0.0000 
Train Epoch: 11 [560/2648 (21%)] loss: 0.0064 L_si: 0.0064 L_grad: 0.0000 
Train Epoch: 11 [576/2648 (22%)] loss: 0.0082 L_si: 0.0082 L_grad: 0.0000 
Train Epoch: 11 [592/2648 (22%)] loss: 0.0064 L_si: 0.0064 L_grad: 0.0000 
Train Epoch: 11 [608/2648 (23%)] loss: 0.0063 L_si: 0.0063 L_grad: 0.0000 
Train Epoch: 11 [624/2648 (24%)] loss: 0.0064 L_si: 0.0064 L_grad: 0.0000 
Train Epoch: 11 [640/2648 (24%)] loss: 0.0060 L_si: 0.0060 L_grad: 0.0000 
Train Epoch: 11 [656/2648 (25%)] loss: 0.0074 L_si: 0.0074 L_grad: 0.0000 
Train Epoch: 11 [672/2648 (25%)] loss: 0.0071 L_si: 0.0071 L_grad: 0.0000 
Train Epoch: 11 [688/2648 (26%)] loss: 0.0077 L_si: 0.0077 L_grad: 0.0000 
Train Epoch: 11 [704/2648 (27%)] loss: 0.0067 L_si: 0.0067 L_grad: 0.0000 
Train Epoch: 11 [720/2648 (27%)] loss: 0.0077 L_si: 0.0077 L_grad: 0.0000 
Train Epoch: 11 [736/2648 (28%)] loss: 0.0072 L_si: 0.0072 L_grad: 0.0000 
Train Epoch: 11 [752/2648 (28%)] loss: 0.0077 L_si: 0.0077 L_grad: 0.0000 
Train Epoch: 11 [768/2648 (29%)] loss: 0.0057 L_si: 0.0057 L_grad: 0.0000 
Train Epoch: 11 [784/2648 (30%)] loss: 0.0074 L_si: 0.0074 L_grad: 0.0000 
Train Epoch: 11 [800/2648 (30%)] loss: 0.0073 L_si: 0.0073 L_grad: 0.0000 
Train Epoch: 11 [816/2648 (31%)] loss: 0.0074 L_si: 0.0074 L_grad: 0.0000 
Train Epoch: 11 [832/2648 (31%)] loss: 0.0074 L_si: 0.0074 L_grad: 0.0000 
Train Epoch: 11 [848/2648 (32%)] loss: 0.0077 L_si: 0.0077 L_grad: 0.0000 
Train Epoch: 11 [864/2648 (33%)] loss: 0.0082 L_si: 0.0082 L_grad: 0.0000 
Train Epoch: 11 [880/2648 (33%)] loss: 0.0073 L_si: 0.0073 L_grad: 0.0000 
Train Epoch: 11 [896/2648 (34%)] loss: 0.0075 L_si: 0.0075 L_grad: 0.0000 
Train Epoch: 11 [912/2648 (34%)] loss: 0.0072 L_si: 0.0072 L_grad: 0.0000 
Train Epoch: 11 [928/2648 (35%)] loss: 0.0068 L_si: 0.0068 L_grad: 0.0000 
Train Epoch: 11 [944/2648 (36%)] loss: 0.0080 L_si: 0.0080 L_grad: 0.0000 
Train Epoch: 11 [960/2648 (36%)] loss: 0.0087 L_si: 0.0087 L_grad: 0.0000 
Train Epoch: 11 [976/2648 (37%)] loss: 0.0077 L_si: 0.0077 L_grad: 0.0000 
Train Epoch: 11 [992/2648 (37%)] loss: 0.0075 L_si: 0.0075 L_grad: 0.0000 
Train Epoch: 11 [1008/2648 (38%)] loss: 0.0068 L_si: 0.0068 L_grad: 0.0000 
Train Epoch: 11 [1024/2648 (39%)] loss: 0.0067 L_si: 0.0067 L_grad: 0.0000 
Train Epoch: 11 [1040/2648 (39%)] loss: 0.0082 L_si: 0.0082 L_grad: 0.0000 
Train Epoch: 11 [1056/2648 (40%)] loss: 0.0067 L_si: 0.0067 L_grad: 0.0000 
Train Epoch: 11 [1072/2648 (40%)] loss: 0.0070 L_si: 0.0070 L_grad: 0.0000 
Train Epoch: 11 [1088/2648 (41%)] loss: 0.0074 L_si: 0.0074 L_grad: 0.0000 
Train Epoch: 11 [1104/2648 (42%)] loss: 0.0066 L_si: 0.0066 L_grad: 0.0000 
Train Epoch: 11 [1120/2648 (42%)] loss: 0.0072 L_si: 0.0072 L_grad: 0.0000 
Train Epoch: 11 [1136/2648 (43%)] loss: 0.0075 L_si: 0.0075 L_grad: 0.0000 
Train Epoch: 11 [1152/2648 (44%)] loss: 0.0065 L_si: 0.0065 L_grad: 0.0000 
Train Epoch: 11 [1168/2648 (44%)] loss: 0.0087 L_si: 0.0087 L_grad: 0.0000 
Train Epoch: 11 [1184/2648 (45%)] loss: 0.0058 L_si: 0.0058 L_grad: 0.0000 
Train Epoch: 11 [1200/2648 (45%)] loss: 0.0083 L_si: 0.0083 L_grad: 0.0000 
Train Epoch: 11 [1216/2648 (46%)] loss: 0.0079 L_si: 0.0079 L_grad: 0.0000 
Train Epoch: 11 [1232/2648 (47%)] loss: 0.0079 L_si: 0.0079 L_grad: 0.0000 
Train Epoch: 11 [1248/2648 (47%)] loss: 0.0054 L_si: 0.0054 L_grad: 0.0000 
Train Epoch: 11 [1264/2648 (48%)] loss: 0.0060 L_si: 0.0060 L_grad: 0.0000 
Train Epoch: 11 [1280/2648 (48%)] loss: 0.0078 L_si: 0.0078 L_grad: 0.0000 
Train Epoch: 11 [1296/2648 (49%)] loss: 0.0083 L_si: 0.0083 L_grad: 0.0000 
Train Epoch: 11 [1312/2648 (50%)] loss: 0.0077 L_si: 0.0077 L_grad: 0.0000 
Train Epoch: 11 [1328/2648 (50%)] loss: 0.0064 L_si: 0.0064 L_grad: 0.0000 
Train Epoch: 11 [1344/2648 (51%)] loss: 0.0073 L_si: 0.0073 L_grad: 0.0000 
Train Epoch: 11 [1360/2648 (51%)] loss: 0.0070 L_si: 0.0070 L_grad: 0.0000 
[W CudaIPCTypes.cpp:92] Producer process tried to deallocate over 1000 memory blocks referred by consumer processes. Deallocation might be significantly slowed down. We assume it will never going to be the case, but if it is, please file but to https://github.com/pytorch/pytorch
Train Epoch: 11 [1376/2648 (52%)] loss: 0.0084 L_si: 0.0084 L_grad: 0.0000 
[W CudaIPCTypes.cpp:92] Producer process tried to deallocate over 1000 memory blocks referred by consumer processes. Deallocation might be significantly slowed down. We assume it will never going to be the case, but if it is, please file but to https://github.com/pytorch/pytorch
Train Epoch: 11 [1392/2648 (53%)] loss: 0.0073 L_si: 0.0073 L_grad: 0.0000 
Train Epoch: 11 [1408/2648 (53%)] loss: 0.0080 L_si: 0.0080 L_grad: 0.0000 
Train Epoch: 11 [1424/2648 (54%)] loss: 0.0075 L_si: 0.0075 L_grad: 0.0000 
Train Epoch: 11 [1440/2648 (54%)] loss: 0.0079 L_si: 0.0079 L_grad: 0.0000 
Train Epoch: 11 [1456/2648 (55%)] loss: 0.0080 L_si: 0.0080 L_grad: 0.0000 
Train Epoch: 11 [1472/2648 (56%)] loss: 0.0073 L_si: 0.0073 L_grad: 0.0000 
Train Epoch: 11 [1488/2648 (56%)] loss: 0.0065 L_si: 0.0065 L_grad: 0.0000 
Train Epoch: 11 [1504/2648 (57%)] loss: 0.0081 L_si: 0.0081 L_grad: 0.0000 
Train Epoch: 11 [1520/2648 (57%)] loss: 0.0073 L_si: 0.0073 L_grad: 0.0000 
Train Epoch: 11 [1536/2648 (58%)] loss: 0.0071 L_si: 0.0071 L_grad: 0.0000 
Train Epoch: 11 [1552/2648 (59%)] loss: 0.0081 L_si: 0.0081 L_grad: 0.0000 
Train Epoch: 11 [1568/2648 (59%)] loss: 0.0078 L_si: 0.0078 L_grad: 0.0000 
Train Epoch: 11 [1584/2648 (60%)] loss: 0.0077 L_si: 0.0077 L_grad: 0.0000 
Train Epoch: 11 [1600/2648 (60%)] loss: 0.0076 L_si: 0.0076 L_grad: 0.0000 
Train Epoch: 11 [1616/2648 (61%)] loss: 0.0078 L_si: 0.0078 L_grad: 0.0000 
[W CudaIPCTypes.cpp:92] Producer process tried to deallocate over 1000 memory blocks referred by consumer processes. Deallocation might be significantly slowed down. We assume it will never going to be the case, but if it is, please file but to https://github.com/pytorch/pytorch
Train Epoch: 11 [1632/2648 (62%)] loss: 0.0082 L_si: 0.0082 L_grad: 0.0000 
Train Epoch: 11 [1648/2648 (62%)] loss: 0.0066 L_si: 0.0066 L_grad: 0.0000 
Train Epoch: 11 [1664/2648 (63%)] loss: 0.0066 L_si: 0.0066 L_grad: 0.0000 
Train Epoch: 11 [1680/2648 (63%)] loss: 0.0065 L_si: 0.0065 L_grad: 0.0000 
[W CudaIPCTypes.cpp:92] Producer process tried to deallocate over 1000 memory blocks referred by consumer processes. Deallocation might be significantly slowed down. We assume it will never going to be the case, but if it is, please file but to https://github.com/pytorch/pytorch
Train Epoch: 11 [1696/2648 (64%)] loss: 0.0072 L_si: 0.0072 L_grad: 0.0000 
Train Epoch: 11 [1712/2648 (65%)] loss: 0.0074 L_si: 0.0074 L_grad: 0.0000 
Train Epoch: 11 [1728/2648 (65%)] loss: 0.0077 L_si: 0.0077 L_grad: 0.0000 
Train Epoch: 11 [1744/2648 (66%)] loss: 0.0078 L_si: 0.0078 L_grad: 0.0000 
Train Epoch: 11 [1760/2648 (66%)] loss: 0.0077 L_si: 0.0077 L_grad: 0.0000 
Train Epoch: 11 [1776/2648 (67%)] loss: 0.0070 L_si: 0.0070 L_grad: 0.0000 
Train Epoch: 11 [1792/2648 (68%)] loss: 0.0072 L_si: 0.0072 L_grad: 0.0000 
Train Epoch: 11 [1808/2648 (68%)] loss: 0.0079 L_si: 0.0079 L_grad: 0.0000 
Train Epoch: 11 [1824/2648 (69%)] loss: 0.0080 L_si: 0.0080 L_grad: 0.0000 
Train Epoch: 11 [1840/2648 (69%)] loss: 0.0070 L_si: 0.0070 L_grad: 0.0000 
Train Epoch: 11 [1856/2648 (70%)] loss: 0.0080 L_si: 0.0080 L_grad: 0.0000 
Train Epoch: 11 [1872/2648 (71%)] loss: 0.0086 L_si: 0.0086 L_grad: 0.0000 
Train Epoch: 11 [1888/2648 (71%)] loss: 0.0084 L_si: 0.0084 L_grad: 0.0000 
Train Epoch: 11 [1904/2648 (72%)] loss: 0.0069 L_si: 0.0069 L_grad: 0.0000 
Train Epoch: 11 [1920/2648 (73%)] loss: 0.0064 L_si: 0.0064 L_grad: 0.0000 
Train Epoch: 11 [1936/2648 (73%)] loss: 0.0064 L_si: 0.0064 L_grad: 0.0000 
Train Epoch: 11 [1952/2648 (74%)] loss: 0.0065 L_si: 0.0065 L_grad: 0.0000 
Train Epoch: 11 [1968/2648 (74%)] loss: 0.0066 L_si: 0.0066 L_grad: 0.0000 
Train Epoch: 11 [1984/2648 (75%)] loss: 0.0078 L_si: 0.0078 L_grad: 0.0000 
Train Epoch: 11 [2000/2648 (76%)] loss: 0.0070 L_si: 0.0070 L_grad: 0.0000 
Train Epoch: 11 [2016/2648 (76%)] loss: 0.0071 L_si: 0.0071 L_grad: 0.0000 
Train Epoch: 11 [2032/2648 (77%)] loss: 0.0067 L_si: 0.0067 L_grad: 0.0000 
Train Epoch: 11 [2048/2648 (77%)] loss: 0.0080 L_si: 0.0080 L_grad: 0.0000 
Train Epoch: 11 [2064/2648 (78%)] loss: 0.0072 L_si: 0.0072 L_grad: 0.0000 
Train Epoch: 11 [2080/2648 (79%)] loss: 0.0070 L_si: 0.0070 L_grad: 0.0000 
Train Epoch: 11 [2096/2648 (79%)] loss: 0.0068 L_si: 0.0068 L_grad: 0.0000 
Train Epoch: 11 [2112/2648 (80%)] loss: 0.0080 L_si: 0.0080 L_grad: 0.0000 
Train Epoch: 11 [2128/2648 (80%)] loss: 0.0081 L_si: 0.0081 L_grad: 0.0000 
Train Epoch: 11 [2144/2648 (81%)] loss: 0.0077 L_si: 0.0077 L_grad: 0.0000 
Train Epoch: 11 [2160/2648 (82%)] loss: 0.0081 L_si: 0.0081 L_grad: 0.0000 
Train Epoch: 11 [2176/2648 (82%)] loss: 0.0073 L_si: 0.0073 L_grad: 0.0000 
Train Epoch: 11 [2192/2648 (83%)] loss: 0.0080 L_si: 0.0080 L_grad: 0.0000 
Train Epoch: 11 [2208/2648 (83%)] loss: 0.0081 L_si: 0.0081 L_grad: 0.0000 
Train Epoch: 11 [2224/2648 (84%)] loss: 0.0076 L_si: 0.0076 L_grad: 0.0000 
Train Epoch: 11 [2240/2648 (85%)] loss: 0.0063 L_si: 0.0063 L_grad: 0.0000 
Train Epoch: 11 [2256/2648 (85%)] loss: 0.0081 L_si: 0.0081 L_grad: 0.0000 
Train Epoch: 11 [2272/2648 (86%)] loss: 0.0070 L_si: 0.0070 L_grad: 0.0000 
Train Epoch: 11 [2288/2648 (86%)] loss: 0.0069 L_si: 0.0069 L_grad: 0.0000 
Train Epoch: 11 [2304/2648 (87%)] loss: 0.0072 L_si: 0.0072 L_grad: 0.0000 
Train Epoch: 11 [2320/2648 (88%)] loss: 0.0068 L_si: 0.0068 L_grad: 0.0000 
Train Epoch: 11 [2336/2648 (88%)] loss: 0.0081 L_si: 0.0081 L_grad: 0.0000 
Train Epoch: 11 [2352/2648 (89%)] loss: 0.0071 L_si: 0.0071 L_grad: 0.0000 
Train Epoch: 11 [2368/2648 (89%)] loss: 0.0067 L_si: 0.0067 L_grad: 0.0000 
Train Epoch: 11 [2384/2648 (90%)] loss: 0.0083 L_si: 0.0083 L_grad: 0.0000 
Train Epoch: 11 [2400/2648 (91%)] loss: 0.0082 L_si: 0.0082 L_grad: 0.0000 
Train Epoch: 11 [2416/2648 (91%)] loss: 0.0061 L_si: 0.0061 L_grad: 0.0000 
Train Epoch: 11 [2432/2648 (92%)] loss: 0.0072 L_si: 0.0072 L_grad: 0.0000 
Train Epoch: 11 [2448/2648 (92%)] loss: 0.0071 L_si: 0.0071 L_grad: 0.0000 
Train Epoch: 11 [2464/2648 (93%)] loss: 0.0080 L_si: 0.0080 L_grad: 0.0000 
Train Epoch: 11 [2480/2648 (94%)] loss: 0.0059 L_si: 0.0059 L_grad: 0.0000 
Train Epoch: 11 [2496/2648 (94%)] loss: 0.0081 L_si: 0.0081 L_grad: 0.0000 
Train Epoch: 11 [2512/2648 (95%)] loss: 0.0074 L_si: 0.0074 L_grad: 0.0000 
Train Epoch: 11 [2528/2648 (95%)] loss: 0.0062 L_si: 0.0062 L_grad: 0.0000 
Train Epoch: 11 [2544/2648 (96%)] loss: 0.0071 L_si: 0.0071 L_grad: 0.0000 
Train Epoch: 11 [2560/2648 (97%)] loss: 0.0077 L_si: 0.0077 L_grad: 0.0000 
Train Epoch: 11 [2576/2648 (97%)] loss: 0.0073 L_si: 0.0073 L_grad: 0.0000 
Train Epoch: 11 [2592/2648 (98%)] loss: 0.0071 L_si: 0.0071 L_grad: 0.0000 
Train Epoch: 11 [2608/2648 (98%)] loss: 0.0065 L_si: 0.0065 L_grad: 0.0000 
Train Epoch: 11 [2624/2648 (99%)] loss: 0.0075 L_si: 0.0075 L_grad: 0.0000 
Train Epoch: 11 [2640/2648 (100%)] loss: 0.0067 L_si: 0.0067 L_grad: 0.0000 
[W CudaIPCTypes.cpp:15] Producer process has been terminated before all shared CUDA tensors released. See Note [Sharing CUDA tensors]
/home/yl3836/.conda/envs/mevent/lib/python3.9/site-packages/torchvision/models/_utils.py:208: UserWarning: The parameter 'pretrained' is deprecated since 0.13 and will be removed in 0.15, please use 'weights' instead.
  warnings.warn(
/home/yl3836/.conda/envs/mevent/lib/python3.9/site-packages/torchvision/models/_utils.py:223: UserWarning: Arguments other than a weight enum or `None` for 'weights' are deprecated since 0.13 and will be removed in 0.15. The current behavior is equivalent to passing `weights=VGG16_Weights.IMAGENET1K_V1`. You can also use `weights=VGG16_Weights.DEFAULT` to get the most up-to-date weights.
  warnings.warn(msg)
/home/yl3836/.conda/envs/mevent/lib/python3.9/site-packages/torchvision/models/_utils.py:208: UserWarning: The parameter 'pretrained' is deprecated since 0.13 and will be removed in 0.15, please use 'weights' instead.
  warnings.warn(
/home/yl3836/.conda/envs/mevent/lib/python3.9/site-packages/torchvision/models/_utils.py:223: UserWarning: Arguments other than a weight enum or `None` for 'weights' are deprecated since 0.13 and will be removed in 0.15. The current behavior is equivalent to passing `weights=VGG16_Weights.IMAGENET1K_V1`. You can also use `weights=VGG16_Weights.DEFAULT` to get the most up-to-date weights.
  warnings.warn(msg)
/home/yl3836/.conda/envs/mevent/lib/python3.9/site-packages/torchvision/models/_utils.py:208: UserWarning: The parameter 'pretrained' is deprecated since 0.13 and will be removed in 0.15, please use 'weights' instead.
  warnings.warn(
/home/yl3836/.conda/envs/mevent/lib/python3.9/site-packages/torchvision/models/_utils.py:223: UserWarning: Arguments other than a weight enum or `None` for 'weights' are deprecated since 0.13 and will be removed in 0.15. The current behavior is equivalent to passing `weights=VGG16_Weights.IMAGENET1K_V1`. You can also use `weights=VGG16_Weights.DEFAULT` to get the most up-to-date weights.
  warnings.warn(msg)
/home/yl3836/.conda/envs/mevent/lib/python3.9/site-packages/torchvision/models/_utils.py:208: UserWarning: The parameter 'pretrained' is deprecated since 0.13 and will be removed in 0.15, please use 'weights' instead.
  warnings.warn(
/home/yl3836/.conda/envs/mevent/lib/python3.9/site-packages/torchvision/models/_utils.py:223: UserWarning: Arguments other than a weight enum or `None` for 'weights' are deprecated since 0.13 and will be removed in 0.15. The current behavior is equivalent to passing `weights=VGG16_Weights.IMAGENET1K_V1`. You can also use `weights=VGG16_Weights.DEFAULT` to get the most up-to-date weights.
  warnings.warn(msg)
/home/yl3836/.conda/envs/mevent/lib/python3.9/site-packages/torchvision/models/_utils.py:208: UserWarning: The parameter 'pretrained' is deprecated since 0.13 and will be removed in 0.15, please use 'weights' instead.
  warnings.warn(
/home/yl3836/.conda/envs/mevent/lib/python3.9/site-packages/torchvision/models/_utils.py:223: UserWarning: Arguments other than a weight enum or `None` for 'weights' are deprecated since 0.13 and will be removed in 0.15. The current behavior is equivalent to passing `weights=VGG16_Weights.IMAGENET1K_V1`. You can also use `weights=VGG16_Weights.DEFAULT` to get the most up-to-date weights.
  warnings.warn(msg)
/home/yl3836/.conda/envs/mevent/lib/python3.9/site-packages/torchvision/models/_utils.py:208: UserWarning: The parameter 'pretrained' is deprecated since 0.13 and will be removed in 0.15, please use 'weights' instead.
  warnings.warn(
/home/yl3836/.conda/envs/mevent/lib/python3.9/site-packages/torchvision/models/_utils.py:223: UserWarning: Arguments other than a weight enum or `None` for 'weights' are deprecated since 0.13 and will be removed in 0.15. The current behavior is equivalent to passing `weights=VGG16_Weights.IMAGENET1K_V1`. You can also use `weights=VGG16_Weights.DEFAULT` to get the most up-to-date weights.
  warnings.warn(msg)
/home/yl3836/.conda/envs/mevent/lib/python3.9/site-packages/torchvision/models/_utils.py:208: UserWarning: The parameter 'pretrained' is deprecated since 0.13 and will be removed in 0.15, please use 'weights' instead.
  warnings.warn(
/home/yl3836/.conda/envs/mevent/lib/python3.9/site-packages/torchvision/models/_utils.py:223: UserWarning: Arguments other than a weight enum or `None` for 'weights' are deprecated since 0.13 and will be removed in 0.15. The current behavior is equivalent to passing `weights=VGG16_Weights.IMAGENET1K_V1`. You can also use `weights=VGG16_Weights.DEFAULT` to get the most up-to-date weights.
  warnings.warn(msg)
/home/yl3836/.conda/envs/mevent/lib/python3.9/site-packages/torchvision/models/_utils.py:208: UserWarning: The parameter 'pretrained' is deprecated since 0.13 and will be removed in 0.15, please use 'weights' instead.
  warnings.warn(
/home/yl3836/.conda/envs/mevent/lib/python3.9/site-packages/torchvision/models/_utils.py:223: UserWarning: Arguments other than a weight enum or `None` for 'weights' are deprecated since 0.13 and will be removed in 0.15. The current behavior is equivalent to passing `weights=VGG16_Weights.IMAGENET1K_V1`. You can also use `weights=VGG16_Weights.DEFAULT` to get the most up-to-date weights.
  warnings.warn(msg)
/home/yl3836/.conda/envs/mevent/lib/python3.9/site-packages/torchvision/models/_utils.py:208: UserWarning: The parameter 'pretrained' is deprecated since 0.13 and will be removed in 0.15, please use 'weights' instead.
  warnings.warn(
/home/yl3836/.conda/envs/mevent/lib/python3.9/site-packages/torchvision/models/_utils.py:223: UserWarning: Arguments other than a weight enum or `None` for 'weights' are deprecated since 0.13 and will be removed in 0.15. The current behavior is equivalent to passing `weights=VGG16_Weights.IMAGENET1K_V1`. You can also use `weights=VGG16_Weights.DEFAULT` to get the most up-to-date weights.
  warnings.warn(msg)
/home/yl3836/.conda/envs/mevent/lib/python3.9/site-packages/torchvision/models/_utils.py:208: UserWarning: The parameter 'pretrained' is deprecated since 0.13 and will be removed in 0.15, please use 'weights' instead.
  warnings.warn(
/home/yl3836/.conda/envs/mevent/lib/python3.9/site-packages/torchvision/models/_utils.py:223: UserWarning: Arguments other than a weight enum or `None` for 'weights' are deprecated since 0.13 and will be removed in 0.15. The current behavior is equivalent to passing `weights=VGG16_Weights.IMAGENET1K_V1`. You can also use `weights=VGG16_Weights.DEFAULT` to get the most up-to-date weights.
  warnings.warn(msg)
/home/yl3836/.conda/envs/mevent/lib/python3.9/site-packages/torchvision/models/_utils.py:208: UserWarning: The parameter 'pretrained' is deprecated since 0.13 and will be removed in 0.15, please use 'weights' instead.
  warnings.warn(
/home/yl3836/.conda/envs/mevent/lib/python3.9/site-packages/torchvision/models/_utils.py:223: UserWarning: Arguments other than a weight enum or `None` for 'weights' are deprecated since 0.13 and will be removed in 0.15. The current behavior is equivalent to passing `weights=VGG16_Weights.IMAGENET1K_V1`. You can also use `weights=VGG16_Weights.DEFAULT` to get the most up-to-date weights.
  warnings.warn(msg)
/home/yl3836/.conda/envs/mevent/lib/python3.9/site-packages/torchvision/models/_utils.py:208: UserWarning: The parameter 'pretrained' is deprecated since 0.13 and will be removed in 0.15, please use 'weights' instead.
  warnings.warn(
/home/yl3836/.conda/envs/mevent/lib/python3.9/site-packages/torchvision/models/_utils.py:223: UserWarning: Arguments other than a weight enum or `None` for 'weights' are deprecated since 0.13 and will be removed in 0.15. The current behavior is equivalent to passing `weights=VGG16_Weights.IMAGENET1K_V1`. You can also use `weights=VGG16_Weights.DEFAULT` to get the most up-to-date weights.
  warnings.warn(msg)
/home/yl3836/.conda/envs/mevent/lib/python3.9/site-packages/torchvision/models/_utils.py:208: UserWarning: The parameter 'pretrained' is deprecated since 0.13 and will be removed in 0.15, please use 'weights' instead.
  warnings.warn(
/home/yl3836/.conda/envs/mevent/lib/python3.9/site-packages/torchvision/models/_utils.py:223: UserWarning: Arguments other than a weight enum or `None` for 'weights' are deprecated since 0.13 and will be removed in 0.15. The current behavior is equivalent to passing `weights=VGG16_Weights.IMAGENET1K_V1`. You can also use `weights=VGG16_Weights.DEFAULT` to get the most up-to-date weights.
  warnings.warn(msg)
/home/yl3836/.conda/envs/mevent/lib/python3.9/site-packages/torchvision/models/_utils.py:208: UserWarning: The parameter 'pretrained' is deprecated since 0.13 and will be removed in 0.15, please use 'weights' instead.
  warnings.warn(
/home/yl3836/.conda/envs/mevent/lib/python3.9/site-packages/torchvision/models/_utils.py:223: UserWarning: Arguments other than a weight enum or `None` for 'weights' are deprecated since 0.13 and will be removed in 0.15. The current behavior is equivalent to passing `weights=VGG16_Weights.IMAGENET1K_V1`. You can also use `weights=VGG16_Weights.DEFAULT` to get the most up-to-date weights.
  warnings.warn(msg)
Validation: [0/888 (0%)]
Validation: [16/888 (2%)]
Validation: [32/888 (4%)]
Validation: [48/888 (5%)]
Validation: [64/888 (7%)]
Validation: [80/888 (9%)]
Validation: [96/888 (11%)]
Validation: [112/888 (13%)]
Validation: [128/888 (14%)]
Validation: [144/888 (16%)]
Validation: [160/888 (18%)]
Validation: [176/888 (20%)]
Validation: [192/888 (22%)]
Validation: [208/888 (23%)]
Validation: [224/888 (25%)]
Validation: [240/888 (27%)]
Validation: [256/888 (29%)]
Validation: [272/888 (31%)]
Validation: [288/888 (32%)]
Validation: [304/888 (34%)]
Validation: [320/888 (36%)]
Validation: [336/888 (38%)]
Validation: [352/888 (40%)]
Validation: [368/888 (41%)]
Validation: [384/888 (43%)]
Validation: [400/888 (45%)]
Validation: [416/888 (47%)]
Validation: [432/888 (49%)]
Validation: [448/888 (50%)]
Validation: [464/888 (52%)]
Validation: [480/888 (54%)]
Validation: [496/888 (56%)]
Validation: [512/888 (58%)]
Validation: [528/888 (59%)]
Validation: [544/888 (61%)]
Validation: [560/888 (63%)]
Validation: [576/888 (65%)]
Validation: [592/888 (67%)]
Validation: [608/888 (68%)]
Validation: [624/888 (70%)]
Validation: [640/888 (72%)]
Validation: [656/888 (74%)]
Validation: [672/888 (76%)]
Validation: [688/888 (77%)]
Validation: [704/888 (79%)]
Validation: [720/888 (81%)]
Validation: [736/888 (83%)]
Validation: [752/888 (85%)]
Validation: [768/888 (86%)]
Validation: [784/888 (88%)]
Validation: [800/888 (90%)]
Validation: [816/888 (92%)]
Validation: [832/888 (94%)]
Validation: [848/888 (95%)]
Validation: [864/888 (97%)]
Validation: [880/888 (99%)]
[W CudaIPCTypes.cpp:15] Producer process has been terminated before all shared CUDA tensors released. See Note [Sharing CUDA tensors]
/home/yl3836/.conda/envs/mevent/lib/python3.9/site-packages/torchvision/models/_utils.py:208: UserWarning: The parameter 'pretrained' is deprecated since 0.13 and will be removed in 0.15, please use 'weights' instead.
  warnings.warn(
/home/yl3836/.conda/envs/mevent/lib/python3.9/site-packages/torchvision/models/_utils.py:223: UserWarning: Arguments other than a weight enum or `None` for 'weights' are deprecated since 0.13 and will be removed in 0.15. The current behavior is equivalent to passing `weights=VGG16_Weights.IMAGENET1K_V1`. You can also use `weights=VGG16_Weights.DEFAULT` to get the most up-to-date weights.
  warnings.warn(msg)
/home/yl3836/.conda/envs/mevent/lib/python3.9/site-packages/torchvision/models/_utils.py:208: UserWarning: The parameter 'pretrained' is deprecated since 0.13 and will be removed in 0.15, please use 'weights' instead.
  warnings.warn(
/home/yl3836/.conda/envs/mevent/lib/python3.9/site-packages/torchvision/models/_utils.py:223: UserWarning: Arguments other than a weight enum or `None` for 'weights' are deprecated since 0.13 and will be removed in 0.15. The current behavior is equivalent to passing `weights=VGG16_Weights.IMAGENET1K_V1`. You can also use `weights=VGG16_Weights.DEFAULT` to get the most up-to-date weights.
  warnings.warn(msg)
/home/yl3836/.conda/envs/mevent/lib/python3.9/site-packages/torchvision/models/_utils.py:208: UserWarning: The parameter 'pretrained' is deprecated since 0.13 and will be removed in 0.15, please use 'weights' instead.
  warnings.warn(
/home/yl3836/.conda/envs/mevent/lib/python3.9/site-packages/torchvision/models/_utils.py:223: UserWarning: Arguments other than a weight enum or `None` for 'weights' are deprecated since 0.13 and will be removed in 0.15. The current behavior is equivalent to passing `weights=VGG16_Weights.IMAGENET1K_V1`. You can also use `weights=VGG16_Weights.DEFAULT` to get the most up-to-date weights.
  warnings.warn(msg)
/home/yl3836/.conda/envs/mevent/lib/python3.9/site-packages/torchvision/models/_utils.py:208: UserWarning: The parameter 'pretrained' is deprecated since 0.13 and will be removed in 0.15, please use 'weights' instead.
  warnings.warn(
/home/yl3836/.conda/envs/mevent/lib/python3.9/site-packages/torchvision/models/_utils.py:223: UserWarning: Arguments other than a weight enum or `None` for 'weights' are deprecated since 0.13 and will be removed in 0.15. The current behavior is equivalent to passing `weights=VGG16_Weights.IMAGENET1K_V1`. You can also use `weights=VGG16_Weights.DEFAULT` to get the most up-to-date weights.
  warnings.warn(msg)
/home/yl3836/.conda/envs/mevent/lib/python3.9/site-packages/torchvision/models/_utils.py:208: UserWarning: The parameter 'pretrained' is deprecated since 0.13 and will be removed in 0.15, please use 'weights' instead.
  warnings.warn(
/home/yl3836/.conda/envs/mevent/lib/python3.9/site-packages/torchvision/models/_utils.py:223: UserWarning: Arguments other than a weight enum or `None` for 'weights' are deprecated since 0.13 and will be removed in 0.15. The current behavior is equivalent to passing `weights=VGG16_Weights.IMAGENET1K_V1`. You can also use `weights=VGG16_Weights.DEFAULT` to get the most up-to-date weights.
  warnings.warn(msg)
/home/yl3836/.conda/envs/mevent/lib/python3.9/site-packages/torchvision/models/_utils.py:208: UserWarning: The parameter 'pretrained' is deprecated since 0.13 and will be removed in 0.15, please use 'weights' instead.
  warnings.warn(
/home/yl3836/.conda/envs/mevent/lib/python3.9/site-packages/torchvision/models/_utils.py:223: UserWarning: Arguments other than a weight enum or `None` for 'weights' are deprecated since 0.13 and will be removed in 0.15. The current behavior is equivalent to passing `weights=VGG16_Weights.IMAGENET1K_V1`. You can also use `weights=VGG16_Weights.DEFAULT` to get the most up-to-date weights.
  warnings.warn(msg)
/home/yl3836/.conda/envs/mevent/lib/python3.9/site-packages/torchvision/models/_utils.py:208: UserWarning: The parameter 'pretrained' is deprecated since 0.13 and will be removed in 0.15, please use 'weights' instead.
  warnings.warn(
/home/yl3836/.conda/envs/mevent/lib/python3.9/site-packages/torchvision/models/_utils.py:223: UserWarning: Arguments other than a weight enum or `None` for 'weights' are deprecated since 0.13 and will be removed in 0.15. The current behavior is equivalent to passing `weights=VGG16_Weights.IMAGENET1K_V1`. You can also use `weights=VGG16_Weights.DEFAULT` to get the most up-to-date weights.
  warnings.warn(msg)
/home/yl3836/.conda/envs/mevent/lib/python3.9/site-packages/torchvision/models/_utils.py:208: UserWarning: The parameter 'pretrained' is deprecated since 0.13 and will be removed in 0.15, please use 'weights' instead.
  warnings.warn(
/home/yl3836/.conda/envs/mevent/lib/python3.9/site-packages/torchvision/models/_utils.py:223: UserWarning: Arguments other than a weight enum or `None` for 'weights' are deprecated since 0.13 and will be removed in 0.15. The current behavior is equivalent to passing `weights=VGG16_Weights.IMAGENET1K_V1`. You can also use `weights=VGG16_Weights.DEFAULT` to get the most up-to-date weights.
  warnings.warn(msg)
/home/yl3836/.conda/envs/mevent/lib/python3.9/site-packages/torchvision/models/_utils.py:208: UserWarning: The parameter 'pretrained' is deprecated since 0.13 and will be removed in 0.15, please use 'weights' instead.
  warnings.warn(
/home/yl3836/.conda/envs/mevent/lib/python3.9/site-packages/torchvision/models/_utils.py:223: UserWarning: Arguments other than a weight enum or `None` for 'weights' are deprecated since 0.13 and will be removed in 0.15. The current behavior is equivalent to passing `weights=VGG16_Weights.IMAGENET1K_V1`. You can also use `weights=VGG16_Weights.DEFAULT` to get the most up-to-date weights.
  warnings.warn(msg)
/home/yl3836/.conda/envs/mevent/lib/python3.9/site-packages/torchvision/models/_utils.py:208: UserWarning: The parameter 'pretrained' is deprecated since 0.13 and will be removed in 0.15, please use 'weights' instead.
  warnings.warn(
/home/yl3836/.conda/envs/mevent/lib/python3.9/site-packages/torchvision/models/_utils.py:223: UserWarning: Arguments other than a weight enum or `None` for 'weights' are deprecated since 0.13 and will be removed in 0.15. The current behavior is equivalent to passing `weights=VGG16_Weights.IMAGENET1K_V1`. You can also use `weights=VGG16_Weights.DEFAULT` to get the most up-to-date weights.
  warnings.warn(msg)
/home/yl3836/.conda/envs/mevent/lib/python3.9/site-packages/torchvision/models/_utils.py:208: UserWarning: The parameter 'pretrained' is deprecated since 0.13 and will be removed in 0.15, please use 'weights' instead.
  warnings.warn(
/home/yl3836/.conda/envs/mevent/lib/python3.9/site-packages/torchvision/models/_utils.py:223: UserWarning: Arguments other than a weight enum or `None` for 'weights' are deprecated since 0.13 and will be removed in 0.15. The current behavior is equivalent to passing `weights=VGG16_Weights.IMAGENET1K_V1`. You can also use `weights=VGG16_Weights.DEFAULT` to get the most up-to-date weights.
  warnings.warn(msg)
/home/yl3836/.conda/envs/mevent/lib/python3.9/site-packages/torchvision/models/_utils.py:208: UserWarning: The parameter 'pretrained' is deprecated since 0.13 and will be removed in 0.15, please use 'weights' instead.
  warnings.warn(
/home/yl3836/.conda/envs/mevent/lib/python3.9/site-packages/torchvision/models/_utils.py:223: UserWarning: Arguments other than a weight enum or `None` for 'weights' are deprecated since 0.13 and will be removed in 0.15. The current behavior is equivalent to passing `weights=VGG16_Weights.IMAGENET1K_V1`. You can also use `weights=VGG16_Weights.DEFAULT` to get the most up-to-date weights.
  warnings.warn(msg)
/home/yl3836/.conda/envs/mevent/lib/python3.9/site-packages/torchvision/models/_utils.py:208: UserWarning: The parameter 'pretrained' is deprecated since 0.13 and will be removed in 0.15, please use 'weights' instead.
  warnings.warn(
/home/yl3836/.conda/envs/mevent/lib/python3.9/site-packages/torchvision/models/_utils.py:223: UserWarning: Arguments other than a weight enum or `None` for 'weights' are deprecated since 0.13 and will be removed in 0.15. The current behavior is equivalent to passing `weights=VGG16_Weights.IMAGENET1K_V1`. You can also use `weights=VGG16_Weights.DEFAULT` to get the most up-to-date weights.
  warnings.warn(msg)
/home/yl3836/.conda/envs/mevent/lib/python3.9/site-packages/torchvision/models/_utils.py:208: UserWarning: The parameter 'pretrained' is deprecated since 0.13 and will be removed in 0.15, please use 'weights' instead.
  warnings.warn(
/home/yl3836/.conda/envs/mevent/lib/python3.9/site-packages/torchvision/models/_utils.py:223: UserWarning: Arguments other than a weight enum or `None` for 'weights' are deprecated since 0.13 and will be removed in 0.15. The current behavior is equivalent to passing `weights=VGG16_Weights.IMAGENET1K_V1`. You can also use `weights=VGG16_Weights.DEFAULT` to get the most up-to-date weights.
  warnings.warn(msg)
Train Epoch: 12 [0/2648 (0%)] loss: 0.0072 L_si: 0.0072 L_grad: 0.0000 
Train Epoch: 12 [16/2648 (1%)] loss: 0.0073 L_si: 0.0073 L_grad: 0.0000 
Train Epoch: 12 [32/2648 (1%)] loss: 0.0074 L_si: 0.0074 L_grad: 0.0000 
Train Epoch: 12 [48/2648 (2%)] loss: 0.0069 L_si: 0.0069 L_grad: 0.0000 
[W CudaIPCTypes.cpp:92] Producer process tried to deallocate over 1000 memory blocks referred by consumer processes. Deallocation might be significantly slowed down. We assume it will never going to be the case, but if it is, please file but to https://github.com/pytorch/pytorch
Train Epoch: 12 [64/2648 (2%)] loss: 0.0063 L_si: 0.0063 L_grad: 0.0000 
Train Epoch: 12 [80/2648 (3%)] loss: 0.0086 L_si: 0.0086 L_grad: 0.0000 
Train Epoch: 12 [96/2648 (4%)] loss: 0.0074 L_si: 0.0074 L_grad: 0.0000 
Train Epoch: 12 [112/2648 (4%)] loss: 0.0066 L_si: 0.0066 L_grad: 0.0000 
Train Epoch: 12 [128/2648 (5%)] loss: 0.0079 L_si: 0.0079 L_grad: 0.0000 
Train Epoch: 12 [144/2648 (5%)] loss: 0.0068 L_si: 0.0068 L_grad: 0.0000 
Train Epoch: 12 [160/2648 (6%)] loss: 0.0079 L_si: 0.0079 L_grad: 0.0000 
Train Epoch: 12 [176/2648 (7%)] loss: 0.0071 L_si: 0.0071 L_grad: 0.0000 
Train Epoch: 12 [192/2648 (7%)] loss: 0.0080 L_si: 0.0080 L_grad: 0.0000 
Train Epoch: 12 [208/2648 (8%)] loss: 0.0055 L_si: 0.0055 L_grad: 0.0000 
Train Epoch: 12 [224/2648 (8%)] loss: 0.0081 L_si: 0.0081 L_grad: 0.0000 
Train Epoch: 12 [240/2648 (9%)] loss: 0.0072 L_si: 0.0072 L_grad: 0.0000 
Train Epoch: 12 [256/2648 (10%)] loss: 0.0067 L_si: 0.0067 L_grad: 0.0000 
Train Epoch: 12 [272/2648 (10%)] loss: 0.0063 L_si: 0.0063 L_grad: 0.0000 
Train Epoch: 12 [288/2648 (11%)] loss: 0.0078 L_si: 0.0078 L_grad: 0.0000 
Train Epoch: 12 [304/2648 (11%)] loss: 0.0061 L_si: 0.0061 L_grad: 0.0000 
Train Epoch: 12 [320/2648 (12%)] loss: 0.0066 L_si: 0.0066 L_grad: 0.0000 
Train Epoch: 12 [336/2648 (13%)] loss: 0.0065 L_si: 0.0065 L_grad: 0.0000 
Train Epoch: 12 [352/2648 (13%)] loss: 0.0063 L_si: 0.0063 L_grad: 0.0000 
Train Epoch: 12 [368/2648 (14%)] loss: 0.0078 L_si: 0.0078 L_grad: 0.0000 
Train Epoch: 12 [384/2648 (15%)] loss: 0.0075 L_si: 0.0075 L_grad: 0.0000 
Train Epoch: 12 [400/2648 (15%)] loss: 0.0079 L_si: 0.0079 L_grad: 0.0000 
Train Epoch: 12 [416/2648 (16%)] loss: 0.0081 L_si: 0.0081 L_grad: 0.0000 
Train Epoch: 12 [432/2648 (16%)] loss: 0.0064 L_si: 0.0064 L_grad: 0.0000 
Train Epoch: 12 [448/2648 (17%)] loss: 0.0078 L_si: 0.0078 L_grad: 0.0000 
Train Epoch: 12 [464/2648 (18%)] loss: 0.0076 L_si: 0.0076 L_grad: 0.0000 
Train Epoch: 12 [480/2648 (18%)] loss: 0.0075 L_si: 0.0075 L_grad: 0.0000 
Train Epoch: 12 [496/2648 (19%)] loss: 0.0073 L_si: 0.0073 L_grad: 0.0000 
Train Epoch: 12 [512/2648 (19%)] loss: 0.0069 L_si: 0.0069 L_grad: 0.0000 
Train Epoch: 12 [528/2648 (20%)] loss: 0.0067 L_si: 0.0067 L_grad: 0.0000 
Train Epoch: 12 [544/2648 (21%)] loss: 0.0076 L_si: 0.0076 L_grad: 0.0000 
Train Epoch: 12 [560/2648 (21%)] loss: 0.0069 L_si: 0.0069 L_grad: 0.0000 
Train Epoch: 12 [576/2648 (22%)] loss: 0.0076 L_si: 0.0076 L_grad: 0.0000 
Train Epoch: 12 [592/2648 (22%)] loss: 0.0056 L_si: 0.0056 L_grad: 0.0000 
Train Epoch: 12 [608/2648 (23%)] loss: 0.0067 L_si: 0.0067 L_grad: 0.0000 
Train Epoch: 12 [624/2648 (24%)] loss: 0.0084 L_si: 0.0084 L_grad: 0.0000 
Train Epoch: 12 [640/2648 (24%)] loss: 0.0077 L_si: 0.0077 L_grad: 0.0000 
Train Epoch: 12 [656/2648 (25%)] loss: 0.0061 L_si: 0.0061 L_grad: 0.0000 
Train Epoch: 12 [672/2648 (25%)] loss: 0.0074 L_si: 0.0074 L_grad: 0.0000 
Train Epoch: 12 [688/2648 (26%)] loss: 0.0068 L_si: 0.0068 L_grad: 0.0000 
Train Epoch: 12 [704/2648 (27%)] loss: 0.0076 L_si: 0.0076 L_grad: 0.0000 
Train Epoch: 12 [720/2648 (27%)] loss: 0.0070 L_si: 0.0070 L_grad: 0.0000 
Train Epoch: 12 [736/2648 (28%)] loss: 0.0080 L_si: 0.0080 L_grad: 0.0000 
Train Epoch: 12 [752/2648 (28%)] loss: 0.0076 L_si: 0.0076 L_grad: 0.0000 
Train Epoch: 12 [768/2648 (29%)] loss: 0.0063 L_si: 0.0063 L_grad: 0.0000 
Train Epoch: 12 [784/2648 (30%)] loss: 0.0076 L_si: 0.0076 L_grad: 0.0000 
Train Epoch: 12 [800/2648 (30%)] loss: 0.0077 L_si: 0.0077 L_grad: 0.0000 
Train Epoch: 12 [816/2648 (31%)] loss: 0.0075 L_si: 0.0075 L_grad: 0.0000 
Train Epoch: 12 [832/2648 (31%)] loss: 0.0061 L_si: 0.0061 L_grad: 0.0000 
Train Epoch: 12 [848/2648 (32%)] loss: 0.0077 L_si: 0.0077 L_grad: 0.0000 
Train Epoch: 12 [864/2648 (33%)] loss: 0.0052 L_si: 0.0052 L_grad: 0.0000 
Train Epoch: 12 [880/2648 (33%)] loss: 0.0075 L_si: 0.0075 L_grad: 0.0000 
Train Epoch: 12 [896/2648 (34%)] loss: 0.0065 L_si: 0.0065 L_grad: 0.0000 
Train Epoch: 12 [912/2648 (34%)] loss: 0.0080 L_si: 0.0080 L_grad: 0.0000 
Train Epoch: 12 [928/2648 (35%)] loss: 0.0071 L_si: 0.0071 L_grad: 0.0000 
Train Epoch: 12 [944/2648 (36%)] loss: 0.0078 L_si: 0.0078 L_grad: 0.0000 
Train Epoch: 12 [960/2648 (36%)] loss: 0.0072 L_si: 0.0072 L_grad: 0.0000 
Train Epoch: 12 [976/2648 (37%)] loss: 0.0064 L_si: 0.0064 L_grad: 0.0000 
Train Epoch: 12 [992/2648 (37%)] loss: 0.0064 L_si: 0.0064 L_grad: 0.0000 
Train Epoch: 12 [1008/2648 (38%)] loss: 0.0078 L_si: 0.0078 L_grad: 0.0000 
Train Epoch: 12 [1024/2648 (39%)] loss: 0.0061 L_si: 0.0061 L_grad: 0.0000 
[W CudaIPCTypes.cpp:92] Producer process tried to deallocate over 1000 memory blocks referred by consumer processes. Deallocation might be significantly slowed down. We assume it will never going to be the case, but if it is, please file but to https://github.com/pytorch/pytorch
Train Epoch: 12 [1040/2648 (39%)] loss: 0.0078 L_si: 0.0078 L_grad: 0.0000 
[W CudaIPCTypes.cpp:92] Producer process tried to deallocate over 1000 memory blocks referred by consumer processes. Deallocation might be significantly slowed down. We assume it will never going to be the case, but if it is, please file but to https://github.com/pytorch/pytorch
Train Epoch: 12 [1056/2648 (40%)] loss: 0.0076 L_si: 0.0076 L_grad: 0.0000 
Train Epoch: 12 [1072/2648 (40%)] loss: 0.0072 L_si: 0.0072 L_grad: 0.0000 
Train Epoch: 12 [1088/2648 (41%)] loss: 0.0080 L_si: 0.0080 L_grad: 0.0000 
Train Epoch: 12 [1104/2648 (42%)] loss: 0.0067 L_si: 0.0067 L_grad: 0.0000 
Train Epoch: 12 [1120/2648 (42%)] loss: 0.0061 L_si: 0.0061 L_grad: 0.0000 
Train Epoch: 12 [1136/2648 (43%)] loss: 0.0063 L_si: 0.0063 L_grad: 0.0000 
Train Epoch: 12 [1152/2648 (44%)] loss: 0.0065 L_si: 0.0065 L_grad: 0.0000 
Train Epoch: 12 [1168/2648 (44%)] loss: 0.0078 L_si: 0.0078 L_grad: 0.0000 
Train Epoch: 12 [1184/2648 (45%)] loss: 0.0067 L_si: 0.0067 L_grad: 0.0000 
Train Epoch: 12 [1200/2648 (45%)] loss: 0.0088 L_si: 0.0088 L_grad: 0.0000 
Train Epoch: 12 [1216/2648 (46%)] loss: 0.0067 L_si: 0.0067 L_grad: 0.0000 
Train Epoch: 12 [1232/2648 (47%)] loss: 0.0071 L_si: 0.0071 L_grad: 0.0000 
Train Epoch: 12 [1248/2648 (47%)] loss: 0.0069 L_si: 0.0069 L_grad: 0.0000 
Train Epoch: 12 [1264/2648 (48%)] loss: 0.0076 L_si: 0.0076 L_grad: 0.0000 
Train Epoch: 12 [1280/2648 (48%)] loss: 0.0071 L_si: 0.0071 L_grad: 0.0000 
Train Epoch: 12 [1296/2648 (49%)] loss: 0.0082 L_si: 0.0082 L_grad: 0.0000 
Train Epoch: 12 [1312/2648 (50%)] loss: 0.0086 L_si: 0.0086 L_grad: 0.0000 
Train Epoch: 12 [1328/2648 (50%)] loss: 0.0071 L_si: 0.0071 L_grad: 0.0000 
Train Epoch: 12 [1344/2648 (51%)] loss: 0.0063 L_si: 0.0063 L_grad: 0.0000 
Train Epoch: 12 [1360/2648 (51%)] loss: 0.0065 L_si: 0.0065 L_grad: 0.0000 
Train Epoch: 12 [1376/2648 (52%)] loss: 0.0076 L_si: 0.0076 L_grad: 0.0000 
Train Epoch: 12 [1392/2648 (53%)] loss: 0.0070 L_si: 0.0070 L_grad: 0.0000 
Train Epoch: 12 [1408/2648 (53%)] loss: 0.0058 L_si: 0.0058 L_grad: 0.0000 
Train Epoch: 12 [1424/2648 (54%)] loss: 0.0071 L_si: 0.0071 L_grad: 0.0000 
Train Epoch: 12 [1440/2648 (54%)] loss: 0.0081 L_si: 0.0081 L_grad: 0.0000 
Train Epoch: 12 [1456/2648 (55%)] loss: 0.0075 L_si: 0.0075 L_grad: 0.0000 
Train Epoch: 12 [1472/2648 (56%)] loss: 0.0066 L_si: 0.0066 L_grad: 0.0000 
Train Epoch: 12 [1488/2648 (56%)] loss: 0.0071 L_si: 0.0071 L_grad: 0.0000 
Train Epoch: 12 [1504/2648 (57%)] loss: 0.0077 L_si: 0.0077 L_grad: 0.0000 
Train Epoch: 12 [1520/2648 (57%)] loss: 0.0069 L_si: 0.0069 L_grad: 0.0000 
Train Epoch: 12 [1536/2648 (58%)] loss: 0.0072 L_si: 0.0072 L_grad: 0.0000 
Train Epoch: 12 [1552/2648 (59%)] loss: 0.0082 L_si: 0.0082 L_grad: 0.0000 
Train Epoch: 12 [1568/2648 (59%)] loss: 0.0075 L_si: 0.0075 L_grad: 0.0000 
Train Epoch: 12 [1584/2648 (60%)] loss: 0.0073 L_si: 0.0073 L_grad: 0.0000 
Train Epoch: 12 [1600/2648 (60%)] loss: 0.0076 L_si: 0.0076 L_grad: 0.0000 
Train Epoch: 12 [1616/2648 (61%)] loss: 0.0077 L_si: 0.0077 L_grad: 0.0000 
Train Epoch: 12 [1632/2648 (62%)] loss: 0.0072 L_si: 0.0072 L_grad: 0.0000 
Train Epoch: 12 [1648/2648 (62%)] loss: 0.0082 L_si: 0.0082 L_grad: 0.0000 
Train Epoch: 12 [1664/2648 (63%)] loss: 0.0062 L_si: 0.0062 L_grad: 0.0000 
Train Epoch: 12 [1680/2648 (63%)] loss: 0.0065 L_si: 0.0065 L_grad: 0.0000 
Train Epoch: 12 [1696/2648 (64%)] loss: 0.0079 L_si: 0.0079 L_grad: 0.0000 
Train Epoch: 12 [1712/2648 (65%)] loss: 0.0080 L_si: 0.0080 L_grad: 0.0000 
Train Epoch: 12 [1728/2648 (65%)] loss: 0.0075 L_si: 0.0075 L_grad: 0.0000 
Train Epoch: 12 [1744/2648 (66%)] loss: 0.0070 L_si: 0.0070 L_grad: 0.0000 
Train Epoch: 12 [1760/2648 (66%)] loss: 0.0077 L_si: 0.0077 L_grad: 0.0000 
Train Epoch: 12 [1776/2648 (67%)] loss: 0.0068 L_si: 0.0068 L_grad: 0.0000 
Train Epoch: 12 [1792/2648 (68%)] loss: 0.0072 L_si: 0.0072 L_grad: 0.0000 
Train Epoch: 12 [1808/2648 (68%)] loss: 0.0077 L_si: 0.0077 L_grad: 0.0000 
Train Epoch: 12 [1824/2648 (69%)] loss: 0.0066 L_si: 0.0066 L_grad: 0.0000 
Train Epoch: 12 [1840/2648 (69%)] loss: 0.0073 L_si: 0.0073 L_grad: 0.0000 
Train Epoch: 12 [1856/2648 (70%)] loss: 0.0074 L_si: 0.0074 L_grad: 0.0000 
Train Epoch: 12 [1872/2648 (71%)] loss: 0.0056 L_si: 0.0056 L_grad: 0.0000 
Train Epoch: 12 [1888/2648 (71%)] loss: 0.0079 L_si: 0.0079 L_grad: 0.0000 
Train Epoch: 12 [1904/2648 (72%)] loss: 0.0068 L_si: 0.0068 L_grad: 0.0000 
Train Epoch: 12 [1920/2648 (73%)] loss: 0.0077 L_si: 0.0077 L_grad: 0.0000 
Train Epoch: 12 [1936/2648 (73%)] loss: 0.0075 L_si: 0.0075 L_grad: 0.0000 
Train Epoch: 12 [1952/2648 (74%)] loss: 0.0081 L_si: 0.0081 L_grad: 0.0000 
Train Epoch: 12 [1968/2648 (74%)] loss: 0.0059 L_si: 0.0059 L_grad: 0.0000 
Train Epoch: 12 [1984/2648 (75%)] loss: 0.0074 L_si: 0.0074 L_grad: 0.0000 
Train Epoch: 12 [2000/2648 (76%)] loss: 0.0069 L_si: 0.0069 L_grad: 0.0000 
Train Epoch: 12 [2016/2648 (76%)] loss: 0.0077 L_si: 0.0077 L_grad: 0.0000 
Train Epoch: 12 [2032/2648 (77%)] loss: 0.0076 L_si: 0.0076 L_grad: 0.0000 
Train Epoch: 12 [2048/2648 (77%)] loss: 0.0079 L_si: 0.0079 L_grad: 0.0000 
Train Epoch: 12 [2064/2648 (78%)] loss: 0.0077 L_si: 0.0077 L_grad: 0.0000 
[W CudaIPCTypes.cpp:92] Producer process tried to deallocate over 1000 memory blocks referred by consumer processes. Deallocation might be significantly slowed down. We assume it will never going to be the case, but if it is, please file but to https://github.com/pytorch/pytorch
Train Epoch: 12 [2080/2648 (79%)] loss: 0.0068 L_si: 0.0068 L_grad: 0.0000 
Train Epoch: 12 [2096/2648 (79%)] loss: 0.0078 L_si: 0.0078 L_grad: 0.0000 
Train Epoch: 12 [2112/2648 (80%)] loss: 0.0083 L_si: 0.0083 L_grad: 0.0000 
Train Epoch: 12 [2128/2648 (80%)] loss: 0.0072 L_si: 0.0072 L_grad: 0.0000 
Train Epoch: 12 [2144/2648 (81%)] loss: 0.0078 L_si: 0.0078 L_grad: 0.0000 
Train Epoch: 12 [2160/2648 (82%)] loss: 0.0068 L_si: 0.0068 L_grad: 0.0000 
Train Epoch: 12 [2176/2648 (82%)] loss: 0.0074 L_si: 0.0074 L_grad: 0.0000 
Train Epoch: 12 [2192/2648 (83%)] loss: 0.0070 L_si: 0.0070 L_grad: 0.0000 
Train Epoch: 12 [2208/2648 (83%)] loss: 0.0079 L_si: 0.0079 L_grad: 0.0000 
Train Epoch: 12 [2224/2648 (84%)] loss: 0.0070 L_si: 0.0070 L_grad: 0.0000 
Train Epoch: 12 [2240/2648 (85%)] loss: 0.0075 L_si: 0.0075 L_grad: 0.0000 
Train Epoch: 12 [2256/2648 (85%)] loss: 0.0069 L_si: 0.0069 L_grad: 0.0000 
Train Epoch: 12 [2272/2648 (86%)] loss: 0.0053 L_si: 0.0053 L_grad: 0.0000 
Train Epoch: 12 [2288/2648 (86%)] loss: 0.0078 L_si: 0.0078 L_grad: 0.0000 
Train Epoch: 12 [2304/2648 (87%)] loss: 0.0083 L_si: 0.0083 L_grad: 0.0000 
Train Epoch: 12 [2320/2648 (88%)] loss: 0.0075 L_si: 0.0075 L_grad: 0.0000 
Train Epoch: 12 [2336/2648 (88%)] loss: 0.0065 L_si: 0.0065 L_grad: 0.0000 
Train Epoch: 12 [2352/2648 (89%)] loss: 0.0062 L_si: 0.0062 L_grad: 0.0000 
Train Epoch: 12 [2368/2648 (89%)] loss: 0.0072 L_si: 0.0072 L_grad: 0.0000 
Train Epoch: 12 [2384/2648 (90%)] loss: 0.0070 L_si: 0.0070 L_grad: 0.0000 
Train Epoch: 12 [2400/2648 (91%)] loss: 0.0070 L_si: 0.0070 L_grad: 0.0000 
Train Epoch: 12 [2416/2648 (91%)] loss: 0.0067 L_si: 0.0067 L_grad: 0.0000 
Train Epoch: 12 [2432/2648 (92%)] loss: 0.0063 L_si: 0.0063 L_grad: 0.0000 
Train Epoch: 12 [2448/2648 (92%)] loss: 0.0054 L_si: 0.0054 L_grad: 0.0000 
Train Epoch: 12 [2464/2648 (93%)] loss: 0.0066 L_si: 0.0066 L_grad: 0.0000 
Train Epoch: 12 [2480/2648 (94%)] loss: 0.0071 L_si: 0.0071 L_grad: 0.0000 
Train Epoch: 12 [2496/2648 (94%)] loss: 0.0069 L_si: 0.0069 L_grad: 0.0000 
Train Epoch: 12 [2512/2648 (95%)] loss: 0.0074 L_si: 0.0074 L_grad: 0.0000 
Train Epoch: 12 [2528/2648 (95%)] loss: 0.0059 L_si: 0.0059 L_grad: 0.0000 
Train Epoch: 12 [2544/2648 (96%)] loss: 0.0083 L_si: 0.0083 L_grad: 0.0000 
Train Epoch: 12 [2560/2648 (97%)] loss: 0.0056 L_si: 0.0056 L_grad: 0.0000 
Train Epoch: 12 [2576/2648 (97%)] loss: 0.0068 L_si: 0.0068 L_grad: 0.0000 
Train Epoch: 12 [2592/2648 (98%)] loss: 0.0064 L_si: 0.0064 L_grad: 0.0000 
Train Epoch: 12 [2608/2648 (98%)] loss: 0.0060 L_si: 0.0060 L_grad: 0.0000 
Train Epoch: 12 [2624/2648 (99%)] loss: 0.0074 L_si: 0.0074 L_grad: 0.0000 
Train Epoch: 12 [2640/2648 (100%)] loss: 0.0070 L_si: 0.0070 L_grad: 0.0000 
[W CudaIPCTypes.cpp:15] Producer process has been terminated before all shared CUDA tensors released. See Note [Sharing CUDA tensors]
/home/yl3836/.conda/envs/mevent/lib/python3.9/site-packages/torchvision/models/_utils.py:208: UserWarning: The parameter 'pretrained' is deprecated since 0.13 and will be removed in 0.15, please use 'weights' instead.
  warnings.warn(
/home/yl3836/.conda/envs/mevent/lib/python3.9/site-packages/torchvision/models/_utils.py:223: UserWarning: Arguments other than a weight enum or `None` for 'weights' are deprecated since 0.13 and will be removed in 0.15. The current behavior is equivalent to passing `weights=VGG16_Weights.IMAGENET1K_V1`. You can also use `weights=VGG16_Weights.DEFAULT` to get the most up-to-date weights.
  warnings.warn(msg)
/home/yl3836/.conda/envs/mevent/lib/python3.9/site-packages/torchvision/models/_utils.py:208: UserWarning: The parameter 'pretrained' is deprecated since 0.13 and will be removed in 0.15, please use 'weights' instead.
  warnings.warn(
/home/yl3836/.conda/envs/mevent/lib/python3.9/site-packages/torchvision/models/_utils.py:223: UserWarning: Arguments other than a weight enum or `None` for 'weights' are deprecated since 0.13 and will be removed in 0.15. The current behavior is equivalent to passing `weights=VGG16_Weights.IMAGENET1K_V1`. You can also use `weights=VGG16_Weights.DEFAULT` to get the most up-to-date weights.
  warnings.warn(msg)
/home/yl3836/.conda/envs/mevent/lib/python3.9/site-packages/torchvision/models/_utils.py:208: UserWarning: The parameter 'pretrained' is deprecated since 0.13 and will be removed in 0.15, please use 'weights' instead.
  warnings.warn(
/home/yl3836/.conda/envs/mevent/lib/python3.9/site-packages/torchvision/models/_utils.py:223: UserWarning: Arguments other than a weight enum or `None` for 'weights' are deprecated since 0.13 and will be removed in 0.15. The current behavior is equivalent to passing `weights=VGG16_Weights.IMAGENET1K_V1`. You can also use `weights=VGG16_Weights.DEFAULT` to get the most up-to-date weights.
  warnings.warn(msg)
/home/yl3836/.conda/envs/mevent/lib/python3.9/site-packages/torchvision/models/_utils.py:208: UserWarning: The parameter 'pretrained' is deprecated since 0.13 and will be removed in 0.15, please use 'weights' instead.
  warnings.warn(
/home/yl3836/.conda/envs/mevent/lib/python3.9/site-packages/torchvision/models/_utils.py:223: UserWarning: Arguments other than a weight enum or `None` for 'weights' are deprecated since 0.13 and will be removed in 0.15. The current behavior is equivalent to passing `weights=VGG16_Weights.IMAGENET1K_V1`. You can also use `weights=VGG16_Weights.DEFAULT` to get the most up-to-date weights.
  warnings.warn(msg)
/home/yl3836/.conda/envs/mevent/lib/python3.9/site-packages/torchvision/models/_utils.py:208: UserWarning: The parameter 'pretrained' is deprecated since 0.13 and will be removed in 0.15, please use 'weights' instead.
  warnings.warn(
/home/yl3836/.conda/envs/mevent/lib/python3.9/site-packages/torchvision/models/_utils.py:223: UserWarning: Arguments other than a weight enum or `None` for 'weights' are deprecated since 0.13 and will be removed in 0.15. The current behavior is equivalent to passing `weights=VGG16_Weights.IMAGENET1K_V1`. You can also use `weights=VGG16_Weights.DEFAULT` to get the most up-to-date weights.
  warnings.warn(msg)
/home/yl3836/.conda/envs/mevent/lib/python3.9/site-packages/torchvision/models/_utils.py:208: UserWarning: The parameter 'pretrained' is deprecated since 0.13 and will be removed in 0.15, please use 'weights' instead.
  warnings.warn(
/home/yl3836/.conda/envs/mevent/lib/python3.9/site-packages/torchvision/models/_utils.py:223: UserWarning: Arguments other than a weight enum or `None` for 'weights' are deprecated since 0.13 and will be removed in 0.15. The current behavior is equivalent to passing `weights=VGG16_Weights.IMAGENET1K_V1`. You can also use `weights=VGG16_Weights.DEFAULT` to get the most up-to-date weights.
  warnings.warn(msg)
/home/yl3836/.conda/envs/mevent/lib/python3.9/site-packages/torchvision/models/_utils.py:208: UserWarning: The parameter 'pretrained' is deprecated since 0.13 and will be removed in 0.15, please use 'weights' instead.
  warnings.warn(
/home/yl3836/.conda/envs/mevent/lib/python3.9/site-packages/torchvision/models/_utils.py:223: UserWarning: Arguments other than a weight enum or `None` for 'weights' are deprecated since 0.13 and will be removed in 0.15. The current behavior is equivalent to passing `weights=VGG16_Weights.IMAGENET1K_V1`. You can also use `weights=VGG16_Weights.DEFAULT` to get the most up-to-date weights.
  warnings.warn(msg)
/home/yl3836/.conda/envs/mevent/lib/python3.9/site-packages/torchvision/models/_utils.py:208: UserWarning: The parameter 'pretrained' is deprecated since 0.13 and will be removed in 0.15, please use 'weights' instead.
  warnings.warn(
/home/yl3836/.conda/envs/mevent/lib/python3.9/site-packages/torchvision/models/_utils.py:223: UserWarning: Arguments other than a weight enum or `None` for 'weights' are deprecated since 0.13 and will be removed in 0.15. The current behavior is equivalent to passing `weights=VGG16_Weights.IMAGENET1K_V1`. You can also use `weights=VGG16_Weights.DEFAULT` to get the most up-to-date weights.
  warnings.warn(msg)
/home/yl3836/.conda/envs/mevent/lib/python3.9/site-packages/torchvision/models/_utils.py:208: UserWarning: The parameter 'pretrained' is deprecated since 0.13 and will be removed in 0.15, please use 'weights' instead.
  warnings.warn(
/home/yl3836/.conda/envs/mevent/lib/python3.9/site-packages/torchvision/models/_utils.py:223: UserWarning: Arguments other than a weight enum or `None` for 'weights' are deprecated since 0.13 and will be removed in 0.15. The current behavior is equivalent to passing `weights=VGG16_Weights.IMAGENET1K_V1`. You can also use `weights=VGG16_Weights.DEFAULT` to get the most up-to-date weights.
  warnings.warn(msg)
/home/yl3836/.conda/envs/mevent/lib/python3.9/site-packages/torchvision/models/_utils.py:208: UserWarning: The parameter 'pretrained' is deprecated since 0.13 and will be removed in 0.15, please use 'weights' instead.
  warnings.warn(
/home/yl3836/.conda/envs/mevent/lib/python3.9/site-packages/torchvision/models/_utils.py:223: UserWarning: Arguments other than a weight enum or `None` for 'weights' are deprecated since 0.13 and will be removed in 0.15. The current behavior is equivalent to passing `weights=VGG16_Weights.IMAGENET1K_V1`. You can also use `weights=VGG16_Weights.DEFAULT` to get the most up-to-date weights.
  warnings.warn(msg)
/home/yl3836/.conda/envs/mevent/lib/python3.9/site-packages/torchvision/models/_utils.py:208: UserWarning: The parameter 'pretrained' is deprecated since 0.13 and will be removed in 0.15, please use 'weights' instead.
  warnings.warn(
/home/yl3836/.conda/envs/mevent/lib/python3.9/site-packages/torchvision/models/_utils.py:223: UserWarning: Arguments other than a weight enum or `None` for 'weights' are deprecated since 0.13 and will be removed in 0.15. The current behavior is equivalent to passing `weights=VGG16_Weights.IMAGENET1K_V1`. You can also use `weights=VGG16_Weights.DEFAULT` to get the most up-to-date weights.
  warnings.warn(msg)
/home/yl3836/.conda/envs/mevent/lib/python3.9/site-packages/torchvision/models/_utils.py:208: UserWarning: The parameter 'pretrained' is deprecated since 0.13 and will be removed in 0.15, please use 'weights' instead.
  warnings.warn(
/home/yl3836/.conda/envs/mevent/lib/python3.9/site-packages/torchvision/models/_utils.py:223: UserWarning: Arguments other than a weight enum or `None` for 'weights' are deprecated since 0.13 and will be removed in 0.15. The current behavior is equivalent to passing `weights=VGG16_Weights.IMAGENET1K_V1`. You can also use `weights=VGG16_Weights.DEFAULT` to get the most up-to-date weights.
  warnings.warn(msg)
/home/yl3836/.conda/envs/mevent/lib/python3.9/site-packages/torchvision/models/_utils.py:208: UserWarning: The parameter 'pretrained' is deprecated since 0.13 and will be removed in 0.15, please use 'weights' instead.
  warnings.warn(
/home/yl3836/.conda/envs/mevent/lib/python3.9/site-packages/torchvision/models/_utils.py:223: UserWarning: Arguments other than a weight enum or `None` for 'weights' are deprecated since 0.13 and will be removed in 0.15. The current behavior is equivalent to passing `weights=VGG16_Weights.IMAGENET1K_V1`. You can also use `weights=VGG16_Weights.DEFAULT` to get the most up-to-date weights.
  warnings.warn(msg)
/home/yl3836/.conda/envs/mevent/lib/python3.9/site-packages/torchvision/models/_utils.py:208: UserWarning: The parameter 'pretrained' is deprecated since 0.13 and will be removed in 0.15, please use 'weights' instead.
  warnings.warn(
/home/yl3836/.conda/envs/mevent/lib/python3.9/site-packages/torchvision/models/_utils.py:223: UserWarning: Arguments other than a weight enum or `None` for 'weights' are deprecated since 0.13 and will be removed in 0.15. The current behavior is equivalent to passing `weights=VGG16_Weights.IMAGENET1K_V1`. You can also use `weights=VGG16_Weights.DEFAULT` to get the most up-to-date weights.
  warnings.warn(msg)
Validation: [0/888 (0%)]
Validation: [16/888 (2%)]
Validation: [32/888 (4%)]
Validation: [48/888 (5%)]
Validation: [64/888 (7%)]
Validation: [80/888 (9%)]
Validation: [96/888 (11%)]
Validation: [112/888 (13%)]
Validation: [128/888 (14%)]
Validation: [144/888 (16%)]
Validation: [160/888 (18%)]
Validation: [176/888 (20%)]
Validation: [192/888 (22%)]
Validation: [208/888 (23%)]
Validation: [224/888 (25%)]
Validation: [240/888 (27%)]
Validation: [256/888 (29%)]
Validation: [272/888 (31%)]
Validation: [288/888 (32%)]
Validation: [304/888 (34%)]
Validation: [320/888 (36%)]
Validation: [336/888 (38%)]
Validation: [352/888 (40%)]
Validation: [368/888 (41%)]
Validation: [384/888 (43%)]
Validation: [400/888 (45%)]
Validation: [416/888 (47%)]
Validation: [432/888 (49%)]
Validation: [448/888 (50%)]
Validation: [464/888 (52%)]
Validation: [480/888 (54%)]
Validation: [496/888 (56%)]
Validation: [512/888 (58%)]
Validation: [528/888 (59%)]
Validation: [544/888 (61%)]
Validation: [560/888 (63%)]
Validation: [576/888 (65%)]
Validation: [592/888 (67%)]
Validation: [608/888 (68%)]
Validation: [624/888 (70%)]
Validation: [640/888 (72%)]
Validation: [656/888 (74%)]
Validation: [672/888 (76%)]
Validation: [688/888 (77%)]
Validation: [704/888 (79%)]
Validation: [720/888 (81%)]
Validation: [736/888 (83%)]
Validation: [752/888 (85%)]
Validation: [768/888 (86%)]
Validation: [784/888 (88%)]
Validation: [800/888 (90%)]
Validation: [816/888 (92%)]
Validation: [832/888 (94%)]
Validation: [848/888 (95%)]
Validation: [864/888 (97%)]
Validation: [880/888 (99%)]
[W CudaIPCTypes.cpp:15] Producer process has been terminated before all shared CUDA tensors released. See Note [Sharing CUDA tensors]
Saving current best: model_best.pth.tar ...
Saving checkpoint: saved/1027_sparse_v2_two_points_[space_5]_0_75/example_psf/checkpoint-epoch012-loss-0.0071.pth.tar ...
/home/yl3836/.conda/envs/mevent/lib/python3.9/site-packages/torchvision/models/_utils.py:208: UserWarning: The parameter 'pretrained' is deprecated since 0.13 and will be removed in 0.15, please use 'weights' instead.
  warnings.warn(
/home/yl3836/.conda/envs/mevent/lib/python3.9/site-packages/torchvision/models/_utils.py:223: UserWarning: Arguments other than a weight enum or `None` for 'weights' are deprecated since 0.13 and will be removed in 0.15. The current behavior is equivalent to passing `weights=VGG16_Weights.IMAGENET1K_V1`. You can also use `weights=VGG16_Weights.DEFAULT` to get the most up-to-date weights.
  warnings.warn(msg)
/home/yl3836/.conda/envs/mevent/lib/python3.9/site-packages/torchvision/models/_utils.py:208: UserWarning: The parameter 'pretrained' is deprecated since 0.13 and will be removed in 0.15, please use 'weights' instead.
  warnings.warn(
/home/yl3836/.conda/envs/mevent/lib/python3.9/site-packages/torchvision/models/_utils.py:223: UserWarning: Arguments other than a weight enum or `None` for 'weights' are deprecated since 0.13 and will be removed in 0.15. The current behavior is equivalent to passing `weights=VGG16_Weights.IMAGENET1K_V1`. You can also use `weights=VGG16_Weights.DEFAULT` to get the most up-to-date weights.
  warnings.warn(msg)
/home/yl3836/.conda/envs/mevent/lib/python3.9/site-packages/torchvision/models/_utils.py:208: UserWarning: The parameter 'pretrained' is deprecated since 0.13 and will be removed in 0.15, please use 'weights' instead.
  warnings.warn(
/home/yl3836/.conda/envs/mevent/lib/python3.9/site-packages/torchvision/models/_utils.py:223: UserWarning: Arguments other than a weight enum or `None` for 'weights' are deprecated since 0.13 and will be removed in 0.15. The current behavior is equivalent to passing `weights=VGG16_Weights.IMAGENET1K_V1`. You can also use `weights=VGG16_Weights.DEFAULT` to get the most up-to-date weights.
  warnings.warn(msg)
/home/yl3836/.conda/envs/mevent/lib/python3.9/site-packages/torchvision/models/_utils.py:208: UserWarning: The parameter 'pretrained' is deprecated since 0.13 and will be removed in 0.15, please use 'weights' instead.
  warnings.warn(
/home/yl3836/.conda/envs/mevent/lib/python3.9/site-packages/torchvision/models/_utils.py:223: UserWarning: Arguments other than a weight enum or `None` for 'weights' are deprecated since 0.13 and will be removed in 0.15. The current behavior is equivalent to passing `weights=VGG16_Weights.IMAGENET1K_V1`. You can also use `weights=VGG16_Weights.DEFAULT` to get the most up-to-date weights.
  warnings.warn(msg)
/home/yl3836/.conda/envs/mevent/lib/python3.9/site-packages/torchvision/models/_utils.py:208: UserWarning: The parameter 'pretrained' is deprecated since 0.13 and will be removed in 0.15, please use 'weights' instead.
  warnings.warn(
/home/yl3836/.conda/envs/mevent/lib/python3.9/site-packages/torchvision/models/_utils.py:223: UserWarning: Arguments other than a weight enum or `None` for 'weights' are deprecated since 0.13 and will be removed in 0.15. The current behavior is equivalent to passing `weights=VGG16_Weights.IMAGENET1K_V1`. You can also use `weights=VGG16_Weights.DEFAULT` to get the most up-to-date weights.
  warnings.warn(msg)
/home/yl3836/.conda/envs/mevent/lib/python3.9/site-packages/torchvision/models/_utils.py:208: UserWarning: The parameter 'pretrained' is deprecated since 0.13 and will be removed in 0.15, please use 'weights' instead.
  warnings.warn(
/home/yl3836/.conda/envs/mevent/lib/python3.9/site-packages/torchvision/models/_utils.py:223: UserWarning: Arguments other than a weight enum or `None` for 'weights' are deprecated since 0.13 and will be removed in 0.15. The current behavior is equivalent to passing `weights=VGG16_Weights.IMAGENET1K_V1`. You can also use `weights=VGG16_Weights.DEFAULT` to get the most up-to-date weights.
  warnings.warn(msg)
/home/yl3836/.conda/envs/mevent/lib/python3.9/site-packages/torchvision/models/_utils.py:208: UserWarning: The parameter 'pretrained' is deprecated since 0.13 and will be removed in 0.15, please use 'weights' instead.
  warnings.warn(
/home/yl3836/.conda/envs/mevent/lib/python3.9/site-packages/torchvision/models/_utils.py:223: UserWarning: Arguments other than a weight enum or `None` for 'weights' are deprecated since 0.13 and will be removed in 0.15. The current behavior is equivalent to passing `weights=VGG16_Weights.IMAGENET1K_V1`. You can also use `weights=VGG16_Weights.DEFAULT` to get the most up-to-date weights.
  warnings.warn(msg)
/home/yl3836/.conda/envs/mevent/lib/python3.9/site-packages/torchvision/models/_utils.py:208: UserWarning: The parameter 'pretrained' is deprecated since 0.13 and will be removed in 0.15, please use 'weights' instead.
  warnings.warn(
/home/yl3836/.conda/envs/mevent/lib/python3.9/site-packages/torchvision/models/_utils.py:223: UserWarning: Arguments other than a weight enum or `None` for 'weights' are deprecated since 0.13 and will be removed in 0.15. The current behavior is equivalent to passing `weights=VGG16_Weights.IMAGENET1K_V1`. You can also use `weights=VGG16_Weights.DEFAULT` to get the most up-to-date weights.
  warnings.warn(msg)
/home/yl3836/.conda/envs/mevent/lib/python3.9/site-packages/torchvision/models/_utils.py:208: UserWarning: The parameter 'pretrained' is deprecated since 0.13 and will be removed in 0.15, please use 'weights' instead.
  warnings.warn(
/home/yl3836/.conda/envs/mevent/lib/python3.9/site-packages/torchvision/models/_utils.py:223: UserWarning: Arguments other than a weight enum or `None` for 'weights' are deprecated since 0.13 and will be removed in 0.15. The current behavior is equivalent to passing `weights=VGG16_Weights.IMAGENET1K_V1`. You can also use `weights=VGG16_Weights.DEFAULT` to get the most up-to-date weights.
  warnings.warn(msg)
/home/yl3836/.conda/envs/mevent/lib/python3.9/site-packages/torchvision/models/_utils.py:208: UserWarning: The parameter 'pretrained' is deprecated since 0.13 and will be removed in 0.15, please use 'weights' instead.
  warnings.warn(
/home/yl3836/.conda/envs/mevent/lib/python3.9/site-packages/torchvision/models/_utils.py:223: UserWarning: Arguments other than a weight enum or `None` for 'weights' are deprecated since 0.13 and will be removed in 0.15. The current behavior is equivalent to passing `weights=VGG16_Weights.IMAGENET1K_V1`. You can also use `weights=VGG16_Weights.DEFAULT` to get the most up-to-date weights.
  warnings.warn(msg)
/home/yl3836/.conda/envs/mevent/lib/python3.9/site-packages/torchvision/models/_utils.py:208: UserWarning: The parameter 'pretrained' is deprecated since 0.13 and will be removed in 0.15, please use 'weights' instead.
  warnings.warn(
/home/yl3836/.conda/envs/mevent/lib/python3.9/site-packages/torchvision/models/_utils.py:223: UserWarning: Arguments other than a weight enum or `None` for 'weights' are deprecated since 0.13 and will be removed in 0.15. The current behavior is equivalent to passing `weights=VGG16_Weights.IMAGENET1K_V1`. You can also use `weights=VGG16_Weights.DEFAULT` to get the most up-to-date weights.
  warnings.warn(msg)
/home/yl3836/.conda/envs/mevent/lib/python3.9/site-packages/torchvision/models/_utils.py:208: UserWarning: The parameter 'pretrained' is deprecated since 0.13 and will be removed in 0.15, please use 'weights' instead.
  warnings.warn(
/home/yl3836/.conda/envs/mevent/lib/python3.9/site-packages/torchvision/models/_utils.py:223: UserWarning: Arguments other than a weight enum or `None` for 'weights' are deprecated since 0.13 and will be removed in 0.15. The current behavior is equivalent to passing `weights=VGG16_Weights.IMAGENET1K_V1`. You can also use `weights=VGG16_Weights.DEFAULT` to get the most up-to-date weights.
  warnings.warn(msg)
/home/yl3836/.conda/envs/mevent/lib/python3.9/site-packages/torchvision/models/_utils.py:208: UserWarning: The parameter 'pretrained' is deprecated since 0.13 and will be removed in 0.15, please use 'weights' instead.
  warnings.warn(
/home/yl3836/.conda/envs/mevent/lib/python3.9/site-packages/torchvision/models/_utils.py:223: UserWarning: Arguments other than a weight enum or `None` for 'weights' are deprecated since 0.13 and will be removed in 0.15. The current behavior is equivalent to passing `weights=VGG16_Weights.IMAGENET1K_V1`. You can also use `weights=VGG16_Weights.DEFAULT` to get the most up-to-date weights.
  warnings.warn(msg)
/home/yl3836/.conda/envs/mevent/lib/python3.9/site-packages/torchvision/models/_utils.py:208: UserWarning: The parameter 'pretrained' is deprecated since 0.13 and will be removed in 0.15, please use 'weights' instead.
  warnings.warn(
/home/yl3836/.conda/envs/mevent/lib/python3.9/site-packages/torchvision/models/_utils.py:223: UserWarning: Arguments other than a weight enum or `None` for 'weights' are deprecated since 0.13 and will be removed in 0.15. The current behavior is equivalent to passing `weights=VGG16_Weights.IMAGENET1K_V1`. You can also use `weights=VGG16_Weights.DEFAULT` to get the most up-to-date weights.
  warnings.warn(msg)
Train Epoch: 13 [0/2648 (0%)] loss: 0.0070 L_si: 0.0070 L_grad: 0.0000 
Train Epoch: 13 [16/2648 (1%)] loss: 0.0072 L_si: 0.0072 L_grad: 0.0000 
Train Epoch: 13 [32/2648 (1%)] loss: 0.0080 L_si: 0.0080 L_grad: 0.0000 
Train Epoch: 13 [48/2648 (2%)] loss: 0.0075 L_si: 0.0075 L_grad: 0.0000 
[W CudaIPCTypes.cpp:92] Producer process tried to deallocate over 1000 memory blocks referred by consumer processes. Deallocation might be significantly slowed down. We assume it will never going to be the case, but if it is, please file but to https://github.com/pytorch/pytorch
Train Epoch: 13 [64/2648 (2%)] loss: 0.0080 L_si: 0.0080 L_grad: 0.0000 
Train Epoch: 13 [80/2648 (3%)] loss: 0.0073 L_si: 0.0073 L_grad: 0.0000 
Train Epoch: 13 [96/2648 (4%)] loss: 0.0076 L_si: 0.0076 L_grad: 0.0000 
Train Epoch: 13 [112/2648 (4%)] loss: 0.0060 L_si: 0.0060 L_grad: 0.0000 
Train Epoch: 13 [128/2648 (5%)] loss: 0.0065 L_si: 0.0065 L_grad: 0.0000 
Train Epoch: 13 [144/2648 (5%)] loss: 0.0078 L_si: 0.0078 L_grad: 0.0000 
Train Epoch: 13 [160/2648 (6%)] loss: 0.0076 L_si: 0.0076 L_grad: 0.0000 
Train Epoch: 13 [176/2648 (7%)] loss: 0.0061 L_si: 0.0061 L_grad: 0.0000 
Train Epoch: 13 [192/2648 (7%)] loss: 0.0078 L_si: 0.0078 L_grad: 0.0000 
Train Epoch: 13 [208/2648 (8%)] loss: 0.0070 L_si: 0.0070 L_grad: 0.0000 
Train Epoch: 13 [224/2648 (8%)] loss: 0.0071 L_si: 0.0071 L_grad: 0.0000 
Train Epoch: 13 [240/2648 (9%)] loss: 0.0069 L_si: 0.0069 L_grad: 0.0000 
Train Epoch: 13 [256/2648 (10%)] loss: 0.0069 L_si: 0.0069 L_grad: 0.0000 
Train Epoch: 13 [272/2648 (10%)] loss: 0.0076 L_si: 0.0076 L_grad: 0.0000 
Train Epoch: 13 [288/2648 (11%)] loss: 0.0088 L_si: 0.0088 L_grad: 0.0000 
Train Epoch: 13 [304/2648 (11%)] loss: 0.0077 L_si: 0.0077 L_grad: 0.0000 
Train Epoch: 13 [320/2648 (12%)] loss: 0.0069 L_si: 0.0069 L_grad: 0.0000 
Train Epoch: 13 [336/2648 (13%)] loss: 0.0070 L_si: 0.0070 L_grad: 0.0000 
Train Epoch: 13 [352/2648 (13%)] loss: 0.0077 L_si: 0.0077 L_grad: 0.0000 
Train Epoch: 13 [368/2648 (14%)] loss: 0.0059 L_si: 0.0059 L_grad: 0.0000 
Train Epoch: 13 [384/2648 (15%)] loss: 0.0069 L_si: 0.0069 L_grad: 0.0000 
Train Epoch: 13 [400/2648 (15%)] loss: 0.0065 L_si: 0.0065 L_grad: 0.0000 
Train Epoch: 13 [416/2648 (16%)] loss: 0.0079 L_si: 0.0079 L_grad: 0.0000 
Train Epoch: 13 [432/2648 (16%)] loss: 0.0076 L_si: 0.0076 L_grad: 0.0000 
Train Epoch: 13 [448/2648 (17%)] loss: 0.0065 L_si: 0.0065 L_grad: 0.0000 
Train Epoch: 13 [464/2648 (18%)] loss: 0.0078 L_si: 0.0078 L_grad: 0.0000 
Train Epoch: 13 [480/2648 (18%)] loss: 0.0071 L_si: 0.0071 L_grad: 0.0000 
Train Epoch: 13 [496/2648 (19%)] loss: 0.0073 L_si: 0.0073 L_grad: 0.0000 
Train Epoch: 13 [512/2648 (19%)] loss: 0.0071 L_si: 0.0071 L_grad: 0.0000 
Train Epoch: 13 [528/2648 (20%)] loss: 0.0057 L_si: 0.0057 L_grad: 0.0000 
Train Epoch: 13 [544/2648 (21%)] loss: 0.0074 L_si: 0.0074 L_grad: 0.0000 
Train Epoch: 13 [560/2648 (21%)] loss: 0.0081 L_si: 0.0081 L_grad: 0.0000 
Train Epoch: 13 [576/2648 (22%)] loss: 0.0070 L_si: 0.0070 L_grad: 0.0000 
Train Epoch: 13 [592/2648 (22%)] loss: 0.0076 L_si: 0.0076 L_grad: 0.0000 
Train Epoch: 13 [608/2648 (23%)] loss: 0.0070 L_si: 0.0070 L_grad: 0.0000 
Train Epoch: 13 [624/2648 (24%)] loss: 0.0088 L_si: 0.0088 L_grad: 0.0000 
Train Epoch: 13 [640/2648 (24%)] loss: 0.0066 L_si: 0.0066 L_grad: 0.0000 
Train Epoch: 13 [656/2648 (25%)] loss: 0.0069 L_si: 0.0069 L_grad: 0.0000 
Train Epoch: 13 [672/2648 (25%)] loss: 0.0068 L_si: 0.0068 L_grad: 0.0000 
Train Epoch: 13 [688/2648 (26%)] loss: 0.0059 L_si: 0.0059 L_grad: 0.0000 
Train Epoch: 13 [704/2648 (27%)] loss: 0.0061 L_si: 0.0061 L_grad: 0.0000 
Train Epoch: 13 [720/2648 (27%)] loss: 0.0068 L_si: 0.0068 L_grad: 0.0000 
Train Epoch: 13 [736/2648 (28%)] loss: 0.0075 L_si: 0.0075 L_grad: 0.0000 
Train Epoch: 13 [752/2648 (28%)] loss: 0.0066 L_si: 0.0066 L_grad: 0.0000 
Train Epoch: 13 [768/2648 (29%)] loss: 0.0077 L_si: 0.0077 L_grad: 0.0000 
Train Epoch: 13 [784/2648 (30%)] loss: 0.0080 L_si: 0.0080 L_grad: 0.0000 
Train Epoch: 13 [800/2648 (30%)] loss: 0.0065 L_si: 0.0065 L_grad: 0.0000 
Train Epoch: 13 [816/2648 (31%)] loss: 0.0067 L_si: 0.0067 L_grad: 0.0000 
Train Epoch: 13 [832/2648 (31%)] loss: 0.0078 L_si: 0.0078 L_grad: 0.0000 
Train Epoch: 13 [848/2648 (32%)] loss: 0.0072 L_si: 0.0072 L_grad: 0.0000 
Train Epoch: 13 [864/2648 (33%)] loss: 0.0069 L_si: 0.0069 L_grad: 0.0000 
[W CudaIPCTypes.cpp:92] Producer process tried to deallocate over 1000 memory blocks referred by consumer processes. Deallocation might be significantly slowed down. We assume it will never going to be the case, but if it is, please file but to https://github.com/pytorch/pytorch
Train Epoch: 13 [880/2648 (33%)] loss: 0.0077 L_si: 0.0077 L_grad: 0.0000 
Train Epoch: 13 [896/2648 (34%)] loss: 0.0071 L_si: 0.0071 L_grad: 0.0000 
Train Epoch: 13 [912/2648 (34%)] loss: 0.0072 L_si: 0.0072 L_grad: 0.0000 
Train Epoch: 13 [928/2648 (35%)] loss: 0.0065 L_si: 0.0065 L_grad: 0.0000 
Train Epoch: 13 [944/2648 (36%)] loss: 0.0081 L_si: 0.0081 L_grad: 0.0000 
Train Epoch: 13 [960/2648 (36%)] loss: 0.0073 L_si: 0.0073 L_grad: 0.0000 
Train Epoch: 13 [976/2648 (37%)] loss: 0.0081 L_si: 0.0081 L_grad: 0.0000 
[W CudaIPCTypes.cpp:92] Producer process tried to deallocate over 1000 memory blocks referred by consumer processes. Deallocation might be significantly slowed down. We assume it will never going to be the case, but if it is, please file but to https://github.com/pytorch/pytorch
Train Epoch: 13 [992/2648 (37%)] loss: 0.0076 L_si: 0.0076 L_grad: 0.0000 
Train Epoch: 13 [1008/2648 (38%)] loss: 0.0077 L_si: 0.0077 L_grad: 0.0000 
Train Epoch: 13 [1024/2648 (39%)] loss: 0.0074 L_si: 0.0074 L_grad: 0.0000 
Train Epoch: 13 [1040/2648 (39%)] loss: 0.0067 L_si: 0.0067 L_grad: 0.0000 
Train Epoch: 13 [1056/2648 (40%)] loss: 0.0071 L_si: 0.0071 L_grad: 0.0000 
Train Epoch: 13 [1072/2648 (40%)] loss: 0.0069 L_si: 0.0069 L_grad: 0.0000 
Train Epoch: 13 [1088/2648 (41%)] loss: 0.0074 L_si: 0.0074 L_grad: 0.0000 
Train Epoch: 13 [1104/2648 (42%)] loss: 0.0078 L_si: 0.0078 L_grad: 0.0000 
Train Epoch: 13 [1120/2648 (42%)] loss: 0.0060 L_si: 0.0060 L_grad: 0.0000 
Train Epoch: 13 [1136/2648 (43%)] loss: 0.0069 L_si: 0.0069 L_grad: 0.0000 
Train Epoch: 13 [1152/2648 (44%)] loss: 0.0079 L_si: 0.0079 L_grad: 0.0000 
Train Epoch: 13 [1168/2648 (44%)] loss: 0.0075 L_si: 0.0075 L_grad: 0.0000 
Train Epoch: 13 [1184/2648 (45%)] loss: 0.0075 L_si: 0.0075 L_grad: 0.0000 
Train Epoch: 13 [1200/2648 (45%)] loss: 0.0057 L_si: 0.0057 L_grad: 0.0000 
Train Epoch: 13 [1216/2648 (46%)] loss: 0.0079 L_si: 0.0079 L_grad: 0.0000 
Train Epoch: 13 [1232/2648 (47%)] loss: 0.0080 L_si: 0.0080 L_grad: 0.0000 
[W CudaIPCTypes.cpp:92] Producer process tried to deallocate over 1000 memory blocks referred by consumer processes. Deallocation might be significantly slowed down. We assume it will never going to be the case, but if it is, please file but to https://github.com/pytorch/pytorch
Train Epoch: 13 [1248/2648 (47%)] loss: 0.0062 L_si: 0.0062 L_grad: 0.0000 
Train Epoch: 13 [1264/2648 (48%)] loss: 0.0075 L_si: 0.0075 L_grad: 0.0000 
Train Epoch: 13 [1280/2648 (48%)] loss: 0.0081 L_si: 0.0081 L_grad: 0.0000 
Train Epoch: 13 [1296/2648 (49%)] loss: 0.0065 L_si: 0.0065 L_grad: 0.0000 
[W CudaIPCTypes.cpp:92] Producer process tried to deallocate over 1000 memory blocks referred by consumer processes. Deallocation might be significantly slowed down. We assume it will never going to be the case, but if it is, please file but to https://github.com/pytorch/pytorch
Train Epoch: 13 [1312/2648 (50%)] loss: 0.0069 L_si: 0.0069 L_grad: 0.0000 
[W CudaIPCTypes.cpp:92] Producer process tried to deallocate over 1000 memory blocks referred by consumer processes. Deallocation might be significantly slowed down. We assume it will never going to be the case, but if it is, please file but to https://github.com/pytorch/pytorch
Train Epoch: 13 [1328/2648 (50%)] loss: 0.0075 L_si: 0.0075 L_grad: 0.0000 
Train Epoch: 13 [1344/2648 (51%)] loss: 0.0062 L_si: 0.0062 L_grad: 0.0000 
Train Epoch: 13 [1360/2648 (51%)] loss: 0.0081 L_si: 0.0081 L_grad: 0.0000 
Train Epoch: 13 [1376/2648 (52%)] loss: 0.0088 L_si: 0.0088 L_grad: 0.0000 
Train Epoch: 13 [1392/2648 (53%)] loss: 0.0079 L_si: 0.0079 L_grad: 0.0000 
Train Epoch: 13 [1408/2648 (53%)] loss: 0.0081 L_si: 0.0081 L_grad: 0.0000 
Train Epoch: 13 [1424/2648 (54%)] loss: 0.0066 L_si: 0.0066 L_grad: 0.0000 
Train Epoch: 13 [1440/2648 (54%)] loss: 0.0059 L_si: 0.0059 L_grad: 0.0000 
Train Epoch: 13 [1456/2648 (55%)] loss: 0.0059 L_si: 0.0059 L_grad: 0.0000 
Train Epoch: 13 [1472/2648 (56%)] loss: 0.0069 L_si: 0.0069 L_grad: 0.0000 
Train Epoch: 13 [1488/2648 (56%)] loss: 0.0075 L_si: 0.0075 L_grad: 0.0000 
Train Epoch: 13 [1504/2648 (57%)] loss: 0.0074 L_si: 0.0074 L_grad: 0.0000 
Train Epoch: 13 [1520/2648 (57%)] loss: 0.0075 L_si: 0.0075 L_grad: 0.0000 
Train Epoch: 13 [1536/2648 (58%)] loss: 0.0080 L_si: 0.0080 L_grad: 0.0000 
Train Epoch: 13 [1552/2648 (59%)] loss: 0.0072 L_si: 0.0072 L_grad: 0.0000 
Train Epoch: 13 [1568/2648 (59%)] loss: 0.0078 L_si: 0.0078 L_grad: 0.0000 
Train Epoch: 13 [1584/2648 (60%)] loss: 0.0071 L_si: 0.0071 L_grad: 0.0000 
Train Epoch: 13 [1600/2648 (60%)] loss: 0.0069 L_si: 0.0069 L_grad: 0.0000 
Train Epoch: 13 [1616/2648 (61%)] loss: 0.0075 L_si: 0.0075 L_grad: 0.0000 
Train Epoch: 13 [1632/2648 (62%)] loss: 0.0065 L_si: 0.0065 L_grad: 0.0000 
Train Epoch: 13 [1648/2648 (62%)] loss: 0.0067 L_si: 0.0067 L_grad: 0.0000 
Train Epoch: 13 [1664/2648 (63%)] loss: 0.0056 L_si: 0.0056 L_grad: 0.0000 
Train Epoch: 13 [1680/2648 (63%)] loss: 0.0058 L_si: 0.0058 L_grad: 0.0000 
Train Epoch: 13 [1696/2648 (64%)] loss: 0.0065 L_si: 0.0065 L_grad: 0.0000 
Train Epoch: 13 [1712/2648 (65%)] loss: 0.0063 L_si: 0.0063 L_grad: 0.0000 
Train Epoch: 13 [1728/2648 (65%)] loss: 0.0076 L_si: 0.0076 L_grad: 0.0000 
Train Epoch: 13 [1744/2648 (66%)] loss: 0.0052 L_si: 0.0052 L_grad: 0.0000 
Train Epoch: 13 [1760/2648 (66%)] loss: 0.0064 L_si: 0.0064 L_grad: 0.0000 
Train Epoch: 13 [1776/2648 (67%)] loss: 0.0066 L_si: 0.0066 L_grad: 0.0000 
Train Epoch: 13 [1792/2648 (68%)] loss: 0.0077 L_si: 0.0077 L_grad: 0.0000 
Train Epoch: 13 [1808/2648 (68%)] loss: 0.0073 L_si: 0.0073 L_grad: 0.0000 
Train Epoch: 13 [1824/2648 (69%)] loss: 0.0083 L_si: 0.0083 L_grad: 0.0000 
Train Epoch: 13 [1840/2648 (69%)] loss: 0.0086 L_si: 0.0086 L_grad: 0.0000 
Train Epoch: 13 [1856/2648 (70%)] loss: 0.0071 L_si: 0.0071 L_grad: 0.0000 
Train Epoch: 13 [1872/2648 (71%)] loss: 0.0077 L_si: 0.0077 L_grad: 0.0000 
Train Epoch: 13 [1888/2648 (71%)] loss: 0.0082 L_si: 0.0082 L_grad: 0.0000 
Train Epoch: 13 [1904/2648 (72%)] loss: 0.0081 L_si: 0.0081 L_grad: 0.0000 
Train Epoch: 13 [1920/2648 (73%)] loss: 0.0085 L_si: 0.0085 L_grad: 0.0000 
Train Epoch: 13 [1936/2648 (73%)] loss: 0.0077 L_si: 0.0077 L_grad: 0.0000 
Train Epoch: 13 [1952/2648 (74%)] loss: 0.0067 L_si: 0.0067 L_grad: 0.0000 
Train Epoch: 13 [1968/2648 (74%)] loss: 0.0077 L_si: 0.0077 L_grad: 0.0000 
Train Epoch: 13 [1984/2648 (75%)] loss: 0.0079 L_si: 0.0079 L_grad: 0.0000 
Train Epoch: 13 [2000/2648 (76%)] loss: 0.0064 L_si: 0.0064 L_grad: 0.0000 
Train Epoch: 13 [2016/2648 (76%)] loss: 0.0074 L_si: 0.0074 L_grad: 0.0000 
Train Epoch: 13 [2032/2648 (77%)] loss: 0.0067 L_si: 0.0067 L_grad: 0.0000 
Train Epoch: 13 [2048/2648 (77%)] loss: 0.0075 L_si: 0.0075 L_grad: 0.0000 
Train Epoch: 13 [2064/2648 (78%)] loss: 0.0086 L_si: 0.0086 L_grad: 0.0000 
Train Epoch: 13 [2080/2648 (79%)] loss: 0.0083 L_si: 0.0083 L_grad: 0.0000 
Train Epoch: 13 [2096/2648 (79%)] loss: 0.0061 L_si: 0.0061 L_grad: 0.0000 
Train Epoch: 13 [2112/2648 (80%)] loss: 0.0084 L_si: 0.0084 L_grad: 0.0000 
Train Epoch: 13 [2128/2648 (80%)] loss: 0.0075 L_si: 0.0075 L_grad: 0.0000 
Train Epoch: 13 [2144/2648 (81%)] loss: 0.0054 L_si: 0.0054 L_grad: 0.0000 
Train Epoch: 13 [2160/2648 (82%)] loss: 0.0069 L_si: 0.0069 L_grad: 0.0000 
Train Epoch: 13 [2176/2648 (82%)] loss: 0.0072 L_si: 0.0072 L_grad: 0.0000 
Train Epoch: 13 [2192/2648 (83%)] loss: 0.0079 L_si: 0.0079 L_grad: 0.0000 
Train Epoch: 13 [2208/2648 (83%)] loss: 0.0085 L_si: 0.0085 L_grad: 0.0000 
Train Epoch: 13 [2224/2648 (84%)] loss: 0.0060 L_si: 0.0060 L_grad: 0.0000 
Train Epoch: 13 [2240/2648 (85%)] loss: 0.0081 L_si: 0.0081 L_grad: 0.0000 
Train Epoch: 13 [2256/2648 (85%)] loss: 0.0070 L_si: 0.0070 L_grad: 0.0000 
Train Epoch: 13 [2272/2648 (86%)] loss: 0.0063 L_si: 0.0063 L_grad: 0.0000 
Train Epoch: 13 [2288/2648 (86%)] loss: 0.0069 L_si: 0.0069 L_grad: 0.0000 
Train Epoch: 13 [2304/2648 (87%)] loss: 0.0069 L_si: 0.0069 L_grad: 0.0000 
Train Epoch: 13 [2320/2648 (88%)] loss: 0.0054 L_si: 0.0054 L_grad: 0.0000 
Train Epoch: 13 [2336/2648 (88%)] loss: 0.0064 L_si: 0.0064 L_grad: 0.0000 
Train Epoch: 13 [2352/2648 (89%)] loss: 0.0069 L_si: 0.0069 L_grad: 0.0000 
Train Epoch: 13 [2368/2648 (89%)] loss: 0.0066 L_si: 0.0066 L_grad: 0.0000 
Train Epoch: 13 [2384/2648 (90%)] loss: 0.0071 L_si: 0.0071 L_grad: 0.0000 
Train Epoch: 13 [2400/2648 (91%)] loss: 0.0072 L_si: 0.0072 L_grad: 0.0000 
Train Epoch: 13 [2416/2648 (91%)] loss: 0.0078 L_si: 0.0078 L_grad: 0.0000 
Train Epoch: 13 [2432/2648 (92%)] loss: 0.0075 L_si: 0.0075 L_grad: 0.0000 
Train Epoch: 13 [2448/2648 (92%)] loss: 0.0075 L_si: 0.0075 L_grad: 0.0000 
Train Epoch: 13 [2464/2648 (93%)] loss: 0.0067 L_si: 0.0067 L_grad: 0.0000 
Train Epoch: 13 [2480/2648 (94%)] loss: 0.0084 L_si: 0.0084 L_grad: 0.0000 
Train Epoch: 13 [2496/2648 (94%)] loss: 0.0071 L_si: 0.0071 L_grad: 0.0000 
Train Epoch: 13 [2512/2648 (95%)] loss: 0.0075 L_si: 0.0075 L_grad: 0.0000 
Train Epoch: 13 [2528/2648 (95%)] loss: 0.0059 L_si: 0.0059 L_grad: 0.0000 
Train Epoch: 13 [2544/2648 (96%)] loss: 0.0081 L_si: 0.0081 L_grad: 0.0000 
Train Epoch: 13 [2560/2648 (97%)] loss: 0.0069 L_si: 0.0069 L_grad: 0.0000 
Train Epoch: 13 [2576/2648 (97%)] loss: 0.0075 L_si: 0.0075 L_grad: 0.0000 
Train Epoch: 13 [2592/2648 (98%)] loss: 0.0054 L_si: 0.0054 L_grad: 0.0000 
Train Epoch: 13 [2608/2648 (98%)] loss: 0.0063 L_si: 0.0063 L_grad: 0.0000 
Train Epoch: 13 [2624/2648 (99%)] loss: 0.0061 L_si: 0.0061 L_grad: 0.0000 
Train Epoch: 13 [2640/2648 (100%)] loss: 0.0076 L_si: 0.0076 L_grad: 0.0000 
[W CudaIPCTypes.cpp:15] Producer process has been terminated before all shared CUDA tensors released. See Note [Sharing CUDA tensors]
/home/yl3836/.conda/envs/mevent/lib/python3.9/site-packages/torchvision/models/_utils.py:208: UserWarning: The parameter 'pretrained' is deprecated since 0.13 and will be removed in 0.15, please use 'weights' instead.
  warnings.warn(
/home/yl3836/.conda/envs/mevent/lib/python3.9/site-packages/torchvision/models/_utils.py:223: UserWarning: Arguments other than a weight enum or `None` for 'weights' are deprecated since 0.13 and will be removed in 0.15. The current behavior is equivalent to passing `weights=VGG16_Weights.IMAGENET1K_V1`. You can also use `weights=VGG16_Weights.DEFAULT` to get the most up-to-date weights.
  warnings.warn(msg)
/home/yl3836/.conda/envs/mevent/lib/python3.9/site-packages/torchvision/models/_utils.py:208: UserWarning: The parameter 'pretrained' is deprecated since 0.13 and will be removed in 0.15, please use 'weights' instead.
  warnings.warn(
/home/yl3836/.conda/envs/mevent/lib/python3.9/site-packages/torchvision/models/_utils.py:223: UserWarning: Arguments other than a weight enum or `None` for 'weights' are deprecated since 0.13 and will be removed in 0.15. The current behavior is equivalent to passing `weights=VGG16_Weights.IMAGENET1K_V1`. You can also use `weights=VGG16_Weights.DEFAULT` to get the most up-to-date weights.
  warnings.warn(msg)
/home/yl3836/.conda/envs/mevent/lib/python3.9/site-packages/torchvision/models/_utils.py:208: UserWarning: The parameter 'pretrained' is deprecated since 0.13 and will be removed in 0.15, please use 'weights' instead.
  warnings.warn(
/home/yl3836/.conda/envs/mevent/lib/python3.9/site-packages/torchvision/models/_utils.py:223: UserWarning: Arguments other than a weight enum or `None` for 'weights' are deprecated since 0.13 and will be removed in 0.15. The current behavior is equivalent to passing `weights=VGG16_Weights.IMAGENET1K_V1`. You can also use `weights=VGG16_Weights.DEFAULT` to get the most up-to-date weights.
  warnings.warn(msg)
/home/yl3836/.conda/envs/mevent/lib/python3.9/site-packages/torchvision/models/_utils.py:208: UserWarning: The parameter 'pretrained' is deprecated since 0.13 and will be removed in 0.15, please use 'weights' instead.
  warnings.warn(
/home/yl3836/.conda/envs/mevent/lib/python3.9/site-packages/torchvision/models/_utils.py:223: UserWarning: Arguments other than a weight enum or `None` for 'weights' are deprecated since 0.13 and will be removed in 0.15. The current behavior is equivalent to passing `weights=VGG16_Weights.IMAGENET1K_V1`. You can also use `weights=VGG16_Weights.DEFAULT` to get the most up-to-date weights.
  warnings.warn(msg)
/home/yl3836/.conda/envs/mevent/lib/python3.9/site-packages/torchvision/models/_utils.py:208: UserWarning: The parameter 'pretrained' is deprecated since 0.13 and will be removed in 0.15, please use 'weights' instead.
  warnings.warn(
/home/yl3836/.conda/envs/mevent/lib/python3.9/site-packages/torchvision/models/_utils.py:223: UserWarning: Arguments other than a weight enum or `None` for 'weights' are deprecated since 0.13 and will be removed in 0.15. The current behavior is equivalent to passing `weights=VGG16_Weights.IMAGENET1K_V1`. You can also use `weights=VGG16_Weights.DEFAULT` to get the most up-to-date weights.
  warnings.warn(msg)
/home/yl3836/.conda/envs/mevent/lib/python3.9/site-packages/torchvision/models/_utils.py:208: UserWarning: The parameter 'pretrained' is deprecated since 0.13 and will be removed in 0.15, please use 'weights' instead.
  warnings.warn(
/home/yl3836/.conda/envs/mevent/lib/python3.9/site-packages/torchvision/models/_utils.py:223: UserWarning: Arguments other than a weight enum or `None` for 'weights' are deprecated since 0.13 and will be removed in 0.15. The current behavior is equivalent to passing `weights=VGG16_Weights.IMAGENET1K_V1`. You can also use `weights=VGG16_Weights.DEFAULT` to get the most up-to-date weights.
  warnings.warn(msg)
/home/yl3836/.conda/envs/mevent/lib/python3.9/site-packages/torchvision/models/_utils.py:208: UserWarning: The parameter 'pretrained' is deprecated since 0.13 and will be removed in 0.15, please use 'weights' instead.
  warnings.warn(
/home/yl3836/.conda/envs/mevent/lib/python3.9/site-packages/torchvision/models/_utils.py:223: UserWarning: Arguments other than a weight enum or `None` for 'weights' are deprecated since 0.13 and will be removed in 0.15. The current behavior is equivalent to passing `weights=VGG16_Weights.IMAGENET1K_V1`. You can also use `weights=VGG16_Weights.DEFAULT` to get the most up-to-date weights.
  warnings.warn(msg)
/home/yl3836/.conda/envs/mevent/lib/python3.9/site-packages/torchvision/models/_utils.py:208: UserWarning: The parameter 'pretrained' is deprecated since 0.13 and will be removed in 0.15, please use 'weights' instead.
  warnings.warn(
/home/yl3836/.conda/envs/mevent/lib/python3.9/site-packages/torchvision/models/_utils.py:223: UserWarning: Arguments other than a weight enum or `None` for 'weights' are deprecated since 0.13 and will be removed in 0.15. The current behavior is equivalent to passing `weights=VGG16_Weights.IMAGENET1K_V1`. You can also use `weights=VGG16_Weights.DEFAULT` to get the most up-to-date weights.
  warnings.warn(msg)
/home/yl3836/.conda/envs/mevent/lib/python3.9/site-packages/torchvision/models/_utils.py:208: UserWarning: The parameter 'pretrained' is deprecated since 0.13 and will be removed in 0.15, please use 'weights' instead.
  warnings.warn(
/home/yl3836/.conda/envs/mevent/lib/python3.9/site-packages/torchvision/models/_utils.py:223: UserWarning: Arguments other than a weight enum or `None` for 'weights' are deprecated since 0.13 and will be removed in 0.15. The current behavior is equivalent to passing `weights=VGG16_Weights.IMAGENET1K_V1`. You can also use `weights=VGG16_Weights.DEFAULT` to get the most up-to-date weights.
  warnings.warn(msg)
/home/yl3836/.conda/envs/mevent/lib/python3.9/site-packages/torchvision/models/_utils.py:208: UserWarning: The parameter 'pretrained' is deprecated since 0.13 and will be removed in 0.15, please use 'weights' instead.
  warnings.warn(
/home/yl3836/.conda/envs/mevent/lib/python3.9/site-packages/torchvision/models/_utils.py:223: UserWarning: Arguments other than a weight enum or `None` for 'weights' are deprecated since 0.13 and will be removed in 0.15. The current behavior is equivalent to passing `weights=VGG16_Weights.IMAGENET1K_V1`. You can also use `weights=VGG16_Weights.DEFAULT` to get the most up-to-date weights.
  warnings.warn(msg)
/home/yl3836/.conda/envs/mevent/lib/python3.9/site-packages/torchvision/models/_utils.py:208: UserWarning: The parameter 'pretrained' is deprecated since 0.13 and will be removed in 0.15, please use 'weights' instead.
  warnings.warn(
/home/yl3836/.conda/envs/mevent/lib/python3.9/site-packages/torchvision/models/_utils.py:223: UserWarning: Arguments other than a weight enum or `None` for 'weights' are deprecated since 0.13 and will be removed in 0.15. The current behavior is equivalent to passing `weights=VGG16_Weights.IMAGENET1K_V1`. You can also use `weights=VGG16_Weights.DEFAULT` to get the most up-to-date weights.
  warnings.warn(msg)
/home/yl3836/.conda/envs/mevent/lib/python3.9/site-packages/torchvision/models/_utils.py:208: UserWarning: The parameter 'pretrained' is deprecated since 0.13 and will be removed in 0.15, please use 'weights' instead.
  warnings.warn(
/home/yl3836/.conda/envs/mevent/lib/python3.9/site-packages/torchvision/models/_utils.py:223: UserWarning: Arguments other than a weight enum or `None` for 'weights' are deprecated since 0.13 and will be removed in 0.15. The current behavior is equivalent to passing `weights=VGG16_Weights.IMAGENET1K_V1`. You can also use `weights=VGG16_Weights.DEFAULT` to get the most up-to-date weights.
  warnings.warn(msg)
/home/yl3836/.conda/envs/mevent/lib/python3.9/site-packages/torchvision/models/_utils.py:208: UserWarning: The parameter 'pretrained' is deprecated since 0.13 and will be removed in 0.15, please use 'weights' instead.
  warnings.warn(
/home/yl3836/.conda/envs/mevent/lib/python3.9/site-packages/torchvision/models/_utils.py:223: UserWarning: Arguments other than a weight enum or `None` for 'weights' are deprecated since 0.13 and will be removed in 0.15. The current behavior is equivalent to passing `weights=VGG16_Weights.IMAGENET1K_V1`. You can also use `weights=VGG16_Weights.DEFAULT` to get the most up-to-date weights.
  warnings.warn(msg)
/home/yl3836/.conda/envs/mevent/lib/python3.9/site-packages/torchvision/models/_utils.py:208: UserWarning: The parameter 'pretrained' is deprecated since 0.13 and will be removed in 0.15, please use 'weights' instead.
  warnings.warn(
/home/yl3836/.conda/envs/mevent/lib/python3.9/site-packages/torchvision/models/_utils.py:223: UserWarning: Arguments other than a weight enum or `None` for 'weights' are deprecated since 0.13 and will be removed in 0.15. The current behavior is equivalent to passing `weights=VGG16_Weights.IMAGENET1K_V1`. You can also use `weights=VGG16_Weights.DEFAULT` to get the most up-to-date weights.
  warnings.warn(msg)
Validation: [0/888 (0%)]
Validation: [16/888 (2%)]
Validation: [32/888 (4%)]
Validation: [48/888 (5%)]
Validation: [64/888 (7%)]
Validation: [80/888 (9%)]
Validation: [96/888 (11%)]
Validation: [112/888 (13%)]
Validation: [128/888 (14%)]
Validation: [144/888 (16%)]
Validation: [160/888 (18%)]
Validation: [176/888 (20%)]
Validation: [192/888 (22%)]
Validation: [208/888 (23%)]
Validation: [224/888 (25%)]
Validation: [240/888 (27%)]
Validation: [256/888 (29%)]
Validation: [272/888 (31%)]
Validation: [288/888 (32%)]
Validation: [304/888 (34%)]
Validation: [320/888 (36%)]
Validation: [336/888 (38%)]
Validation: [352/888 (40%)]
Validation: [368/888 (41%)]
Validation: [384/888 (43%)]
Validation: [400/888 (45%)]
Validation: [416/888 (47%)]
Validation: [432/888 (49%)]
Validation: [448/888 (50%)]
Validation: [464/888 (52%)]
Validation: [480/888 (54%)]
Validation: [496/888 (56%)]
Validation: [512/888 (58%)]
Validation: [528/888 (59%)]
Validation: [544/888 (61%)]
Validation: [560/888 (63%)]
Validation: [576/888 (65%)]
Validation: [592/888 (67%)]
Validation: [608/888 (68%)]
Validation: [624/888 (70%)]
Validation: [640/888 (72%)]
Validation: [656/888 (74%)]
Validation: [672/888 (76%)]
Validation: [688/888 (77%)]
Validation: [704/888 (79%)]
Validation: [720/888 (81%)]
Validation: [736/888 (83%)]
Validation: [752/888 (85%)]
Validation: [768/888 (86%)]
Validation: [784/888 (88%)]
Validation: [800/888 (90%)]
Validation: [816/888 (92%)]
Validation: [832/888 (94%)]
Validation: [848/888 (95%)]
Validation: [864/888 (97%)]
Validation: [880/888 (99%)]
[W CudaIPCTypes.cpp:15] Producer process has been terminated before all shared CUDA tensors released. See Note [Sharing CUDA tensors]
Saving current best: model_best.pth.tar ...
/home/yl3836/.conda/envs/mevent/lib/python3.9/site-packages/torchvision/models/_utils.py:208: UserWarning: The parameter 'pretrained' is deprecated since 0.13 and will be removed in 0.15, please use 'weights' instead.
  warnings.warn(
/home/yl3836/.conda/envs/mevent/lib/python3.9/site-packages/torchvision/models/_utils.py:223: UserWarning: Arguments other than a weight enum or `None` for 'weights' are deprecated since 0.13 and will be removed in 0.15. The current behavior is equivalent to passing `weights=VGG16_Weights.IMAGENET1K_V1`. You can also use `weights=VGG16_Weights.DEFAULT` to get the most up-to-date weights.
  warnings.warn(msg)
/home/yl3836/.conda/envs/mevent/lib/python3.9/site-packages/torchvision/models/_utils.py:208: UserWarning: The parameter 'pretrained' is deprecated since 0.13 and will be removed in 0.15, please use 'weights' instead.
  warnings.warn(
/home/yl3836/.conda/envs/mevent/lib/python3.9/site-packages/torchvision/models/_utils.py:223: UserWarning: Arguments other than a weight enum or `None` for 'weights' are deprecated since 0.13 and will be removed in 0.15. The current behavior is equivalent to passing `weights=VGG16_Weights.IMAGENET1K_V1`. You can also use `weights=VGG16_Weights.DEFAULT` to get the most up-to-date weights.
  warnings.warn(msg)
/home/yl3836/.conda/envs/mevent/lib/python3.9/site-packages/torchvision/models/_utils.py:208: UserWarning: The parameter 'pretrained' is deprecated since 0.13 and will be removed in 0.15, please use 'weights' instead.
  warnings.warn(
/home/yl3836/.conda/envs/mevent/lib/python3.9/site-packages/torchvision/models/_utils.py:223: UserWarning: Arguments other than a weight enum or `None` for 'weights' are deprecated since 0.13 and will be removed in 0.15. The current behavior is equivalent to passing `weights=VGG16_Weights.IMAGENET1K_V1`. You can also use `weights=VGG16_Weights.DEFAULT` to get the most up-to-date weights.
  warnings.warn(msg)
/home/yl3836/.conda/envs/mevent/lib/python3.9/site-packages/torchvision/models/_utils.py:208: UserWarning: The parameter 'pretrained' is deprecated since 0.13 and will be removed in 0.15, please use 'weights' instead.
  warnings.warn(
/home/yl3836/.conda/envs/mevent/lib/python3.9/site-packages/torchvision/models/_utils.py:223: UserWarning: Arguments other than a weight enum or `None` for 'weights' are deprecated since 0.13 and will be removed in 0.15. The current behavior is equivalent to passing `weights=VGG16_Weights.IMAGENET1K_V1`. You can also use `weights=VGG16_Weights.DEFAULT` to get the most up-to-date weights.
  warnings.warn(msg)
/home/yl3836/.conda/envs/mevent/lib/python3.9/site-packages/torchvision/models/_utils.py:208: UserWarning: The parameter 'pretrained' is deprecated since 0.13 and will be removed in 0.15, please use 'weights' instead.
  warnings.warn(
/home/yl3836/.conda/envs/mevent/lib/python3.9/site-packages/torchvision/models/_utils.py:223: UserWarning: Arguments other than a weight enum or `None` for 'weights' are deprecated since 0.13 and will be removed in 0.15. The current behavior is equivalent to passing `weights=VGG16_Weights.IMAGENET1K_V1`. You can also use `weights=VGG16_Weights.DEFAULT` to get the most up-to-date weights.
  warnings.warn(msg)
/home/yl3836/.conda/envs/mevent/lib/python3.9/site-packages/torchvision/models/_utils.py:208: UserWarning: The parameter 'pretrained' is deprecated since 0.13 and will be removed in 0.15, please use 'weights' instead.
  warnings.warn(
/home/yl3836/.conda/envs/mevent/lib/python3.9/site-packages/torchvision/models/_utils.py:223: UserWarning: Arguments other than a weight enum or `None` for 'weights' are deprecated since 0.13 and will be removed in 0.15. The current behavior is equivalent to passing `weights=VGG16_Weights.IMAGENET1K_V1`. You can also use `weights=VGG16_Weights.DEFAULT` to get the most up-to-date weights.
  warnings.warn(msg)
/home/yl3836/.conda/envs/mevent/lib/python3.9/site-packages/torchvision/models/_utils.py:208: UserWarning: The parameter 'pretrained' is deprecated since 0.13 and will be removed in 0.15, please use 'weights' instead.
  warnings.warn(
/home/yl3836/.conda/envs/mevent/lib/python3.9/site-packages/torchvision/models/_utils.py:223: UserWarning: Arguments other than a weight enum or `None` for 'weights' are deprecated since 0.13 and will be removed in 0.15. The current behavior is equivalent to passing `weights=VGG16_Weights.IMAGENET1K_V1`. You can also use `weights=VGG16_Weights.DEFAULT` to get the most up-to-date weights.
  warnings.warn(msg)
/home/yl3836/.conda/envs/mevent/lib/python3.9/site-packages/torchvision/models/_utils.py:208: UserWarning: The parameter 'pretrained' is deprecated since 0.13 and will be removed in 0.15, please use 'weights' instead.
  warnings.warn(
/home/yl3836/.conda/envs/mevent/lib/python3.9/site-packages/torchvision/models/_utils.py:223: UserWarning: Arguments other than a weight enum or `None` for 'weights' are deprecated since 0.13 and will be removed in 0.15. The current behavior is equivalent to passing `weights=VGG16_Weights.IMAGENET1K_V1`. You can also use `weights=VGG16_Weights.DEFAULT` to get the most up-to-date weights.
  warnings.warn(msg)
/home/yl3836/.conda/envs/mevent/lib/python3.9/site-packages/torchvision/models/_utils.py:208: UserWarning: The parameter 'pretrained' is deprecated since 0.13 and will be removed in 0.15, please use 'weights' instead.
  warnings.warn(
/home/yl3836/.conda/envs/mevent/lib/python3.9/site-packages/torchvision/models/_utils.py:223: UserWarning: Arguments other than a weight enum or `None` for 'weights' are deprecated since 0.13 and will be removed in 0.15. The current behavior is equivalent to passing `weights=VGG16_Weights.IMAGENET1K_V1`. You can also use `weights=VGG16_Weights.DEFAULT` to get the most up-to-date weights.
  warnings.warn(msg)
/home/yl3836/.conda/envs/mevent/lib/python3.9/site-packages/torchvision/models/_utils.py:208: UserWarning: The parameter 'pretrained' is deprecated since 0.13 and will be removed in 0.15, please use 'weights' instead.
  warnings.warn(
/home/yl3836/.conda/envs/mevent/lib/python3.9/site-packages/torchvision/models/_utils.py:223: UserWarning: Arguments other than a weight enum or `None` for 'weights' are deprecated since 0.13 and will be removed in 0.15. The current behavior is equivalent to passing `weights=VGG16_Weights.IMAGENET1K_V1`. You can also use `weights=VGG16_Weights.DEFAULT` to get the most up-to-date weights.
  warnings.warn(msg)
/home/yl3836/.conda/envs/mevent/lib/python3.9/site-packages/torchvision/models/_utils.py:208: UserWarning: The parameter 'pretrained' is deprecated since 0.13 and will be removed in 0.15, please use 'weights' instead.
  warnings.warn(
/home/yl3836/.conda/envs/mevent/lib/python3.9/site-packages/torchvision/models/_utils.py:223: UserWarning: Arguments other than a weight enum or `None` for 'weights' are deprecated since 0.13 and will be removed in 0.15. The current behavior is equivalent to passing `weights=VGG16_Weights.IMAGENET1K_V1`. You can also use `weights=VGG16_Weights.DEFAULT` to get the most up-to-date weights.
  warnings.warn(msg)
/home/yl3836/.conda/envs/mevent/lib/python3.9/site-packages/torchvision/models/_utils.py:208: UserWarning: The parameter 'pretrained' is deprecated since 0.13 and will be removed in 0.15, please use 'weights' instead.
  warnings.warn(
/home/yl3836/.conda/envs/mevent/lib/python3.9/site-packages/torchvision/models/_utils.py:223: UserWarning: Arguments other than a weight enum or `None` for 'weights' are deprecated since 0.13 and will be removed in 0.15. The current behavior is equivalent to passing `weights=VGG16_Weights.IMAGENET1K_V1`. You can also use `weights=VGG16_Weights.DEFAULT` to get the most up-to-date weights.
  warnings.warn(msg)
/home/yl3836/.conda/envs/mevent/lib/python3.9/site-packages/torchvision/models/_utils.py:208: UserWarning: The parameter 'pretrained' is deprecated since 0.13 and will be removed in 0.15, please use 'weights' instead.
  warnings.warn(
/home/yl3836/.conda/envs/mevent/lib/python3.9/site-packages/torchvision/models/_utils.py:223: UserWarning: Arguments other than a weight enum or `None` for 'weights' are deprecated since 0.13 and will be removed in 0.15. The current behavior is equivalent to passing `weights=VGG16_Weights.IMAGENET1K_V1`. You can also use `weights=VGG16_Weights.DEFAULT` to get the most up-to-date weights.
  warnings.warn(msg)
/home/yl3836/.conda/envs/mevent/lib/python3.9/site-packages/torchvision/models/_utils.py:208: UserWarning: The parameter 'pretrained' is deprecated since 0.13 and will be removed in 0.15, please use 'weights' instead.
  warnings.warn(
/home/yl3836/.conda/envs/mevent/lib/python3.9/site-packages/torchvision/models/_utils.py:223: UserWarning: Arguments other than a weight enum or `None` for 'weights' are deprecated since 0.13 and will be removed in 0.15. The current behavior is equivalent to passing `weights=VGG16_Weights.IMAGENET1K_V1`. You can also use `weights=VGG16_Weights.DEFAULT` to get the most up-to-date weights.
  warnings.warn(msg)
Train Epoch: 14 [0/2648 (0%)] loss: 0.0078 L_si: 0.0078 L_grad: 0.0000 
Train Epoch: 14 [16/2648 (1%)] loss: 0.0084 L_si: 0.0084 L_grad: 0.0000 
Train Epoch: 14 [32/2648 (1%)] loss: 0.0075 L_si: 0.0075 L_grad: 0.0000 
Train Epoch: 14 [48/2648 (2%)] loss: 0.0062 L_si: 0.0062 L_grad: 0.0000 
[W CudaIPCTypes.cpp:92] Producer process tried to deallocate over 1000 memory blocks referred by consumer processes. Deallocation might be significantly slowed down. We assume it will never going to be the case, but if it is, please file but to https://github.com/pytorch/pytorch
Train Epoch: 14 [64/2648 (2%)] loss: 0.0078 L_si: 0.0078 L_grad: 0.0000 
Train Epoch: 14 [80/2648 (3%)] loss: 0.0072 L_si: 0.0072 L_grad: 0.0000 
Train Epoch: 14 [96/2648 (4%)] loss: 0.0068 L_si: 0.0068 L_grad: 0.0000 
Train Epoch: 14 [112/2648 (4%)] loss: 0.0081 L_si: 0.0081 L_grad: 0.0000 
Train Epoch: 14 [128/2648 (5%)] loss: 0.0068 L_si: 0.0068 L_grad: 0.0000 
Train Epoch: 14 [144/2648 (5%)] loss: 0.0076 L_si: 0.0076 L_grad: 0.0000 
Train Epoch: 14 [160/2648 (6%)] loss: 0.0068 L_si: 0.0068 L_grad: 0.0000 
Train Epoch: 14 [176/2648 (7%)] loss: 0.0070 L_si: 0.0070 L_grad: 0.0000 
Train Epoch: 14 [192/2648 (7%)] loss: 0.0070 L_si: 0.0070 L_grad: 0.0000 
Train Epoch: 14 [208/2648 (8%)] loss: 0.0069 L_si: 0.0069 L_grad: 0.0000 
Train Epoch: 14 [224/2648 (8%)] loss: 0.0064 L_si: 0.0064 L_grad: 0.0000 
Train Epoch: 14 [240/2648 (9%)] loss: 0.0065 L_si: 0.0065 L_grad: 0.0000 
Train Epoch: 14 [256/2648 (10%)] loss: 0.0077 L_si: 0.0077 L_grad: 0.0000 
Train Epoch: 14 [272/2648 (10%)] loss: 0.0073 L_si: 0.0073 L_grad: 0.0000 
Train Epoch: 14 [288/2648 (11%)] loss: 0.0057 L_si: 0.0057 L_grad: 0.0000 
Train Epoch: 14 [304/2648 (11%)] loss: 0.0075 L_si: 0.0075 L_grad: 0.0000 
Train Epoch: 14 [320/2648 (12%)] loss: 0.0066 L_si: 0.0066 L_grad: 0.0000 
Train Epoch: 14 [336/2648 (13%)] loss: 0.0078 L_si: 0.0078 L_grad: 0.0000 
Train Epoch: 14 [352/2648 (13%)] loss: 0.0082 L_si: 0.0082 L_grad: 0.0000 
Train Epoch: 14 [368/2648 (14%)] loss: 0.0072 L_si: 0.0072 L_grad: 0.0000 
Train Epoch: 14 [384/2648 (15%)] loss: 0.0077 L_si: 0.0077 L_grad: 0.0000 
Train Epoch: 14 [400/2648 (15%)] loss: 0.0075 L_si: 0.0075 L_grad: 0.0000 
Train Epoch: 14 [416/2648 (16%)] loss: 0.0075 L_si: 0.0075 L_grad: 0.0000 
Train Epoch: 14 [432/2648 (16%)] loss: 0.0062 L_si: 0.0062 L_grad: 0.0000 
Train Epoch: 14 [448/2648 (17%)] loss: 0.0073 L_si: 0.0073 L_grad: 0.0000 
Train Epoch: 14 [464/2648 (18%)] loss: 0.0075 L_si: 0.0075 L_grad: 0.0000 
Train Epoch: 14 [480/2648 (18%)] loss: 0.0079 L_si: 0.0079 L_grad: 0.0000 
Train Epoch: 14 [496/2648 (19%)] loss: 0.0064 L_si: 0.0064 L_grad: 0.0000 
Train Epoch: 14 [512/2648 (19%)] loss: 0.0075 L_si: 0.0075 L_grad: 0.0000 
Train Epoch: 14 [528/2648 (20%)] loss: 0.0077 L_si: 0.0077 L_grad: 0.0000 
Train Epoch: 14 [544/2648 (21%)] loss: 0.0080 L_si: 0.0080 L_grad: 0.0000 
Train Epoch: 14 [560/2648 (21%)] loss: 0.0059 L_si: 0.0059 L_grad: 0.0000 
Train Epoch: 14 [576/2648 (22%)] loss: 0.0061 L_si: 0.0061 L_grad: 0.0000 
Train Epoch: 14 [592/2648 (22%)] loss: 0.0075 L_si: 0.0075 L_grad: 0.0000 
Train Epoch: 14 [608/2648 (23%)] loss: 0.0066 L_si: 0.0066 L_grad: 0.0000 
Train Epoch: 14 [624/2648 (24%)] loss: 0.0068 L_si: 0.0068 L_grad: 0.0000 
Train Epoch: 14 [640/2648 (24%)] loss: 0.0078 L_si: 0.0078 L_grad: 0.0000 
[W CudaIPCTypes.cpp:92] Producer process tried to deallocate over 1000 memory blocks referred by consumer processes. Deallocation might be significantly slowed down. We assume it will never going to be the case, but if it is, please file but to https://github.com/pytorch/pytorch
Train Epoch: 14 [656/2648 (25%)] loss: 0.0071 L_si: 0.0071 L_grad: 0.0000 
Train Epoch: 14 [672/2648 (25%)] loss: 0.0086 L_si: 0.0086 L_grad: 0.0000 
Train Epoch: 14 [688/2648 (26%)] loss: 0.0065 L_si: 0.0065 L_grad: 0.0000 
Train Epoch: 14 [704/2648 (27%)] loss: 0.0074 L_si: 0.0074 L_grad: 0.0000 
Train Epoch: 14 [720/2648 (27%)] loss: 0.0078 L_si: 0.0078 L_grad: 0.0000 
Train Epoch: 14 [736/2648 (28%)] loss: 0.0074 L_si: 0.0074 L_grad: 0.0000 
Train Epoch: 14 [752/2648 (28%)] loss: 0.0079 L_si: 0.0079 L_grad: 0.0000 
Train Epoch: 14 [768/2648 (29%)] loss: 0.0079 L_si: 0.0079 L_grad: 0.0000 
Train Epoch: 14 [784/2648 (30%)] loss: 0.0065 L_si: 0.0065 L_grad: 0.0000 
Train Epoch: 14 [800/2648 (30%)] loss: 0.0074 L_si: 0.0074 L_grad: 0.0000 
Train Epoch: 14 [816/2648 (31%)] loss: 0.0074 L_si: 0.0074 L_grad: 0.0000 
Train Epoch: 14 [832/2648 (31%)] loss: 0.0070 L_si: 0.0070 L_grad: 0.0000 
Train Epoch: 14 [848/2648 (32%)] loss: 0.0059 L_si: 0.0059 L_grad: 0.0000 
Train Epoch: 14 [864/2648 (33%)] loss: 0.0070 L_si: 0.0070 L_grad: 0.0000 
Train Epoch: 14 [880/2648 (33%)] loss: 0.0069 L_si: 0.0069 L_grad: 0.0000 
Train Epoch: 14 [896/2648 (34%)] loss: 0.0066 L_si: 0.0066 L_grad: 0.0000 
Train Epoch: 14 [912/2648 (34%)] loss: 0.0067 L_si: 0.0067 L_grad: 0.0000 
Train Epoch: 14 [928/2648 (35%)] loss: 0.0057 L_si: 0.0057 L_grad: 0.0000 
Train Epoch: 14 [944/2648 (36%)] loss: 0.0067 L_si: 0.0067 L_grad: 0.0000 
Train Epoch: 14 [960/2648 (36%)] loss: 0.0069 L_si: 0.0069 L_grad: 0.0000 
Train Epoch: 14 [976/2648 (37%)] loss: 0.0073 L_si: 0.0073 L_grad: 0.0000 
Train Epoch: 14 [992/2648 (37%)] loss: 0.0064 L_si: 0.0064 L_grad: 0.0000 
Train Epoch: 14 [1008/2648 (38%)] loss: 0.0068 L_si: 0.0068 L_grad: 0.0000 
Train Epoch: 14 [1024/2648 (39%)] loss: 0.0065 L_si: 0.0065 L_grad: 0.0000 
Train Epoch: 14 [1040/2648 (39%)] loss: 0.0065 L_si: 0.0065 L_grad: 0.0000 
Train Epoch: 14 [1056/2648 (40%)] loss: 0.0081 L_si: 0.0081 L_grad: 0.0000 
Train Epoch: 14 [1072/2648 (40%)] loss: 0.0069 L_si: 0.0069 L_grad: 0.0000 
Train Epoch: 14 [1088/2648 (41%)] loss: 0.0070 L_si: 0.0070 L_grad: 0.0000 
Train Epoch: 14 [1104/2648 (42%)] loss: 0.0078 L_si: 0.0078 L_grad: 0.0000 
Train Epoch: 14 [1120/2648 (42%)] loss: 0.0082 L_si: 0.0082 L_grad: 0.0000 
Train Epoch: 14 [1136/2648 (43%)] loss: 0.0073 L_si: 0.0073 L_grad: 0.0000 
Train Epoch: 14 [1152/2648 (44%)] loss: 0.0085 L_si: 0.0085 L_grad: 0.0000 
Train Epoch: 14 [1168/2648 (44%)] loss: 0.0053 L_si: 0.0053 L_grad: 0.0000 
Train Epoch: 14 [1184/2648 (45%)] loss: 0.0075 L_si: 0.0075 L_grad: 0.0000 
Train Epoch: 14 [1200/2648 (45%)] loss: 0.0058 L_si: 0.0058 L_grad: 0.0000 
[W CudaIPCTypes.cpp:92] Producer process tried to deallocate over 1000 memory blocks referred by consumer processes. Deallocation might be significantly slowed down. We assume it will never going to be the case, but if it is, please file but to https://github.com/pytorch/pytorch
Train Epoch: 14 [1216/2648 (46%)] loss: 0.0069 L_si: 0.0069 L_grad: 0.0000 
Train Epoch: 14 [1232/2648 (47%)] loss: 0.0066 L_si: 0.0066 L_grad: 0.0000 
Train Epoch: 14 [1248/2648 (47%)] loss: 0.0087 L_si: 0.0087 L_grad: 0.0000 
Train Epoch: 14 [1264/2648 (48%)] loss: 0.0077 L_si: 0.0077 L_grad: 0.0000 
Train Epoch: 14 [1280/2648 (48%)] loss: 0.0056 L_si: 0.0056 L_grad: 0.0000 
Train Epoch: 14 [1296/2648 (49%)] loss: 0.0075 L_si: 0.0075 L_grad: 0.0000 
Train Epoch: 14 [1312/2648 (50%)] loss: 0.0083 L_si: 0.0083 L_grad: 0.0000 
Train Epoch: 14 [1328/2648 (50%)] loss: 0.0069 L_si: 0.0069 L_grad: 0.0000 
Train Epoch: 14 [1344/2648 (51%)] loss: 0.0077 L_si: 0.0077 L_grad: 0.0000 
Train Epoch: 14 [1360/2648 (51%)] loss: 0.0081 L_si: 0.0081 L_grad: 0.0000 
Train Epoch: 14 [1376/2648 (52%)] loss: 0.0068 L_si: 0.0068 L_grad: 0.0000 
Train Epoch: 14 [1392/2648 (53%)] loss: 0.0076 L_si: 0.0076 L_grad: 0.0000 
Train Epoch: 14 [1408/2648 (53%)] loss: 0.0063 L_si: 0.0063 L_grad: 0.0000 
Train Epoch: 14 [1424/2648 (54%)] loss: 0.0075 L_si: 0.0075 L_grad: 0.0000 
Train Epoch: 14 [1440/2648 (54%)] loss: 0.0069 L_si: 0.0069 L_grad: 0.0000 
Train Epoch: 14 [1456/2648 (55%)] loss: 0.0069 L_si: 0.0069 L_grad: 0.0000 
Train Epoch: 14 [1472/2648 (56%)] loss: 0.0077 L_si: 0.0077 L_grad: 0.0000 
Train Epoch: 14 [1488/2648 (56%)] loss: 0.0081 L_si: 0.0081 L_grad: 0.0000 
Train Epoch: 14 [1504/2648 (57%)] loss: 0.0071 L_si: 0.0071 L_grad: 0.0000 
Train Epoch: 14 [1520/2648 (57%)] loss: 0.0067 L_si: 0.0067 L_grad: 0.0000 
[W CudaIPCTypes.cpp:92] Producer process tried to deallocate over 1000 memory blocks referred by consumer processes. Deallocation might be significantly slowed down. We assume it will never going to be the case, but if it is, please file but to https://github.com/pytorch/pytorch
[W CudaIPCTypes.cpp:92] Producer process tried to deallocate over 1000 memory blocks referred by consumer processes. Deallocation might be significantly slowed down. We assume it will never going to be the case, but if it is, please file but to https://github.com/pytorch/pytorch
Train Epoch: 14 [1536/2648 (58%)] loss: 0.0063 L_si: 0.0063 L_grad: 0.0000 
Train Epoch: 14 [1552/2648 (59%)] loss: 0.0060 L_si: 0.0060 L_grad: 0.0000 
Train Epoch: 14 [1568/2648 (59%)] loss: 0.0073 L_si: 0.0073 L_grad: 0.0000 
Train Epoch: 14 [1584/2648 (60%)] loss: 0.0052 L_si: 0.0052 L_grad: 0.0000 
Train Epoch: 14 [1600/2648 (60%)] loss: 0.0080 L_si: 0.0080 L_grad: 0.0000 
Train Epoch: 14 [1616/2648 (61%)] loss: 0.0068 L_si: 0.0068 L_grad: 0.0000 
[W CudaIPCTypes.cpp:92] Producer process tried to deallocate over 1000 memory blocks referred by consumer processes. Deallocation might be significantly slowed down. We assume it will never going to be the case, but if it is, please file but to https://github.com/pytorch/pytorch
Train Epoch: 14 [1632/2648 (62%)] loss: 0.0072 L_si: 0.0072 L_grad: 0.0000 
Train Epoch: 14 [1648/2648 (62%)] loss: 0.0077 L_si: 0.0077 L_grad: 0.0000 
Train Epoch: 14 [1664/2648 (63%)] loss: 0.0072 L_si: 0.0072 L_grad: 0.0000 
Train Epoch: 14 [1680/2648 (63%)] loss: 0.0070 L_si: 0.0070 L_grad: 0.0000 
Train Epoch: 14 [1696/2648 (64%)] loss: 0.0072 L_si: 0.0072 L_grad: 0.0000 
Train Epoch: 14 [1712/2648 (65%)] loss: 0.0076 L_si: 0.0076 L_grad: 0.0000 
Train Epoch: 14 [1728/2648 (65%)] loss: 0.0086 L_si: 0.0086 L_grad: 0.0000 
Train Epoch: 14 [1744/2648 (66%)] loss: 0.0069 L_si: 0.0069 L_grad: 0.0000 
Train Epoch: 14 [1760/2648 (66%)] loss: 0.0079 L_si: 0.0079 L_grad: 0.0000 
Train Epoch: 14 [1776/2648 (67%)] loss: 0.0079 L_si: 0.0079 L_grad: 0.0000 
Train Epoch: 14 [1792/2648 (68%)] loss: 0.0075 L_si: 0.0075 L_grad: 0.0000 
Train Epoch: 14 [1808/2648 (68%)] loss: 0.0063 L_si: 0.0063 L_grad: 0.0000 
Train Epoch: 14 [1824/2648 (69%)] loss: 0.0064 L_si: 0.0064 L_grad: 0.0000 
Train Epoch: 14 [1840/2648 (69%)] loss: 0.0078 L_si: 0.0078 L_grad: 0.0000 
Train Epoch: 14 [1856/2648 (70%)] loss: 0.0073 L_si: 0.0073 L_grad: 0.0000 
Train Epoch: 14 [1872/2648 (71%)] loss: 0.0080 L_si: 0.0080 L_grad: 0.0000 
Train Epoch: 14 [1888/2648 (71%)] loss: 0.0078 L_si: 0.0078 L_grad: 0.0000 
Train Epoch: 14 [1904/2648 (72%)] loss: 0.0062 L_si: 0.0062 L_grad: 0.0000 
Train Epoch: 14 [1920/2648 (73%)] loss: 0.0058 L_si: 0.0058 L_grad: 0.0000 
Train Epoch: 14 [1936/2648 (73%)] loss: 0.0069 L_si: 0.0069 L_grad: 0.0000 
Train Epoch: 14 [1952/2648 (74%)] loss: 0.0077 L_si: 0.0077 L_grad: 0.0000 
Train Epoch: 14 [1968/2648 (74%)] loss: 0.0076 L_si: 0.0076 L_grad: 0.0000 
Train Epoch: 14 [1984/2648 (75%)] loss: 0.0063 L_si: 0.0063 L_grad: 0.0000 
Train Epoch: 14 [2000/2648 (76%)] loss: 0.0063 L_si: 0.0063 L_grad: 0.0000 
Train Epoch: 14 [2016/2648 (76%)] loss: 0.0068 L_si: 0.0068 L_grad: 0.0000 
Train Epoch: 14 [2032/2648 (77%)] loss: 0.0080 L_si: 0.0080 L_grad: 0.0000 
Train Epoch: 14 [2048/2648 (77%)] loss: 0.0065 L_si: 0.0065 L_grad: 0.0000 
Train Epoch: 14 [2064/2648 (78%)] loss: 0.0077 L_si: 0.0077 L_grad: 0.0000 
Train Epoch: 14 [2080/2648 (79%)] loss: 0.0067 L_si: 0.0067 L_grad: 0.0000 
Train Epoch: 14 [2096/2648 (79%)] loss: 0.0074 L_si: 0.0074 L_grad: 0.0000 
Train Epoch: 14 [2112/2648 (80%)] loss: 0.0064 L_si: 0.0064 L_grad: 0.0000 
Train Epoch: 14 [2128/2648 (80%)] loss: 0.0068 L_si: 0.0068 L_grad: 0.0000 
Train Epoch: 14 [2144/2648 (81%)] loss: 0.0078 L_si: 0.0078 L_grad: 0.0000 
Train Epoch: 14 [2160/2648 (82%)] loss: 0.0078 L_si: 0.0078 L_grad: 0.0000 
Train Epoch: 14 [2176/2648 (82%)] loss: 0.0061 L_si: 0.0061 L_grad: 0.0000 
Train Epoch: 14 [2192/2648 (83%)] loss: 0.0074 L_si: 0.0074 L_grad: 0.0000 
Train Epoch: 14 [2208/2648 (83%)] loss: 0.0078 L_si: 0.0078 L_grad: 0.0000 
Train Epoch: 14 [2224/2648 (84%)] loss: 0.0077 L_si: 0.0077 L_grad: 0.0000 
Train Epoch: 14 [2240/2648 (85%)] loss: 0.0075 L_si: 0.0075 L_grad: 0.0000 
Train Epoch: 14 [2256/2648 (85%)] loss: 0.0072 L_si: 0.0072 L_grad: 0.0000 
Train Epoch: 14 [2272/2648 (86%)] loss: 0.0074 L_si: 0.0074 L_grad: 0.0000 
Train Epoch: 14 [2288/2648 (86%)] loss: 0.0068 L_si: 0.0068 L_grad: 0.0000 
Train Epoch: 14 [2304/2648 (87%)] loss: 0.0061 L_si: 0.0061 L_grad: 0.0000 
Train Epoch: 14 [2320/2648 (88%)] loss: 0.0064 L_si: 0.0064 L_grad: 0.0000 
Train Epoch: 14 [2336/2648 (88%)] loss: 0.0078 L_si: 0.0078 L_grad: 0.0000 
Train Epoch: 14 [2352/2648 (89%)] loss: 0.0075 L_si: 0.0075 L_grad: 0.0000 
Train Epoch: 14 [2368/2648 (89%)] loss: 0.0069 L_si: 0.0069 L_grad: 0.0000 
Train Epoch: 14 [2384/2648 (90%)] loss: 0.0065 L_si: 0.0065 L_grad: 0.0000 
Train Epoch: 14 [2400/2648 (91%)] loss: 0.0052 L_si: 0.0052 L_grad: 0.0000 
Train Epoch: 14 [2416/2648 (91%)] loss: 0.0070 L_si: 0.0070 L_grad: 0.0000 
Train Epoch: 14 [2432/2648 (92%)] loss: 0.0084 L_si: 0.0084 L_grad: 0.0000 
Train Epoch: 14 [2448/2648 (92%)] loss: 0.0073 L_si: 0.0073 L_grad: 0.0000 
Train Epoch: 14 [2464/2648 (93%)] loss: 0.0082 L_si: 0.0082 L_grad: 0.0000 
Train Epoch: 14 [2480/2648 (94%)] loss: 0.0067 L_si: 0.0067 L_grad: 0.0000 
Train Epoch: 14 [2496/2648 (94%)] loss: 0.0065 L_si: 0.0065 L_grad: 0.0000 
Train Epoch: 14 [2512/2648 (95%)] loss: 0.0059 L_si: 0.0059 L_grad: 0.0000 
Train Epoch: 14 [2528/2648 (95%)] loss: 0.0070 L_si: 0.0070 L_grad: 0.0000 
Train Epoch: 14 [2544/2648 (96%)] loss: 0.0068 L_si: 0.0068 L_grad: 0.0000 
Train Epoch: 14 [2560/2648 (97%)] loss: 0.0083 L_si: 0.0083 L_grad: 0.0000 
Train Epoch: 14 [2576/2648 (97%)] loss: 0.0071 L_si: 0.0071 L_grad: 0.0000 
Train Epoch: 14 [2592/2648 (98%)] loss: 0.0076 L_si: 0.0076 L_grad: 0.0000 
Train Epoch: 14 [2608/2648 (98%)] loss: 0.0066 L_si: 0.0066 L_grad: 0.0000 
Train Epoch: 14 [2624/2648 (99%)] loss: 0.0069 L_si: 0.0069 L_grad: 0.0000 
Train Epoch: 14 [2640/2648 (100%)] loss: 0.0070 L_si: 0.0070 L_grad: 0.0000 
[W CudaIPCTypes.cpp:15] Producer process has been terminated before all shared CUDA tensors released. See Note [Sharing CUDA tensors]
/home/yl3836/.conda/envs/mevent/lib/python3.9/site-packages/torchvision/models/_utils.py:208: UserWarning: The parameter 'pretrained' is deprecated since 0.13 and will be removed in 0.15, please use 'weights' instead.
  warnings.warn(
/home/yl3836/.conda/envs/mevent/lib/python3.9/site-packages/torchvision/models/_utils.py:223: UserWarning: Arguments other than a weight enum or `None` for 'weights' are deprecated since 0.13 and will be removed in 0.15. The current behavior is equivalent to passing `weights=VGG16_Weights.IMAGENET1K_V1`. You can also use `weights=VGG16_Weights.DEFAULT` to get the most up-to-date weights.
  warnings.warn(msg)
/home/yl3836/.conda/envs/mevent/lib/python3.9/site-packages/torchvision/models/_utils.py:208: UserWarning: The parameter 'pretrained' is deprecated since 0.13 and will be removed in 0.15, please use 'weights' instead.
  warnings.warn(
/home/yl3836/.conda/envs/mevent/lib/python3.9/site-packages/torchvision/models/_utils.py:223: UserWarning: Arguments other than a weight enum or `None` for 'weights' are deprecated since 0.13 and will be removed in 0.15. The current behavior is equivalent to passing `weights=VGG16_Weights.IMAGENET1K_V1`. You can also use `weights=VGG16_Weights.DEFAULT` to get the most up-to-date weights.
  warnings.warn(msg)
/home/yl3836/.conda/envs/mevent/lib/python3.9/site-packages/torchvision/models/_utils.py:208: UserWarning: The parameter 'pretrained' is deprecated since 0.13 and will be removed in 0.15, please use 'weights' instead.
  warnings.warn(
/home/yl3836/.conda/envs/mevent/lib/python3.9/site-packages/torchvision/models/_utils.py:223: UserWarning: Arguments other than a weight enum or `None` for 'weights' are deprecated since 0.13 and will be removed in 0.15. The current behavior is equivalent to passing `weights=VGG16_Weights.IMAGENET1K_V1`. You can also use `weights=VGG16_Weights.DEFAULT` to get the most up-to-date weights.
  warnings.warn(msg)
/home/yl3836/.conda/envs/mevent/lib/python3.9/site-packages/torchvision/models/_utils.py:208: UserWarning: The parameter 'pretrained' is deprecated since 0.13 and will be removed in 0.15, please use 'weights' instead.
  warnings.warn(
/home/yl3836/.conda/envs/mevent/lib/python3.9/site-packages/torchvision/models/_utils.py:223: UserWarning: Arguments other than a weight enum or `None` for 'weights' are deprecated since 0.13 and will be removed in 0.15. The current behavior is equivalent to passing `weights=VGG16_Weights.IMAGENET1K_V1`. You can also use `weights=VGG16_Weights.DEFAULT` to get the most up-to-date weights.
  warnings.warn(msg)
/home/yl3836/.conda/envs/mevent/lib/python3.9/site-packages/torchvision/models/_utils.py:208: UserWarning: The parameter 'pretrained' is deprecated since 0.13 and will be removed in 0.15, please use 'weights' instead.
  warnings.warn(
/home/yl3836/.conda/envs/mevent/lib/python3.9/site-packages/torchvision/models/_utils.py:223: UserWarning: Arguments other than a weight enum or `None` for 'weights' are deprecated since 0.13 and will be removed in 0.15. The current behavior is equivalent to passing `weights=VGG16_Weights.IMAGENET1K_V1`. You can also use `weights=VGG16_Weights.DEFAULT` to get the most up-to-date weights.
  warnings.warn(msg)
/home/yl3836/.conda/envs/mevent/lib/python3.9/site-packages/torchvision/models/_utils.py:208: UserWarning: The parameter 'pretrained' is deprecated since 0.13 and will be removed in 0.15, please use 'weights' instead.
  warnings.warn(
/home/yl3836/.conda/envs/mevent/lib/python3.9/site-packages/torchvision/models/_utils.py:223: UserWarning: Arguments other than a weight enum or `None` for 'weights' are deprecated since 0.13 and will be removed in 0.15. The current behavior is equivalent to passing `weights=VGG16_Weights.IMAGENET1K_V1`. You can also use `weights=VGG16_Weights.DEFAULT` to get the most up-to-date weights.
  warnings.warn(msg)
/home/yl3836/.conda/envs/mevent/lib/python3.9/site-packages/torchvision/models/_utils.py:208: UserWarning: The parameter 'pretrained' is deprecated since 0.13 and will be removed in 0.15, please use 'weights' instead.
  warnings.warn(
/home/yl3836/.conda/envs/mevent/lib/python3.9/site-packages/torchvision/models/_utils.py:223: UserWarning: Arguments other than a weight enum or `None` for 'weights' are deprecated since 0.13 and will be removed in 0.15. The current behavior is equivalent to passing `weights=VGG16_Weights.IMAGENET1K_V1`. You can also use `weights=VGG16_Weights.DEFAULT` to get the most up-to-date weights.
  warnings.warn(msg)
/home/yl3836/.conda/envs/mevent/lib/python3.9/site-packages/torchvision/models/_utils.py:208: UserWarning: The parameter 'pretrained' is deprecated since 0.13 and will be removed in 0.15, please use 'weights' instead.
  warnings.warn(
/home/yl3836/.conda/envs/mevent/lib/python3.9/site-packages/torchvision/models/_utils.py:223: UserWarning: Arguments other than a weight enum or `None` for 'weights' are deprecated since 0.13 and will be removed in 0.15. The current behavior is equivalent to passing `weights=VGG16_Weights.IMAGENET1K_V1`. You can also use `weights=VGG16_Weights.DEFAULT` to get the most up-to-date weights.
  warnings.warn(msg)
/home/yl3836/.conda/envs/mevent/lib/python3.9/site-packages/torchvision/models/_utils.py:208: UserWarning: The parameter 'pretrained' is deprecated since 0.13 and will be removed in 0.15, please use 'weights' instead.
  warnings.warn(
/home/yl3836/.conda/envs/mevent/lib/python3.9/site-packages/torchvision/models/_utils.py:223: UserWarning: Arguments other than a weight enum or `None` for 'weights' are deprecated since 0.13 and will be removed in 0.15. The current behavior is equivalent to passing `weights=VGG16_Weights.IMAGENET1K_V1`. You can also use `weights=VGG16_Weights.DEFAULT` to get the most up-to-date weights.
  warnings.warn(msg)
/home/yl3836/.conda/envs/mevent/lib/python3.9/site-packages/torchvision/models/_utils.py:208: UserWarning: The parameter 'pretrained' is deprecated since 0.13 and will be removed in 0.15, please use 'weights' instead.
  warnings.warn(
/home/yl3836/.conda/envs/mevent/lib/python3.9/site-packages/torchvision/models/_utils.py:223: UserWarning: Arguments other than a weight enum or `None` for 'weights' are deprecated since 0.13 and will be removed in 0.15. The current behavior is equivalent to passing `weights=VGG16_Weights.IMAGENET1K_V1`. You can also use `weights=VGG16_Weights.DEFAULT` to get the most up-to-date weights.
  warnings.warn(msg)
/home/yl3836/.conda/envs/mevent/lib/python3.9/site-packages/torchvision/models/_utils.py:208: UserWarning: The parameter 'pretrained' is deprecated since 0.13 and will be removed in 0.15, please use 'weights' instead.
  warnings.warn(
/home/yl3836/.conda/envs/mevent/lib/python3.9/site-packages/torchvision/models/_utils.py:223: UserWarning: Arguments other than a weight enum or `None` for 'weights' are deprecated since 0.13 and will be removed in 0.15. The current behavior is equivalent to passing `weights=VGG16_Weights.IMAGENET1K_V1`. You can also use `weights=VGG16_Weights.DEFAULT` to get the most up-to-date weights.
  warnings.warn(msg)
/home/yl3836/.conda/envs/mevent/lib/python3.9/site-packages/torchvision/models/_utils.py:208: UserWarning: The parameter 'pretrained' is deprecated since 0.13 and will be removed in 0.15, please use 'weights' instead.
  warnings.warn(
/home/yl3836/.conda/envs/mevent/lib/python3.9/site-packages/torchvision/models/_utils.py:223: UserWarning: Arguments other than a weight enum or `None` for 'weights' are deprecated since 0.13 and will be removed in 0.15. The current behavior is equivalent to passing `weights=VGG16_Weights.IMAGENET1K_V1`. You can also use `weights=VGG16_Weights.DEFAULT` to get the most up-to-date weights.
  warnings.warn(msg)
/home/yl3836/.conda/envs/mevent/lib/python3.9/site-packages/torchvision/models/_utils.py:208: UserWarning: The parameter 'pretrained' is deprecated since 0.13 and will be removed in 0.15, please use 'weights' instead.
  warnings.warn(
/home/yl3836/.conda/envs/mevent/lib/python3.9/site-packages/torchvision/models/_utils.py:223: UserWarning: Arguments other than a weight enum or `None` for 'weights' are deprecated since 0.13 and will be removed in 0.15. The current behavior is equivalent to passing `weights=VGG16_Weights.IMAGENET1K_V1`. You can also use `weights=VGG16_Weights.DEFAULT` to get the most up-to-date weights.
  warnings.warn(msg)
/home/yl3836/.conda/envs/mevent/lib/python3.9/site-packages/torchvision/models/_utils.py:208: UserWarning: The parameter 'pretrained' is deprecated since 0.13 and will be removed in 0.15, please use 'weights' instead.
  warnings.warn(
/home/yl3836/.conda/envs/mevent/lib/python3.9/site-packages/torchvision/models/_utils.py:223: UserWarning: Arguments other than a weight enum or `None` for 'weights' are deprecated since 0.13 and will be removed in 0.15. The current behavior is equivalent to passing `weights=VGG16_Weights.IMAGENET1K_V1`. You can also use `weights=VGG16_Weights.DEFAULT` to get the most up-to-date weights.
  warnings.warn(msg)
Validation: [0/888 (0%)]
Validation: [16/888 (2%)]
Validation: [32/888 (4%)]
Validation: [48/888 (5%)]
Validation: [64/888 (7%)]
Validation: [80/888 (9%)]
Validation: [96/888 (11%)]
[W CudaIPCTypes.cpp:92] Producer process tried to deallocate over 1000 memory blocks referred by consumer processes. Deallocation might be significantly slowed down. We assume it will never going to be the case, but if it is, please file but to https://github.com/pytorch/pytorch
Validation: [112/888 (13%)]
Validation: [128/888 (14%)]
Validation: [144/888 (16%)]
Validation: [160/888 (18%)]
Validation: [176/888 (20%)]
Validation: [192/888 (22%)]
Validation: [208/888 (23%)]
Validation: [224/888 (25%)]
Validation: [240/888 (27%)]
Validation: [256/888 (29%)]
Validation: [272/888 (31%)]
Validation: [288/888 (32%)]
Validation: [304/888 (34%)]
Validation: [320/888 (36%)]
Validation: [336/888 (38%)]
Validation: [352/888 (40%)]
Validation: [368/888 (41%)]
Validation: [384/888 (43%)]
Validation: [400/888 (45%)]
Validation: [416/888 (47%)]
Validation: [432/888 (49%)]
Validation: [448/888 (50%)]
Validation: [464/888 (52%)]
Validation: [480/888 (54%)]
Validation: [496/888 (56%)]
Validation: [512/888 (58%)]
Validation: [528/888 (59%)]
Validation: [544/888 (61%)]
Validation: [560/888 (63%)]
Validation: [576/888 (65%)]
Validation: [592/888 (67%)]
Validation: [608/888 (68%)]
Validation: [624/888 (70%)]
Validation: [640/888 (72%)]
Validation: [656/888 (74%)]
Validation: [672/888 (76%)]
Validation: [688/888 (77%)]
Validation: [704/888 (79%)]
Validation: [720/888 (81%)]
Validation: [736/888 (83%)]
Validation: [752/888 (85%)]
Validation: [768/888 (86%)]
Validation: [784/888 (88%)]
Validation: [800/888 (90%)]
Validation: [816/888 (92%)]
Validation: [832/888 (94%)]
Validation: [848/888 (95%)]
Validation: [864/888 (97%)]
Validation: [880/888 (99%)]
[W CudaIPCTypes.cpp:15] Producer process has been terminated before all shared CUDA tensors released. See Note [Sharing CUDA tensors]
Saving current best: model_best.pth.tar ...
/home/yl3836/.conda/envs/mevent/lib/python3.9/site-packages/torchvision/models/_utils.py:208: UserWarning: The parameter 'pretrained' is deprecated since 0.13 and will be removed in 0.15, please use 'weights' instead.
  warnings.warn(
/home/yl3836/.conda/envs/mevent/lib/python3.9/site-packages/torchvision/models/_utils.py:223: UserWarning: Arguments other than a weight enum or `None` for 'weights' are deprecated since 0.13 and will be removed in 0.15. The current behavior is equivalent to passing `weights=VGG16_Weights.IMAGENET1K_V1`. You can also use `weights=VGG16_Weights.DEFAULT` to get the most up-to-date weights.
  warnings.warn(msg)
/home/yl3836/.conda/envs/mevent/lib/python3.9/site-packages/torchvision/models/_utils.py:208: UserWarning: The parameter 'pretrained' is deprecated since 0.13 and will be removed in 0.15, please use 'weights' instead.
  warnings.warn(
/home/yl3836/.conda/envs/mevent/lib/python3.9/site-packages/torchvision/models/_utils.py:223: UserWarning: Arguments other than a weight enum or `None` for 'weights' are deprecated since 0.13 and will be removed in 0.15. The current behavior is equivalent to passing `weights=VGG16_Weights.IMAGENET1K_V1`. You can also use `weights=VGG16_Weights.DEFAULT` to get the most up-to-date weights.
  warnings.warn(msg)
/home/yl3836/.conda/envs/mevent/lib/python3.9/site-packages/torchvision/models/_utils.py:208: UserWarning: The parameter 'pretrained' is deprecated since 0.13 and will be removed in 0.15, please use 'weights' instead.
  warnings.warn(
/home/yl3836/.conda/envs/mevent/lib/python3.9/site-packages/torchvision/models/_utils.py:223: UserWarning: Arguments other than a weight enum or `None` for 'weights' are deprecated since 0.13 and will be removed in 0.15. The current behavior is equivalent to passing `weights=VGG16_Weights.IMAGENET1K_V1`. You can also use `weights=VGG16_Weights.DEFAULT` to get the most up-to-date weights.
  warnings.warn(msg)
/home/yl3836/.conda/envs/mevent/lib/python3.9/site-packages/torchvision/models/_utils.py:208: UserWarning: The parameter 'pretrained' is deprecated since 0.13 and will be removed in 0.15, please use 'weights' instead.
  warnings.warn(
/home/yl3836/.conda/envs/mevent/lib/python3.9/site-packages/torchvision/models/_utils.py:223: UserWarning: Arguments other than a weight enum or `None` for 'weights' are deprecated since 0.13 and will be removed in 0.15. The current behavior is equivalent to passing `weights=VGG16_Weights.IMAGENET1K_V1`. You can also use `weights=VGG16_Weights.DEFAULT` to get the most up-to-date weights.
  warnings.warn(msg)
/home/yl3836/.conda/envs/mevent/lib/python3.9/site-packages/torchvision/models/_utils.py:208: UserWarning: The parameter 'pretrained' is deprecated since 0.13 and will be removed in 0.15, please use 'weights' instead.
  warnings.warn(
/home/yl3836/.conda/envs/mevent/lib/python3.9/site-packages/torchvision/models/_utils.py:223: UserWarning: Arguments other than a weight enum or `None` for 'weights' are deprecated since 0.13 and will be removed in 0.15. The current behavior is equivalent to passing `weights=VGG16_Weights.IMAGENET1K_V1`. You can also use `weights=VGG16_Weights.DEFAULT` to get the most up-to-date weights.
  warnings.warn(msg)
/home/yl3836/.conda/envs/mevent/lib/python3.9/site-packages/torchvision/models/_utils.py:208: UserWarning: The parameter 'pretrained' is deprecated since 0.13 and will be removed in 0.15, please use 'weights' instead.
  warnings.warn(
/home/yl3836/.conda/envs/mevent/lib/python3.9/site-packages/torchvision/models/_utils.py:223: UserWarning: Arguments other than a weight enum or `None` for 'weights' are deprecated since 0.13 and will be removed in 0.15. The current behavior is equivalent to passing `weights=VGG16_Weights.IMAGENET1K_V1`. You can also use `weights=VGG16_Weights.DEFAULT` to get the most up-to-date weights.
  warnings.warn(msg)
/home/yl3836/.conda/envs/mevent/lib/python3.9/site-packages/torchvision/models/_utils.py:208: UserWarning: The parameter 'pretrained' is deprecated since 0.13 and will be removed in 0.15, please use 'weights' instead.
  warnings.warn(
/home/yl3836/.conda/envs/mevent/lib/python3.9/site-packages/torchvision/models/_utils.py:223: UserWarning: Arguments other than a weight enum or `None` for 'weights' are deprecated since 0.13 and will be removed in 0.15. The current behavior is equivalent to passing `weights=VGG16_Weights.IMAGENET1K_V1`. You can also use `weights=VGG16_Weights.DEFAULT` to get the most up-to-date weights.
  warnings.warn(msg)
/home/yl3836/.conda/envs/mevent/lib/python3.9/site-packages/torchvision/models/_utils.py:208: UserWarning: The parameter 'pretrained' is deprecated since 0.13 and will be removed in 0.15, please use 'weights' instead.
  warnings.warn(
/home/yl3836/.conda/envs/mevent/lib/python3.9/site-packages/torchvision/models/_utils.py:223: UserWarning: Arguments other than a weight enum or `None` for 'weights' are deprecated since 0.13 and will be removed in 0.15. The current behavior is equivalent to passing `weights=VGG16_Weights.IMAGENET1K_V1`. You can also use `weights=VGG16_Weights.DEFAULT` to get the most up-to-date weights.
  warnings.warn(msg)
/home/yl3836/.conda/envs/mevent/lib/python3.9/site-packages/torchvision/models/_utils.py:208: UserWarning: The parameter 'pretrained' is deprecated since 0.13 and will be removed in 0.15, please use 'weights' instead.
  warnings.warn(
/home/yl3836/.conda/envs/mevent/lib/python3.9/site-packages/torchvision/models/_utils.py:223: UserWarning: Arguments other than a weight enum or `None` for 'weights' are deprecated since 0.13 and will be removed in 0.15. The current behavior is equivalent to passing `weights=VGG16_Weights.IMAGENET1K_V1`. You can also use `weights=VGG16_Weights.DEFAULT` to get the most up-to-date weights.
  warnings.warn(msg)
/home/yl3836/.conda/envs/mevent/lib/python3.9/site-packages/torchvision/models/_utils.py:208: UserWarning: The parameter 'pretrained' is deprecated since 0.13 and will be removed in 0.15, please use 'weights' instead.
  warnings.warn(
/home/yl3836/.conda/envs/mevent/lib/python3.9/site-packages/torchvision/models/_utils.py:223: UserWarning: Arguments other than a weight enum or `None` for 'weights' are deprecated since 0.13 and will be removed in 0.15. The current behavior is equivalent to passing `weights=VGG16_Weights.IMAGENET1K_V1`. You can also use `weights=VGG16_Weights.DEFAULT` to get the most up-to-date weights.
  warnings.warn(msg)
/home/yl3836/.conda/envs/mevent/lib/python3.9/site-packages/torchvision/models/_utils.py:208: UserWarning: The parameter 'pretrained' is deprecated since 0.13 and will be removed in 0.15, please use 'weights' instead.
  warnings.warn(
/home/yl3836/.conda/envs/mevent/lib/python3.9/site-packages/torchvision/models/_utils.py:223: UserWarning: Arguments other than a weight enum or `None` for 'weights' are deprecated since 0.13 and will be removed in 0.15. The current behavior is equivalent to passing `weights=VGG16_Weights.IMAGENET1K_V1`. You can also use `weights=VGG16_Weights.DEFAULT` to get the most up-to-date weights.
  warnings.warn(msg)
/home/yl3836/.conda/envs/mevent/lib/python3.9/site-packages/torchvision/models/_utils.py:208: UserWarning: The parameter 'pretrained' is deprecated since 0.13 and will be removed in 0.15, please use 'weights' instead.
  warnings.warn(
/home/yl3836/.conda/envs/mevent/lib/python3.9/site-packages/torchvision/models/_utils.py:223: UserWarning: Arguments other than a weight enum or `None` for 'weights' are deprecated since 0.13 and will be removed in 0.15. The current behavior is equivalent to passing `weights=VGG16_Weights.IMAGENET1K_V1`. You can also use `weights=VGG16_Weights.DEFAULT` to get the most up-to-date weights.
  warnings.warn(msg)
/home/yl3836/.conda/envs/mevent/lib/python3.9/site-packages/torchvision/models/_utils.py:208: UserWarning: The parameter 'pretrained' is deprecated since 0.13 and will be removed in 0.15, please use 'weights' instead.
  warnings.warn(
/home/yl3836/.conda/envs/mevent/lib/python3.9/site-packages/torchvision/models/_utils.py:223: UserWarning: Arguments other than a weight enum or `None` for 'weights' are deprecated since 0.13 and will be removed in 0.15. The current behavior is equivalent to passing `weights=VGG16_Weights.IMAGENET1K_V1`. You can also use `weights=VGG16_Weights.DEFAULT` to get the most up-to-date weights.
  warnings.warn(msg)
/home/yl3836/.conda/envs/mevent/lib/python3.9/site-packages/torchvision/models/_utils.py:208: UserWarning: The parameter 'pretrained' is deprecated since 0.13 and will be removed in 0.15, please use 'weights' instead.
  warnings.warn(
/home/yl3836/.conda/envs/mevent/lib/python3.9/site-packages/torchvision/models/_utils.py:223: UserWarning: Arguments other than a weight enum or `None` for 'weights' are deprecated since 0.13 and will be removed in 0.15. The current behavior is equivalent to passing `weights=VGG16_Weights.IMAGENET1K_V1`. You can also use `weights=VGG16_Weights.DEFAULT` to get the most up-to-date weights.
  warnings.warn(msg)
Train Epoch: 15 [0/2648 (0%)] loss: 0.0078 L_si: 0.0078 L_grad: 0.0000 
Train Epoch: 15 [16/2648 (1%)] loss: 0.0071 L_si: 0.0071 L_grad: 0.0000 
Train Epoch: 15 [32/2648 (1%)] loss: 0.0085 L_si: 0.0085 L_grad: 0.0000 
Train Epoch: 15 [48/2648 (2%)] loss: 0.0076 L_si: 0.0076 L_grad: 0.0000 
[W CudaIPCTypes.cpp:92] Producer process tried to deallocate over 1000 memory blocks referred by consumer processes. Deallocation might be significantly slowed down. We assume it will never going to be the case, but if it is, please file but to https://github.com/pytorch/pytorch
Train Epoch: 15 [64/2648 (2%)] loss: 0.0080 L_si: 0.0080 L_grad: 0.0000 
Train Epoch: 15 [80/2648 (3%)] loss: 0.0061 L_si: 0.0061 L_grad: 0.0000 
Train Epoch: 15 [96/2648 (4%)] loss: 0.0068 L_si: 0.0068 L_grad: 0.0000 
Train Epoch: 15 [112/2648 (4%)] loss: 0.0079 L_si: 0.0079 L_grad: 0.0000 
Train Epoch: 15 [128/2648 (5%)] loss: 0.0073 L_si: 0.0073 L_grad: 0.0000 
Train Epoch: 15 [144/2648 (5%)] loss: 0.0052 L_si: 0.0052 L_grad: 0.0000 
Train Epoch: 15 [160/2648 (6%)] loss: 0.0064 L_si: 0.0064 L_grad: 0.0000 
Train Epoch: 15 [176/2648 (7%)] loss: 0.0074 L_si: 0.0074 L_grad: 0.0000 
Train Epoch: 15 [192/2648 (7%)] loss: 0.0061 L_si: 0.0061 L_grad: 0.0000 
Train Epoch: 15 [208/2648 (8%)] loss: 0.0056 L_si: 0.0056 L_grad: 0.0000 
Train Epoch: 15 [224/2648 (8%)] loss: 0.0080 L_si: 0.0080 L_grad: 0.0000 
Train Epoch: 15 [240/2648 (9%)] loss: 0.0076 L_si: 0.0076 L_grad: 0.0000 
Train Epoch: 15 [256/2648 (10%)] loss: 0.0058 L_si: 0.0058 L_grad: 0.0000 
Train Epoch: 15 [272/2648 (10%)] loss: 0.0074 L_si: 0.0074 L_grad: 0.0000 
Train Epoch: 15 [288/2648 (11%)] loss: 0.0074 L_si: 0.0074 L_grad: 0.0000 
Train Epoch: 15 [304/2648 (11%)] loss: 0.0060 L_si: 0.0060 L_grad: 0.0000 
Train Epoch: 15 [320/2648 (12%)] loss: 0.0071 L_si: 0.0071 L_grad: 0.0000 
Train Epoch: 15 [336/2648 (13%)] loss: 0.0065 L_si: 0.0065 L_grad: 0.0000 
Train Epoch: 15 [352/2648 (13%)] loss: 0.0077 L_si: 0.0077 L_grad: 0.0000 
Train Epoch: 15 [368/2648 (14%)] loss: 0.0060 L_si: 0.0060 L_grad: 0.0000 
Train Epoch: 15 [384/2648 (15%)] loss: 0.0076 L_si: 0.0076 L_grad: 0.0000 
Train Epoch: 15 [400/2648 (15%)] loss: 0.0058 L_si: 0.0058 L_grad: 0.0000 
Train Epoch: 15 [416/2648 (16%)] loss: 0.0078 L_si: 0.0078 L_grad: 0.0000 
Train Epoch: 15 [432/2648 (16%)] loss: 0.0074 L_si: 0.0074 L_grad: 0.0000 
Train Epoch: 15 [448/2648 (17%)] loss: 0.0059 L_si: 0.0059 L_grad: 0.0000 
Train Epoch: 15 [464/2648 (18%)] loss: 0.0080 L_si: 0.0080 L_grad: 0.0000 
Train Epoch: 15 [480/2648 (18%)] loss: 0.0064 L_si: 0.0064 L_grad: 0.0000 
Train Epoch: 15 [496/2648 (19%)] loss: 0.0068 L_si: 0.0068 L_grad: 0.0000 
Train Epoch: 15 [512/2648 (19%)] loss: 0.0060 L_si: 0.0060 L_grad: 0.0000 
Train Epoch: 15 [528/2648 (20%)] loss: 0.0080 L_si: 0.0080 L_grad: 0.0000 
Train Epoch: 15 [544/2648 (21%)] loss: 0.0064 L_si: 0.0064 L_grad: 0.0000 
Train Epoch: 15 [560/2648 (21%)] loss: 0.0081 L_si: 0.0081 L_grad: 0.0000 
Train Epoch: 15 [576/2648 (22%)] loss: 0.0059 L_si: 0.0059 L_grad: 0.0000 
Train Epoch: 15 [592/2648 (22%)] loss: 0.0066 L_si: 0.0066 L_grad: 0.0000 
Train Epoch: 15 [608/2648 (23%)] loss: 0.0069 L_si: 0.0069 L_grad: 0.0000 
Train Epoch: 15 [624/2648 (24%)] loss: 0.0072 L_si: 0.0072 L_grad: 0.0000 
Train Epoch: 15 [640/2648 (24%)] loss: 0.0068 L_si: 0.0068 L_grad: 0.0000 
Train Epoch: 15 [656/2648 (25%)] loss: 0.0075 L_si: 0.0075 L_grad: 0.0000 
Train Epoch: 15 [672/2648 (25%)] loss: 0.0080 L_si: 0.0080 L_grad: 0.0000 
Train Epoch: 15 [688/2648 (26%)] loss: 0.0087 L_si: 0.0087 L_grad: 0.0000 
Train Epoch: 15 [704/2648 (27%)] loss: 0.0068 L_si: 0.0068 L_grad: 0.0000 
Train Epoch: 15 [720/2648 (27%)] loss: 0.0067 L_si: 0.0067 L_grad: 0.0000 
Train Epoch: 15 [736/2648 (28%)] loss: 0.0077 L_si: 0.0077 L_grad: 0.0000 
Train Epoch: 15 [752/2648 (28%)] loss: 0.0063 L_si: 0.0063 L_grad: 0.0000 
Train Epoch: 15 [768/2648 (29%)] loss: 0.0068 L_si: 0.0068 L_grad: 0.0000 
Train Epoch: 15 [784/2648 (30%)] loss: 0.0065 L_si: 0.0065 L_grad: 0.0000 
Train Epoch: 15 [800/2648 (30%)] loss: 0.0074 L_si: 0.0074 L_grad: 0.0000 
Train Epoch: 15 [816/2648 (31%)] loss: 0.0069 L_si: 0.0069 L_grad: 0.0000 
Train Epoch: 15 [832/2648 (31%)] loss: 0.0087 L_si: 0.0087 L_grad: 0.0000 
Train Epoch: 15 [848/2648 (32%)] loss: 0.0080 L_si: 0.0080 L_grad: 0.0000 
Train Epoch: 15 [864/2648 (33%)] loss: 0.0078 L_si: 0.0078 L_grad: 0.0000 
Train Epoch: 15 [880/2648 (33%)] loss: 0.0058 L_si: 0.0058 L_grad: 0.0000 
Train Epoch: 15 [896/2648 (34%)] loss: 0.0067 L_si: 0.0067 L_grad: 0.0000 
Train Epoch: 15 [912/2648 (34%)] loss: 0.0075 L_si: 0.0075 L_grad: 0.0000 
Train Epoch: 15 [928/2648 (35%)] loss: 0.0076 L_si: 0.0076 L_grad: 0.0000 
Train Epoch: 15 [944/2648 (36%)] loss: 0.0073 L_si: 0.0073 L_grad: 0.0000 
Train Epoch: 15 [960/2648 (36%)] loss: 0.0062 L_si: 0.0062 L_grad: 0.0000 
Train Epoch: 15 [976/2648 (37%)] loss: 0.0063 L_si: 0.0063 L_grad: 0.0000 
Train Epoch: 15 [992/2648 (37%)] loss: 0.0082 L_si: 0.0082 L_grad: 0.0000 
Train Epoch: 15 [1008/2648 (38%)] loss: 0.0076 L_si: 0.0076 L_grad: 0.0000 
Train Epoch: 15 [1024/2648 (39%)] loss: 0.0080 L_si: 0.0080 L_grad: 0.0000 
Train Epoch: 15 [1040/2648 (39%)] loss: 0.0071 L_si: 0.0071 L_grad: 0.0000 
Train Epoch: 15 [1056/2648 (40%)] loss: 0.0076 L_si: 0.0076 L_grad: 0.0000 
Train Epoch: 15 [1072/2648 (40%)] loss: 0.0080 L_si: 0.0080 L_grad: 0.0000 
Train Epoch: 15 [1088/2648 (41%)] loss: 0.0060 L_si: 0.0060 L_grad: 0.0000 
Train Epoch: 15 [1104/2648 (42%)] loss: 0.0075 L_si: 0.0075 L_grad: 0.0000 
Train Epoch: 15 [1120/2648 (42%)] loss: 0.0080 L_si: 0.0080 L_grad: 0.0000 
Train Epoch: 15 [1136/2648 (43%)] loss: 0.0084 L_si: 0.0084 L_grad: 0.0000 
Train Epoch: 15 [1152/2648 (44%)] loss: 0.0057 L_si: 0.0057 L_grad: 0.0000 
Train Epoch: 15 [1168/2648 (44%)] loss: 0.0085 L_si: 0.0085 L_grad: 0.0000 
Train Epoch: 15 [1184/2648 (45%)] loss: 0.0060 L_si: 0.0060 L_grad: 0.0000 
Train Epoch: 15 [1200/2648 (45%)] loss: 0.0075 L_si: 0.0075 L_grad: 0.0000 
Train Epoch: 15 [1216/2648 (46%)] loss: 0.0080 L_si: 0.0080 L_grad: 0.0000 
Train Epoch: 15 [1232/2648 (47%)] loss: 0.0071 L_si: 0.0071 L_grad: 0.0000 
Train Epoch: 15 [1248/2648 (47%)] loss: 0.0076 L_si: 0.0076 L_grad: 0.0000 
Train Epoch: 15 [1264/2648 (48%)] loss: 0.0069 L_si: 0.0069 L_grad: 0.0000 
Train Epoch: 15 [1280/2648 (48%)] loss: 0.0079 L_si: 0.0079 L_grad: 0.0000 
Train Epoch: 15 [1296/2648 (49%)] loss: 0.0069 L_si: 0.0069 L_grad: 0.0000 
Train Epoch: 15 [1312/2648 (50%)] loss: 0.0070 L_si: 0.0070 L_grad: 0.0000 
Train Epoch: 15 [1328/2648 (50%)] loss: 0.0072 L_si: 0.0072 L_grad: 0.0000 
Train Epoch: 15 [1344/2648 (51%)] loss: 0.0075 L_si: 0.0075 L_grad: 0.0000 
Train Epoch: 15 [1360/2648 (51%)] loss: 0.0082 L_si: 0.0082 L_grad: 0.0000 
Train Epoch: 15 [1376/2648 (52%)] loss: 0.0079 L_si: 0.0079 L_grad: 0.0000 
Train Epoch: 15 [1392/2648 (53%)] loss: 0.0074 L_si: 0.0074 L_grad: 0.0000 
Train Epoch: 15 [1408/2648 (53%)] loss: 0.0077 L_si: 0.0077 L_grad: 0.0000 
Train Epoch: 15 [1424/2648 (54%)] loss: 0.0070 L_si: 0.0070 L_grad: 0.0000 
Train Epoch: 15 [1440/2648 (54%)] loss: 0.0069 L_si: 0.0069 L_grad: 0.0000 
Train Epoch: 15 [1456/2648 (55%)] loss: 0.0069 L_si: 0.0069 L_grad: 0.0000 
Train Epoch: 15 [1472/2648 (56%)] loss: 0.0079 L_si: 0.0079 L_grad: 0.0000 
Train Epoch: 15 [1488/2648 (56%)] loss: 0.0069 L_si: 0.0069 L_grad: 0.0000 
Train Epoch: 15 [1504/2648 (57%)] loss: 0.0081 L_si: 0.0081 L_grad: 0.0000 
Train Epoch: 15 [1520/2648 (57%)] loss: 0.0079 L_si: 0.0079 L_grad: 0.0000 
Train Epoch: 15 [1536/2648 (58%)] loss: 0.0076 L_si: 0.0076 L_grad: 0.0000 
Train Epoch: 15 [1552/2648 (59%)] loss: 0.0063 L_si: 0.0063 L_grad: 0.0000 
Train Epoch: 15 [1568/2648 (59%)] loss: 0.0075 L_si: 0.0075 L_grad: 0.0000 
Train Epoch: 15 [1584/2648 (60%)] loss: 0.0069 L_si: 0.0069 L_grad: 0.0000 
Train Epoch: 15 [1600/2648 (60%)] loss: 0.0071 L_si: 0.0071 L_grad: 0.0000 
Train Epoch: 15 [1616/2648 (61%)] loss: 0.0066 L_si: 0.0066 L_grad: 0.0000 
Train Epoch: 15 [1632/2648 (62%)] loss: 0.0070 L_si: 0.0070 L_grad: 0.0000 
Train Epoch: 15 [1648/2648 (62%)] loss: 0.0074 L_si: 0.0074 L_grad: 0.0000 
Train Epoch: 15 [1664/2648 (63%)] loss: 0.0065 L_si: 0.0065 L_grad: 0.0000 
Train Epoch: 15 [1680/2648 (63%)] loss: 0.0073 L_si: 0.0073 L_grad: 0.0000 
Train Epoch: 15 [1696/2648 (64%)] loss: 0.0075 L_si: 0.0075 L_grad: 0.0000 
Train Epoch: 15 [1712/2648 (65%)] loss: 0.0068 L_si: 0.0068 L_grad: 0.0000 
Train Epoch: 15 [1728/2648 (65%)] loss: 0.0077 L_si: 0.0077 L_grad: 0.0000 
Train Epoch: 15 [1744/2648 (66%)] loss: 0.0074 L_si: 0.0074 L_grad: 0.0000 
Train Epoch: 15 [1760/2648 (66%)] loss: 0.0070 L_si: 0.0070 L_grad: 0.0000 
Train Epoch: 15 [1776/2648 (67%)] loss: 0.0074 L_si: 0.0074 L_grad: 0.0000 
Train Epoch: 15 [1792/2648 (68%)] loss: 0.0077 L_si: 0.0077 L_grad: 0.0000 
Train Epoch: 15 [1808/2648 (68%)] loss: 0.0068 L_si: 0.0068 L_grad: 0.0000 
Train Epoch: 15 [1824/2648 (69%)] loss: 0.0079 L_si: 0.0079 L_grad: 0.0000 
Train Epoch: 15 [1840/2648 (69%)] loss: 0.0071 L_si: 0.0071 L_grad: 0.0000 
Train Epoch: 15 [1856/2648 (70%)] loss: 0.0076 L_si: 0.0076 L_grad: 0.0000 
Train Epoch: 15 [1872/2648 (71%)] loss: 0.0056 L_si: 0.0056 L_grad: 0.0000 
Train Epoch: 15 [1888/2648 (71%)] loss: 0.0080 L_si: 0.0080 L_grad: 0.0000 
Train Epoch: 15 [1904/2648 (72%)] loss: 0.0077 L_si: 0.0077 L_grad: 0.0000 
Train Epoch: 15 [1920/2648 (73%)] loss: 0.0080 L_si: 0.0080 L_grad: 0.0000 
Train Epoch: 15 [1936/2648 (73%)] loss: 0.0069 L_si: 0.0069 L_grad: 0.0000 
Train Epoch: 15 [1952/2648 (74%)] loss: 0.0074 L_si: 0.0074 L_grad: 0.0000 
Train Epoch: 15 [1968/2648 (74%)] loss: 0.0080 L_si: 0.0080 L_grad: 0.0000 
Train Epoch: 15 [1984/2648 (75%)] loss: 0.0067 L_si: 0.0067 L_grad: 0.0000 
Train Epoch: 15 [2000/2648 (76%)] loss: 0.0068 L_si: 0.0068 L_grad: 0.0000 
Train Epoch: 15 [2016/2648 (76%)] loss: 0.0085 L_si: 0.0085 L_grad: 0.0000 
Train Epoch: 15 [2032/2648 (77%)] loss: 0.0074 L_si: 0.0074 L_grad: 0.0000 
Train Epoch: 15 [2048/2648 (77%)] loss: 0.0060 L_si: 0.0060 L_grad: 0.0000 
Train Epoch: 15 [2064/2648 (78%)] loss: 0.0075 L_si: 0.0075 L_grad: 0.0000 
Train Epoch: 15 [2080/2648 (79%)] loss: 0.0064 L_si: 0.0064 L_grad: 0.0000 
Train Epoch: 15 [2096/2648 (79%)] loss: 0.0074 L_si: 0.0074 L_grad: 0.0000 
Train Epoch: 15 [2112/2648 (80%)] loss: 0.0071 L_si: 0.0071 L_grad: 0.0000 
Train Epoch: 15 [2128/2648 (80%)] loss: 0.0076 L_si: 0.0076 L_grad: 0.0000 
Train Epoch: 15 [2144/2648 (81%)] loss: 0.0065 L_si: 0.0065 L_grad: 0.0000 
[W CudaIPCTypes.cpp:92] Producer process tried to deallocate over 1000 memory blocks referred by consumer processes. Deallocation might be significantly slowed down. We assume it will never going to be the case, but if it is, please file but to https://github.com/pytorch/pytorch
Train Epoch: 15 [2160/2648 (82%)] loss: 0.0066 L_si: 0.0066 L_grad: 0.0000 
Train Epoch: 15 [2176/2648 (82%)] loss: 0.0075 L_si: 0.0075 L_grad: 0.0000 
Train Epoch: 15 [2192/2648 (83%)] loss: 0.0075 L_si: 0.0075 L_grad: 0.0000 
Train Epoch: 15 [2208/2648 (83%)] loss: 0.0075 L_si: 0.0075 L_grad: 0.0000 
Train Epoch: 15 [2224/2648 (84%)] loss: 0.0066 L_si: 0.0066 L_grad: 0.0000 
Train Epoch: 15 [2240/2648 (85%)] loss: 0.0071 L_si: 0.0071 L_grad: 0.0000 
Train Epoch: 15 [2256/2648 (85%)] loss: 0.0060 L_si: 0.0060 L_grad: 0.0000 
Train Epoch: 15 [2272/2648 (86%)] loss: 0.0082 L_si: 0.0082 L_grad: 0.0000 
Train Epoch: 15 [2288/2648 (86%)] loss: 0.0071 L_si: 0.0071 L_grad: 0.0000 
Train Epoch: 15 [2304/2648 (87%)] loss: 0.0074 L_si: 0.0074 L_grad: 0.0000 
Train Epoch: 15 [2320/2648 (88%)] loss: 0.0062 L_si: 0.0062 L_grad: 0.0000 
Train Epoch: 15 [2336/2648 (88%)] loss: 0.0076 L_si: 0.0076 L_grad: 0.0000 
Train Epoch: 15 [2352/2648 (89%)] loss: 0.0064 L_si: 0.0064 L_grad: 0.0000 
Train Epoch: 15 [2368/2648 (89%)] loss: 0.0068 L_si: 0.0068 L_grad: 0.0000 
Train Epoch: 15 [2384/2648 (90%)] loss: 0.0069 L_si: 0.0069 L_grad: 0.0000 
Train Epoch: 15 [2400/2648 (91%)] loss: 0.0053 L_si: 0.0053 L_grad: 0.0000 
Train Epoch: 15 [2416/2648 (91%)] loss: 0.0063 L_si: 0.0063 L_grad: 0.0000 
Train Epoch: 15 [2432/2648 (92%)] loss: 0.0069 L_si: 0.0069 L_grad: 0.0000 
Train Epoch: 15 [2448/2648 (92%)] loss: 0.0076 L_si: 0.0076 L_grad: 0.0000 
Train Epoch: 15 [2464/2648 (93%)] loss: 0.0071 L_si: 0.0071 L_grad: 0.0000 
Train Epoch: 15 [2480/2648 (94%)] loss: 0.0068 L_si: 0.0068 L_grad: 0.0000 
Train Epoch: 15 [2496/2648 (94%)] loss: 0.0080 L_si: 0.0080 L_grad: 0.0000 
Train Epoch: 15 [2512/2648 (95%)] loss: 0.0075 L_si: 0.0075 L_grad: 0.0000 
Train Epoch: 15 [2528/2648 (95%)] loss: 0.0051 L_si: 0.0051 L_grad: 0.0000 
Train Epoch: 15 [2544/2648 (96%)] loss: 0.0072 L_si: 0.0072 L_grad: 0.0000 
Train Epoch: 15 [2560/2648 (97%)] loss: 0.0069 L_si: 0.0069 L_grad: 0.0000 
Train Epoch: 15 [2576/2648 (97%)] loss: 0.0079 L_si: 0.0079 L_grad: 0.0000 
Train Epoch: 15 [2592/2648 (98%)] loss: 0.0058 L_si: 0.0058 L_grad: 0.0000 
Train Epoch: 15 [2608/2648 (98%)] loss: 0.0063 L_si: 0.0063 L_grad: 0.0000 
Train Epoch: 15 [2624/2648 (99%)] loss: 0.0070 L_si: 0.0070 L_grad: 0.0000 
Train Epoch: 15 [2640/2648 (100%)] loss: 0.0080 L_si: 0.0080 L_grad: 0.0000 
[W CudaIPCTypes.cpp:15] Producer process has been terminated before all shared CUDA tensors released. See Note [Sharing CUDA tensors]
/home/yl3836/.conda/envs/mevent/lib/python3.9/site-packages/torchvision/models/_utils.py:208: UserWarning: The parameter 'pretrained' is deprecated since 0.13 and will be removed in 0.15, please use 'weights' instead.
  warnings.warn(
/home/yl3836/.conda/envs/mevent/lib/python3.9/site-packages/torchvision/models/_utils.py:223: UserWarning: Arguments other than a weight enum or `None` for 'weights' are deprecated since 0.13 and will be removed in 0.15. The current behavior is equivalent to passing `weights=VGG16_Weights.IMAGENET1K_V1`. You can also use `weights=VGG16_Weights.DEFAULT` to get the most up-to-date weights.
  warnings.warn(msg)
/home/yl3836/.conda/envs/mevent/lib/python3.9/site-packages/torchvision/models/_utils.py:208: UserWarning: The parameter 'pretrained' is deprecated since 0.13 and will be removed in 0.15, please use 'weights' instead.
  warnings.warn(
/home/yl3836/.conda/envs/mevent/lib/python3.9/site-packages/torchvision/models/_utils.py:223: UserWarning: Arguments other than a weight enum or `None` for 'weights' are deprecated since 0.13 and will be removed in 0.15. The current behavior is equivalent to passing `weights=VGG16_Weights.IMAGENET1K_V1`. You can also use `weights=VGG16_Weights.DEFAULT` to get the most up-to-date weights.
  warnings.warn(msg)
/home/yl3836/.conda/envs/mevent/lib/python3.9/site-packages/torchvision/models/_utils.py:208: UserWarning: The parameter 'pretrained' is deprecated since 0.13 and will be removed in 0.15, please use 'weights' instead.
  warnings.warn(
/home/yl3836/.conda/envs/mevent/lib/python3.9/site-packages/torchvision/models/_utils.py:223: UserWarning: Arguments other than a weight enum or `None` for 'weights' are deprecated since 0.13 and will be removed in 0.15. The current behavior is equivalent to passing `weights=VGG16_Weights.IMAGENET1K_V1`. You can also use `weights=VGG16_Weights.DEFAULT` to get the most up-to-date weights.
  warnings.warn(msg)
/home/yl3836/.conda/envs/mevent/lib/python3.9/site-packages/torchvision/models/_utils.py:208: UserWarning: The parameter 'pretrained' is deprecated since 0.13 and will be removed in 0.15, please use 'weights' instead.
  warnings.warn(
/home/yl3836/.conda/envs/mevent/lib/python3.9/site-packages/torchvision/models/_utils.py:223: UserWarning: Arguments other than a weight enum or `None` for 'weights' are deprecated since 0.13 and will be removed in 0.15. The current behavior is equivalent to passing `weights=VGG16_Weights.IMAGENET1K_V1`. You can also use `weights=VGG16_Weights.DEFAULT` to get the most up-to-date weights.
  warnings.warn(msg)
/home/yl3836/.conda/envs/mevent/lib/python3.9/site-packages/torchvision/models/_utils.py:208: UserWarning: The parameter 'pretrained' is deprecated since 0.13 and will be removed in 0.15, please use 'weights' instead.
  warnings.warn(
/home/yl3836/.conda/envs/mevent/lib/python3.9/site-packages/torchvision/models/_utils.py:223: UserWarning: Arguments other than a weight enum or `None` for 'weights' are deprecated since 0.13 and will be removed in 0.15. The current behavior is equivalent to passing `weights=VGG16_Weights.IMAGENET1K_V1`. You can also use `weights=VGG16_Weights.DEFAULT` to get the most up-to-date weights.
  warnings.warn(msg)
/home/yl3836/.conda/envs/mevent/lib/python3.9/site-packages/torchvision/models/_utils.py:208: UserWarning: The parameter 'pretrained' is deprecated since 0.13 and will be removed in 0.15, please use 'weights' instead.
  warnings.warn(
/home/yl3836/.conda/envs/mevent/lib/python3.9/site-packages/torchvision/models/_utils.py:223: UserWarning: Arguments other than a weight enum or `None` for 'weights' are deprecated since 0.13 and will be removed in 0.15. The current behavior is equivalent to passing `weights=VGG16_Weights.IMAGENET1K_V1`. You can also use `weights=VGG16_Weights.DEFAULT` to get the most up-to-date weights.
  warnings.warn(msg)
/home/yl3836/.conda/envs/mevent/lib/python3.9/site-packages/torchvision/models/_utils.py:208: UserWarning: The parameter 'pretrained' is deprecated since 0.13 and will be removed in 0.15, please use 'weights' instead.
  warnings.warn(
/home/yl3836/.conda/envs/mevent/lib/python3.9/site-packages/torchvision/models/_utils.py:223: UserWarning: Arguments other than a weight enum or `None` for 'weights' are deprecated since 0.13 and will be removed in 0.15. The current behavior is equivalent to passing `weights=VGG16_Weights.IMAGENET1K_V1`. You can also use `weights=VGG16_Weights.DEFAULT` to get the most up-to-date weights.
  warnings.warn(msg)
/home/yl3836/.conda/envs/mevent/lib/python3.9/site-packages/torchvision/models/_utils.py:208: UserWarning: The parameter 'pretrained' is deprecated since 0.13 and will be removed in 0.15, please use 'weights' instead.
  warnings.warn(
/home/yl3836/.conda/envs/mevent/lib/python3.9/site-packages/torchvision/models/_utils.py:223: UserWarning: Arguments other than a weight enum or `None` for 'weights' are deprecated since 0.13 and will be removed in 0.15. The current behavior is equivalent to passing `weights=VGG16_Weights.IMAGENET1K_V1`. You can also use `weights=VGG16_Weights.DEFAULT` to get the most up-to-date weights.
  warnings.warn(msg)
/home/yl3836/.conda/envs/mevent/lib/python3.9/site-packages/torchvision/models/_utils.py:208: UserWarning: The parameter 'pretrained' is deprecated since 0.13 and will be removed in 0.15, please use 'weights' instead.
  warnings.warn(
/home/yl3836/.conda/envs/mevent/lib/python3.9/site-packages/torchvision/models/_utils.py:223: UserWarning: Arguments other than a weight enum or `None` for 'weights' are deprecated since 0.13 and will be removed in 0.15. The current behavior is equivalent to passing `weights=VGG16_Weights.IMAGENET1K_V1`. You can also use `weights=VGG16_Weights.DEFAULT` to get the most up-to-date weights.
  warnings.warn(msg)
/home/yl3836/.conda/envs/mevent/lib/python3.9/site-packages/torchvision/models/_utils.py:208: UserWarning: The parameter 'pretrained' is deprecated since 0.13 and will be removed in 0.15, please use 'weights' instead.
  warnings.warn(
/home/yl3836/.conda/envs/mevent/lib/python3.9/site-packages/torchvision/models/_utils.py:223: UserWarning: Arguments other than a weight enum or `None` for 'weights' are deprecated since 0.13 and will be removed in 0.15. The current behavior is equivalent to passing `weights=VGG16_Weights.IMAGENET1K_V1`. You can also use `weights=VGG16_Weights.DEFAULT` to get the most up-to-date weights.
  warnings.warn(msg)
/home/yl3836/.conda/envs/mevent/lib/python3.9/site-packages/torchvision/models/_utils.py:208: UserWarning: The parameter 'pretrained' is deprecated since 0.13 and will be removed in 0.15, please use 'weights' instead.
  warnings.warn(
/home/yl3836/.conda/envs/mevent/lib/python3.9/site-packages/torchvision/models/_utils.py:223: UserWarning: Arguments other than a weight enum or `None` for 'weights' are deprecated since 0.13 and will be removed in 0.15. The current behavior is equivalent to passing `weights=VGG16_Weights.IMAGENET1K_V1`. You can also use `weights=VGG16_Weights.DEFAULT` to get the most up-to-date weights.
  warnings.warn(msg)
/home/yl3836/.conda/envs/mevent/lib/python3.9/site-packages/torchvision/models/_utils.py:208: UserWarning: The parameter 'pretrained' is deprecated since 0.13 and will be removed in 0.15, please use 'weights' instead.
  warnings.warn(
/home/yl3836/.conda/envs/mevent/lib/python3.9/site-packages/torchvision/models/_utils.py:223: UserWarning: Arguments other than a weight enum or `None` for 'weights' are deprecated since 0.13 and will be removed in 0.15. The current behavior is equivalent to passing `weights=VGG16_Weights.IMAGENET1K_V1`. You can also use `weights=VGG16_Weights.DEFAULT` to get the most up-to-date weights.
  warnings.warn(msg)
/home/yl3836/.conda/envs/mevent/lib/python3.9/site-packages/torchvision/models/_utils.py:208: UserWarning: The parameter 'pretrained' is deprecated since 0.13 and will be removed in 0.15, please use 'weights' instead.
  warnings.warn(
/home/yl3836/.conda/envs/mevent/lib/python3.9/site-packages/torchvision/models/_utils.py:223: UserWarning: Arguments other than a weight enum or `None` for 'weights' are deprecated since 0.13 and will be removed in 0.15. The current behavior is equivalent to passing `weights=VGG16_Weights.IMAGENET1K_V1`. You can also use `weights=VGG16_Weights.DEFAULT` to get the most up-to-date weights.
  warnings.warn(msg)
/home/yl3836/.conda/envs/mevent/lib/python3.9/site-packages/torchvision/models/_utils.py:208: UserWarning: The parameter 'pretrained' is deprecated since 0.13 and will be removed in 0.15, please use 'weights' instead.
  warnings.warn(
/home/yl3836/.conda/envs/mevent/lib/python3.9/site-packages/torchvision/models/_utils.py:223: UserWarning: Arguments other than a weight enum or `None` for 'weights' are deprecated since 0.13 and will be removed in 0.15. The current behavior is equivalent to passing `weights=VGG16_Weights.IMAGENET1K_V1`. You can also use `weights=VGG16_Weights.DEFAULT` to get the most up-to-date weights.
  warnings.warn(msg)
Validation: [0/888 (0%)]
Validation: [16/888 (2%)]
Validation: [32/888 (4%)]
Validation: [48/888 (5%)]
Validation: [64/888 (7%)]
Validation: [80/888 (9%)]
Validation: [96/888 (11%)]
Validation: [112/888 (13%)]
Validation: [128/888 (14%)]
Validation: [144/888 (16%)]
Validation: [160/888 (18%)]
